ISO-10303-21;
HEADER;
FILE_DESCRIPTION(('STEP AP242'),'1');
FILE_NAME('0473460001.stp','2024-04-23T20:43:09',('TraceParts'),('TraceParts S.A.'),'Spatial InterOp 3D',' ',' ');
FILE_SCHEMA(('AP242_MANAGED_MODEL_BASED_3D_ENGINEERING_MIM_LF  {1 0 10303 442 1 1 4}'));
ENDSEC;
DATA;
#1=PRODUCT_DEFINITION_CONTEXT('',#10,'design');
#2=APPLICATION_PROTOCOL_DEFINITION('INTERNATIONAL STANDARD','ap242_managed_model_based_3d_engineering',2014,#10);
#3=PRODUCT_CATEGORY_RELATIONSHIP('NONE','NONE',#11,#12);
#4=SHAPE_DEFINITION_REPRESENTATION(#13,#14);
#5=SHAPE_DEFINITION_REPRESENTATION(#13,#15);
#6= (GEOMETRIC_REPRESENTATION_CONTEXT(3)GLOBAL_UNCERTAINTY_ASSIGNED_CONTEXT((#18))GLOBAL_UNIT_ASSIGNED_CONTEXT((#20,#21,#22))REPRESENTATION_CONTEXT('NONE','WORKSPACE'));
#10=APPLICATION_CONTEXT('managed model based 3d engineering');
#11=PRODUCT_CATEGORY('part','NONE');
#12=PRODUCT_RELATED_PRODUCT_CATEGORY('detail',' ',(#24));
#13=PRODUCT_DEFINITION_SHAPE('NONE','NONE',#25);
#14=ADVANCED_BREP_SHAPE_REPRESENTATION('0473460001_1',(#26,#27),#6);
#15=GEOMETRICALLY_BOUNDED_SURFACE_SHAPE_REPRESENTATION('1',(#28,#29),#6);
#18=UNCERTAINTY_MEASURE_WITH_UNIT(LENGTH_MEASURE(1.0E-06),#20,'','');
#20= (CONVERSION_BASED_UNIT('MILLIMETRE',#32)LENGTH_UNIT()NAMED_UNIT(#35));
#21= (NAMED_UNIT(#37)PLANE_ANGLE_UNIT()SI_UNIT($,.RADIAN.));
#22= (NAMED_UNIT(#37)SOLID_ANGLE_UNIT()SI_UNIT($,.STERADIAN.));
#24=PRODUCT('0473460001_1','0473460001_1','PART-0473460001_1-DESC',(#43));
#25=PRODUCT_DEFINITION('','NONE',#44,#1);
#26=MANIFOLD_SOLID_BREP('0473460001_1',#45);
#27=AXIS2_PLACEMENT_3D('',#46,#47,#48);
#28=GEOMETRIC_SET('1',(#49,#50,#51,#52,#53,#54,#55,#56,#57,#58,#59,#60,#61,#62,#63,#64,#65,#66,#67,#68,#69,#70,#71,#72,#73,#74,#75,#76,#77,#78,#79,#80,#81,#82,#83,#84,#85,#86,#87,#88,#89,#90,#91,#92));
#29=AXIS2_PLACEMENT_3D('',#93,#94,#95);
#32=LENGTH_MEASURE_WITH_UNIT(LENGTH_MEASURE(1.0),#96);
#35=DIMENSIONAL_EXPONENTS(1.0,0.0,0.0,0.0,0.0,0.0,0.0);
#37=DIMENSIONAL_EXPONENTS(0.0,0.0,0.0,0.0,0.0,0.0,0.0);
#43=PRODUCT_CONTEXT('',#10,'mechanical');
#44=PRODUCT_DEFINITION_FORMATION_WITH_SPECIFIED_SOURCE(' ','NONE',#24,.NOT_KNOWN.);
#45=CLOSED_SHELL('',(#97,#98,#99,#100,#101,#102,#103,#104,#105,#106,#107,#108,#109,#110,#111,#112,#113,#114,#115,#116,#117,#118,#119,#120,#121,#122,#123,#124,#125,#126,#127,#128,#129,#130,#131,#132,#133,#134,#135,#136,#137,#138,#139,#140,#141,#142,#143,#144,#145,#146,#147,#148,#149,#150,#151,#152,#153,#154,#155,#156,#157,#158,#159,#160,#161,#162,#163,#164,#165,#166,#167,#168,#169,#170,#171,#172,#173,#174,#175,#176,#177,#178,#179,#180,#181,#182,#183,#184,#185,#186,#187,#188,#189,#190,#191,#192,#193,#194,#195,#196,#197,#198,#199,#200,#201,#202,#203,#204,#205,#206,#207,#208,#209,#210,#211,#212,#213,#214,#215,#216,#217,#218,#219,#220,#221,#222,#223,#224,#225,#226,#227,#228,#229,#230,#231,#232,#233,#234,#235,#236,#237,#238,#239,#240,#241,#242,#243,#244,#245,#246,#247,#248,#249,#250,#251,#252,#253,#254,#255,#256,#257,#258,#259,#260,#261,#262,#263,#264,#265,#266,#267,#268,#269,#270,#271,#272,#273,#274,#275,#276,#277,#278,#279,#280,#281,#282,#283,#284,#285,#286,#287,#288,#289,#290,#291,#292,#293,#294,#295,#296,#297,#298,#299,#300,#301,#302,#303,#304,#305,#306,#307,#308,#309,#310,#311,#312,#313,#314,#315,#316,#317,#318,#319,#320,#321,#322,#323,#324,#325,#326,#327,#328,#329,#330,#331,#332,#333,#334,#335,#336,#337,#338,#339,#340,#341,#342,#343,#344,#345,#346,#347,#348,#349,#350,#351,#352,#353,#354,#355,#356,#357,#358,#359,#360,#361,#362,#363,#364,#365,#366,#367,#368,#369,#370,#371,#372,#373,#374,#375,#376,#377,#378,#379,#380,#381,#382,#383,#384,#385,#386,#387,#388,#389,#390,#391,#392,#393,#394,#395,#396,#397,#398,#399,#400,#401,#402,#403,#404,#405,#406,#407,#408,#409,#410,#411,#412,#413,#414,#415,#416,#417,#418,#419,#420,#421,#422,#423,#424,#425,#426,#427,#428,#429,#430,#431,#432,#433,#434,#435,#436,#437,#438,#439,#440,#441,#442,#443,#444,#445,#446,#447,#448,#449,#450,#451,#452,#453,#454,#455,#456,#457,#458,#459,#460,#461,#462,#463,#464,#465,#466,#467,#468,#469,#470,#471,#472,#473,#474,#475,#476,#477,#478,#479,#480,#481,#482,#483,#484,#485,#486,#487,#488,#489,#490,#491,#492,#493,#494,#495,#496,#497,#498,#499,#500,#501,#502,#503,#504));
#46=CARTESIAN_POINT('',(0.0,0.0,0.0));
#47=DIRECTION('',(0.0,0.0,1.0));
#48=DIRECTION('',(1.0,0.0,0.0));
#49=COMPOSITE_CURVE('0473460001_2',(#505),.U.);
#50=COMPOSITE_CURVE('0473460001_3',(#506),.U.);
#51=COMPOSITE_CURVE('0473460001_4',(#507),.U.);
#52=COMPOSITE_CURVE('0473460001_5',(#508),.U.);
#53=COMPOSITE_CURVE('0473460001_6',(#509),.U.);
#54=COMPOSITE_CURVE('0473460001_7',(#510),.U.);
#55=COMPOSITE_CURVE('0473460001_8',(#511),.U.);
#56=COMPOSITE_CURVE('0473460001_9',(#512),.U.);
#57=COMPOSITE_CURVE('0473460001_10',(#513),.U.);
#58=COMPOSITE_CURVE('0473460001_11',(#514),.U.);
#59=COMPOSITE_CURVE('0473460001_12',(#515),.U.);
#60=COMPOSITE_CURVE('0473460001_13',(#516),.U.);
#61=COMPOSITE_CURVE('0473460001_14',(#517),.U.);
#62=COMPOSITE_CURVE('0473460001_15',(#518),.U.);
#63=COMPOSITE_CURVE('0473460001_16',(#519),.U.);
#64=COMPOSITE_CURVE('0473460001_17',(#520),.U.);
#65=COMPOSITE_CURVE('0473460001_18',(#521),.U.);
#66=COMPOSITE_CURVE('0473460001_19',(#522),.U.);
#67=COMPOSITE_CURVE('0473460001_20',(#523),.U.);
#68=COMPOSITE_CURVE('0473460001_21',(#524),.U.);
#69=COMPOSITE_CURVE('0473460001_22',(#525),.U.);
#70=COMPOSITE_CURVE('0473460001_23',(#526),.U.);
#71=COMPOSITE_CURVE('0473460001_24',(#527),.U.);
#72=COMPOSITE_CURVE('0473460001_25',(#528),.U.);
#73=COMPOSITE_CURVE('0473460001_26',(#529),.U.);
#74=COMPOSITE_CURVE('0473460001_27',(#530),.U.);
#75=COMPOSITE_CURVE('0473460001_28',(#531),.U.);
#76=COMPOSITE_CURVE('0473460001_29',(#532),.U.);
#77=COMPOSITE_CURVE('0473460001_30',(#533),.U.);
#78=COMPOSITE_CURVE('0473460001_31',(#534),.U.);
#79=COMPOSITE_CURVE('0473460001_32',(#535),.U.);
#80=COMPOSITE_CURVE('0473460001_33',(#536),.U.);
#81=COMPOSITE_CURVE('0473460001_34',(#537),.U.);
#82=COMPOSITE_CURVE('0473460001_35',(#538),.U.);
#83=COMPOSITE_CURVE('0473460001_36',(#539),.U.);
#84=COMPOSITE_CURVE('0473460001_37',(#540),.U.);
#85=COMPOSITE_CURVE('0473460001_38',(#541),.U.);
#86=COMPOSITE_CURVE('0473460001_39',(#542),.U.);
#87=COMPOSITE_CURVE('0473460001_40',(#543),.U.);
#88=COMPOSITE_CURVE('0473460001_41',(#544),.U.);
#89=COMPOSITE_CURVE('0473460001_42',(#545),.U.);
#90=COMPOSITE_CURVE('0473460001_43',(#546),.U.);
#91=COMPOSITE_CURVE('0473460001_44',(#547),.U.);
#92=COMPOSITE_CURVE('0473460001_45',(#548),.U.);
#93=CARTESIAN_POINT('',(0.0,0.0,0.0));
#94=DIRECTION('',(0.0,0.0,1.0));
#95=DIRECTION('',(1.0,0.0,0.0));
#96= (NAMED_UNIT(#35)LENGTH_UNIT()SI_UNIT(.MILLI.,.METRE.));
#97=ADVANCED_FACE('',(#550),#551,.F.);
#98=ADVANCED_FACE('',(#552),#553,.F.);
#99=ADVANCED_FACE('',(#554),#555,.F.);
#100=ADVANCED_FACE('',(#556),#557,.F.);
#101=ADVANCED_FACE('',(#558),#559,.T.);
#102=ADVANCED_FACE('',(#560),#561,.T.);
#103=ADVANCED_FACE('',(#562),#563,.T.);
#104=ADVANCED_FACE('',(#564),#565,.T.);
#105=ADVANCED_FACE('',(#566),#567,.T.);
#106=ADVANCED_FACE('',(#568),#569,.T.);
#107=ADVANCED_FACE('',(#570),#571,.T.);
#108=ADVANCED_FACE('',(#572),#573,.T.);
#109=ADVANCED_FACE('',(#574),#575,.T.);
#110=ADVANCED_FACE('',(#576),#577,.T.);
#111=ADVANCED_FACE('',(#578),#579,.F.);
#112=ADVANCED_FACE('',(#580),#581,.F.);
#113=ADVANCED_FACE('',(#582),#583,.T.);
#114=ADVANCED_FACE('',(#584),#585,.T.);
#115=ADVANCED_FACE('',(#586),#587,.T.);
#116=ADVANCED_FACE('',(#588),#589,.F.);
#117=ADVANCED_FACE('',(#590),#591,.T.);
#118=ADVANCED_FACE('',(#592),#593,.F.);
#119=ADVANCED_FACE('',(#594),#595,.T.);
#120=ADVANCED_FACE('',(#596),#597,.T.);
#121=ADVANCED_FACE('',(#598),#599,.T.);
#122=ADVANCED_FACE('',(#600),#601,.F.);
#123=ADVANCED_FACE('',(#602),#603,.F.);
#124=ADVANCED_FACE('',(#604),#605,.F.);
#125=ADVANCED_FACE('',(#606),#607,.T.);
#126=ADVANCED_FACE('',(#608),#609,.T.);
#127=ADVANCED_FACE('',(#610),#611,.F.);
#128=ADVANCED_FACE('',(#612),#613,.F.);
#129=ADVANCED_FACE('',(#614),#615,.T.);
#130=ADVANCED_FACE('',(#616),#617,.T.);
#131=ADVANCED_FACE('',(#618),#619,.T.);
#132=ADVANCED_FACE('',(#620),#621,.T.);
#133=ADVANCED_FACE('',(#622),#623,.T.);
#134=ADVANCED_FACE('',(#624),#625,.T.);
#135=ADVANCED_FACE('',(#626),#627,.T.);
#136=ADVANCED_FACE('',(#628),#629,.T.);
#137=ADVANCED_FACE('',(#630),#631,.T.);
#138=ADVANCED_FACE('',(#632),#633,.F.);
#139=ADVANCED_FACE('',(#634),#635,.T.);
#140=ADVANCED_FACE('',(#636),#637,.T.);
#141=ADVANCED_FACE('',(#638),#639,.T.);
#142=ADVANCED_FACE('',(#640),#641,.T.);
#143=ADVANCED_FACE('',(#642),#643,.T.);
#144=ADVANCED_FACE('',(#644),#645,.T.);
#145=ADVANCED_FACE('',(#646),#647,.T.);
#146=ADVANCED_FACE('',(#648),#649,.T.);
#147=ADVANCED_FACE('',(#650),#651,.T.);
#148=ADVANCED_FACE('',(#652),#653,.F.);
#149=ADVANCED_FACE('',(#654),#655,.F.);
#150=ADVANCED_FACE('',(#656),#657,.T.);
#151=ADVANCED_FACE('',(#658),#659,.T.);
#152=ADVANCED_FACE('',(#660),#661,.T.);
#153=ADVANCED_FACE('',(#662),#663,.T.);
#154=ADVANCED_FACE('',(#664),#665,.T.);
#155=ADVANCED_FACE('',(#666),#667,.T.);
#156=ADVANCED_FACE('',(#668),#669,.T.);
#157=ADVANCED_FACE('',(#670),#671,.T.);
#158=ADVANCED_FACE('',(#672),#673,.T.);
#159=ADVANCED_FACE('',(#674),#675,.T.);
#160=ADVANCED_FACE('',(#676),#677,.T.);
#161=ADVANCED_FACE('',(#678),#679,.T.);
#162=ADVANCED_FACE('',(#680),#681,.T.);
#163=ADVANCED_FACE('',(#682),#683,.T.);
#164=ADVANCED_FACE('',(#684),#685,.T.);
#165=ADVANCED_FACE('',(#686),#687,.F.);
#166=ADVANCED_FACE('',(#688),#689,.T.);
#167=ADVANCED_FACE('',(#690,#691,#692,#693),#694,.T.);
#168=ADVANCED_FACE('',(#695),#696,.F.);
#169=ADVANCED_FACE('',(#697),#698,.T.);
#170=ADVANCED_FACE('',(#699),#700,.F.);
#171=ADVANCED_FACE('',(#701),#702,.T.);
#172=ADVANCED_FACE('',(#703),#704,.F.);
#173=ADVANCED_FACE('',(#705),#706,.T.);
#174=ADVANCED_FACE('',(#707),#708,.T.);
#175=ADVANCED_FACE('',(#709,#710,#711,#712),#713,.T.);
#176=ADVANCED_FACE('',(#714),#715,.T.);
#177=ADVANCED_FACE('',(#716),#717,.T.);
#178=ADVANCED_FACE('',(#718),#719,.T.);
#179=ADVANCED_FACE('',(#720),#721,.F.);
#180=ADVANCED_FACE('',(#722),#723,.F.);
#181=ADVANCED_FACE('',(#724),#725,.F.);
#182=ADVANCED_FACE('',(#726),#727,.F.);
#183=ADVANCED_FACE('',(#728),#729,.F.);
#184=ADVANCED_FACE('',(#730),#731,.F.);
#185=ADVANCED_FACE('',(#732),#733,.F.);
#186=ADVANCED_FACE('',(#734),#735,.F.);
#187=ADVANCED_FACE('',(#736),#737,.F.);
#188=ADVANCED_FACE('',(#738),#739,.F.);
#189=ADVANCED_FACE('',(#740),#741,.T.);
#190=ADVANCED_FACE('',(#742),#743,.F.);
#191=ADVANCED_FACE('',(#744),#745,.T.);
#192=ADVANCED_FACE('',(#746),#747,.T.);
#193=ADVANCED_FACE('',(#748),#749,.F.);
#194=ADVANCED_FACE('',(#750),#751,.F.);
#195=ADVANCED_FACE('',(#752),#753,.T.);
#196=ADVANCED_FACE('',(#754),#755,.F.);
#197=ADVANCED_FACE('',(#756),#757,.F.);
#198=ADVANCED_FACE('',(#758),#759,.F.);
#199=ADVANCED_FACE('',(#760),#761,.F.);
#200=ADVANCED_FACE('',(#762),#763,.F.);
#201=ADVANCED_FACE('',(#764),#765,.F.);
#202=ADVANCED_FACE('',(#766),#767,.F.);
#203=ADVANCED_FACE('',(#768),#769,.F.);
#204=ADVANCED_FACE('',(#770),#771,.F.);
#205=ADVANCED_FACE('',(#772),#773,.F.);
#206=ADVANCED_FACE('',(#774),#775,.F.);
#207=ADVANCED_FACE('',(#776),#777,.T.);
#208=ADVANCED_FACE('',(#778),#779,.F.);
#209=ADVANCED_FACE('',(#780),#781,.T.);
#210=ADVANCED_FACE('',(#782),#783,.F.);
#211=ADVANCED_FACE('',(#784),#785,.F.);
#212=ADVANCED_FACE('',(#786),#787,.F.);
#213=ADVANCED_FACE('',(#788),#789,.F.);
#214=ADVANCED_FACE('',(#790),#791,.F.);
#215=ADVANCED_FACE('',(#792),#793,.T.);
#216=ADVANCED_FACE('',(#794),#795,.T.);
#217=ADVANCED_FACE('',(#796),#797,.F.);
#218=ADVANCED_FACE('',(#798),#799,.F.);
#219=ADVANCED_FACE('',(#800),#801,.F.);
#220=ADVANCED_FACE('',(#802),#803,.T.);
#221=ADVANCED_FACE('',(#804),#805,.T.);
#222=ADVANCED_FACE('',(#806),#807,.T.);
#223=ADVANCED_FACE('',(#808),#809,.T.);
#224=ADVANCED_FACE('',(#810),#811,.T.);
#225=ADVANCED_FACE('',(#812),#813,.T.);
#226=ADVANCED_FACE('',(#814),#815,.F.);
#227=ADVANCED_FACE('',(#816),#817,.T.);
#228=ADVANCED_FACE('',(#818),#819,.T.);
#229=ADVANCED_FACE('',(#820),#821,.T.);
#230=ADVANCED_FACE('',(#822),#823,.T.);
#231=ADVANCED_FACE('',(#824),#825,.F.);
#232=ADVANCED_FACE('',(#826),#827,.F.);
#233=ADVANCED_FACE('',(#828),#829,.F.);
#234=ADVANCED_FACE('',(#830),#831,.F.);
#235=ADVANCED_FACE('',(#832),#833,.T.);
#236=ADVANCED_FACE('',(#834),#835,.T.);
#237=ADVANCED_FACE('',(#836),#837,.F.);
#238=ADVANCED_FACE('',(#838),#839,.F.);
#239=ADVANCED_FACE('',(#840),#841,.T.);
#240=ADVANCED_FACE('',(#842),#843,.T.);
#241=ADVANCED_FACE('',(#844),#845,.T.);
#242=ADVANCED_FACE('',(#846),#847,.T.);
#243=ADVANCED_FACE('',(#848),#849,.T.);
#244=ADVANCED_FACE('',(#850),#851,.T.);
#245=ADVANCED_FACE('',(#852),#853,.F.);
#246=ADVANCED_FACE('',(#854),#855,.F.);
#247=ADVANCED_FACE('',(#856),#857,.F.);
#248=ADVANCED_FACE('',(#858),#859,.F.);
#249=ADVANCED_FACE('',(#860),#861,.F.);
#250=ADVANCED_FACE('',(#862),#863,.F.);
#251=ADVANCED_FACE('',(#864),#865,.T.);
#252=ADVANCED_FACE('',(#866),#867,.T.);
#253=ADVANCED_FACE('',(#868),#869,.T.);
#254=ADVANCED_FACE('',(#870),#871,.T.);
#255=ADVANCED_FACE('',(#872),#873,.F.);
#256=ADVANCED_FACE('',(#874),#875,.F.);
#257=ADVANCED_FACE('',(#876),#877,.F.);
#258=ADVANCED_FACE('',(#878),#879,.T.);
#259=ADVANCED_FACE('',(#880),#881,.F.);
#260=ADVANCED_FACE('',(#882),#883,.F.);
#261=ADVANCED_FACE('',(#884),#885,.F.);
#262=ADVANCED_FACE('',(#886),#887,.F.);
#263=ADVANCED_FACE('',(#888),#889,.F.);
#264=ADVANCED_FACE('',(#890),#891,.F.);
#265=ADVANCED_FACE('',(#892),#893,.F.);
#266=ADVANCED_FACE('',(#894),#895,.F.);
#267=ADVANCED_FACE('',(#896),#897,.T.);
#268=ADVANCED_FACE('',(#898),#899,.F.);
#269=ADVANCED_FACE('',(#900),#901,.F.);
#270=ADVANCED_FACE('',(#902),#903,.F.);
#271=ADVANCED_FACE('',(#904),#905,.T.);
#272=ADVANCED_FACE('',(#906),#907,.T.);
#273=ADVANCED_FACE('',(#908),#909,.F.);
#274=ADVANCED_FACE('',(#910),#911,.T.);
#275=ADVANCED_FACE('',(#912),#913,.F.);
#276=ADVANCED_FACE('',(#914),#915,.F.);
#277=ADVANCED_FACE('',(#916),#917,.T.);
#278=ADVANCED_FACE('',(#918),#919,.T.);
#279=ADVANCED_FACE('',(#920),#921,.F.);
#280=ADVANCED_FACE('',(#922),#923,.T.);
#281=ADVANCED_FACE('',(#924),#925,.T.);
#282=ADVANCED_FACE('',(#926),#927,.T.);
#283=ADVANCED_FACE('',(#928),#929,.T.);
#284=ADVANCED_FACE('',(#930),#931,.T.);
#285=ADVANCED_FACE('',(#932),#933,.T.);
#286=ADVANCED_FACE('',(#934),#935,.T.);
#287=ADVANCED_FACE('',(#936),#937,.T.);
#288=ADVANCED_FACE('',(#938),#939,.F.);
#289=ADVANCED_FACE('',(#940),#941,.F.);
#290=ADVANCED_FACE('',(#942),#943,.F.);
#291=ADVANCED_FACE('',(#944),#945,.F.);
#292=ADVANCED_FACE('',(#946),#947,.F.);
#293=ADVANCED_FACE('',(#948),#949,.F.);
#294=ADVANCED_FACE('',(#950),#951,.F.);
#295=ADVANCED_FACE('',(#952),#953,.T.);
#296=ADVANCED_FACE('',(#954),#955,.F.);
#297=ADVANCED_FACE('',(#956),#957,.T.);
#298=ADVANCED_FACE('',(#958),#959,.T.);
#299=ADVANCED_FACE('',(#960),#961,.T.);
#300=ADVANCED_FACE('',(#962),#963,.T.);
#301=ADVANCED_FACE('',(#964),#965,.T.);
#302=ADVANCED_FACE('',(#966),#967,.T.);
#303=ADVANCED_FACE('',(#968),#969,.T.);
#304=ADVANCED_FACE('',(#970),#971,.T.);
#305=ADVANCED_FACE('',(#972),#973,.T.);
#306=ADVANCED_FACE('',(#974),#975,.T.);
#307=ADVANCED_FACE('',(#976),#977,.T.);
#308=ADVANCED_FACE('',(#978),#979,.T.);
#309=ADVANCED_FACE('',(#980),#981,.T.);
#310=ADVANCED_FACE('',(#982),#983,.T.);
#311=ADVANCED_FACE('',(#984),#985,.T.);
#312=ADVANCED_FACE('',(#986),#987,.T.);
#313=ADVANCED_FACE('',(#988),#989,.F.);
#314=ADVANCED_FACE('',(#990),#991,.F.);
#315=ADVANCED_FACE('',(#992),#993,.F.);
#316=ADVANCED_FACE('',(#994),#995,.T.);
#317=ADVANCED_FACE('',(#996),#997,.T.);
#318=ADVANCED_FACE('',(#998),#999,.T.);
#319=ADVANCED_FACE('',(#1000),#1001,.T.);
#320=ADVANCED_FACE('',(#1002),#1003,.T.);
#321=ADVANCED_FACE('',(#1004),#1005,.T.);
#322=ADVANCED_FACE('',(#1006),#1007,.T.);
#323=ADVANCED_FACE('',(#1008),#1009,.T.);
#324=ADVANCED_FACE('',(#1010),#1011,.F.);
#325=ADVANCED_FACE('',(#1012),#1013,.F.);
#326=ADVANCED_FACE('',(#1014),#1015,.F.);
#327=ADVANCED_FACE('',(#1016),#1017,.F.);
#328=ADVANCED_FACE('',(#1018),#1019,.F.);
#329=ADVANCED_FACE('',(#1020),#1021,.T.);
#330=ADVANCED_FACE('',(#1022),#1023,.T.);
#331=ADVANCED_FACE('',(#1024),#1025,.T.);
#332=ADVANCED_FACE('',(#1026),#1027,.T.);
#333=ADVANCED_FACE('',(#1028),#1029,.T.);
#334=ADVANCED_FACE('',(#1030),#1031,.T.);
#335=ADVANCED_FACE('',(#1032),#1033,.F.);
#336=ADVANCED_FACE('',(#1034),#1035,.F.);
#337=ADVANCED_FACE('',(#1036),#1037,.T.);
#338=ADVANCED_FACE('',(#1038),#1039,.T.);
#339=ADVANCED_FACE('',(#1040),#1041,.F.);
#340=ADVANCED_FACE('',(#1042),#1043,.F.);
#341=ADVANCED_FACE('',(#1044),#1045,.T.);
#342=ADVANCED_FACE('',(#1046),#1047,.T.);
#343=ADVANCED_FACE('',(#1048),#1049,.T.);
#344=ADVANCED_FACE('',(#1050),#1051,.T.);
#345=ADVANCED_FACE('',(#1052),#1053,.T.);
#346=ADVANCED_FACE('',(#1054),#1055,.T.);
#347=ADVANCED_FACE('',(#1056),#1057,.T.);
#348=ADVANCED_FACE('',(#1058),#1059,.T.);
#349=ADVANCED_FACE('',(#1060),#1061,.F.);
#350=ADVANCED_FACE('',(#1062),#1063,.F.);
#351=ADVANCED_FACE('',(#1064),#1065,.T.);
#352=ADVANCED_FACE('',(#1066),#1067,.T.);
#353=ADVANCED_FACE('',(#1068),#1069,.F.);
#354=ADVANCED_FACE('',(#1070),#1071,.F.);
#355=ADVANCED_FACE('',(#1072),#1073,.T.);
#356=ADVANCED_FACE('',(#1074),#1075,.F.);
#357=ADVANCED_FACE('',(#1076),#1077,.F.);
#358=ADVANCED_FACE('',(#1078),#1079,.F.);
#359=ADVANCED_FACE('',(#1080),#1081,.F.);
#360=ADVANCED_FACE('',(#1082),#1083,.F.);
#361=ADVANCED_FACE('',(#1084),#1085,.F.);
#362=ADVANCED_FACE('',(#1086),#1087,.T.);
#363=ADVANCED_FACE('',(#1088),#1089,.T.);
#364=ADVANCED_FACE('',(#1090),#1091,.T.);
#365=ADVANCED_FACE('',(#1092),#1093,.T.);
#366=ADVANCED_FACE('',(#1094),#1095,.F.);
#367=ADVANCED_FACE('',(#1096),#1097,.F.);
#368=ADVANCED_FACE('',(#1098),#1099,.T.);
#369=ADVANCED_FACE('',(#1100),#1101,.T.);
#370=ADVANCED_FACE('',(#1102),#1103,.T.);
#371=ADVANCED_FACE('',(#1104),#1105,.T.);
#372=ADVANCED_FACE('',(#1106),#1107,.T.);
#373=ADVANCED_FACE('',(#1108),#1109,.T.);
#374=ADVANCED_FACE('',(#1110),#1111,.T.);
#375=ADVANCED_FACE('',(#1112),#1113,.T.);
#376=ADVANCED_FACE('',(#1114),#1115,.T.);
#377=ADVANCED_FACE('',(#1116),#1117,.T.);
#378=ADVANCED_FACE('',(#1118),#1119,.F.);
#379=ADVANCED_FACE('',(#1120),#1121,.T.);
#380=ADVANCED_FACE('',(#1122),#1123,.F.);
#381=ADVANCED_FACE('',(#1124),#1125,.T.);
#382=ADVANCED_FACE('',(#1126),#1127,.T.);
#383=ADVANCED_FACE('',(#1128),#1129,.T.);
#384=ADVANCED_FACE('',(#1130),#1131,.T.);
#385=ADVANCED_FACE('',(#1132),#1133,.T.);
#386=ADVANCED_FACE('',(#1134),#1135,.F.);
#387=ADVANCED_FACE('',(#1136),#1137,.T.);
#388=ADVANCED_FACE('',(#1138),#1139,.F.);
#389=ADVANCED_FACE('',(#1140),#1141,.T.);
#390=ADVANCED_FACE('',(#1142),#1143,.T.);
#391=ADVANCED_FACE('',(#1144),#1145,.T.);
#392=ADVANCED_FACE('',(#1146),#1147,.T.);
#393=ADVANCED_FACE('',(#1148),#1149,.T.);
#394=ADVANCED_FACE('',(#1150),#1151,.T.);
#395=ADVANCED_FACE('',(#1152),#1153,.F.);
#396=ADVANCED_FACE('',(#1154),#1155,.T.);
#397=ADVANCED_FACE('',(#1156),#1157,.F.);
#398=ADVANCED_FACE('',(#1158),#1159,.T.);
#399=ADVANCED_FACE('',(#1160),#1161,.T.);
#400=ADVANCED_FACE('',(#1162),#1163,.T.);
#401=ADVANCED_FACE('',(#1164),#1165,.T.);
#402=ADVANCED_FACE('',(#1166),#1167,.T.);
#403=ADVANCED_FACE('',(#1168),#1169,.T.);
#404=ADVANCED_FACE('',(#1170),#1171,.F.);
#405=ADVANCED_FACE('',(#1172),#1173,.T.);
#406=ADVANCED_FACE('',(#1174),#1175,.F.);
#407=ADVANCED_FACE('',(#1176),#1177,.T.);
#408=ADVANCED_FACE('',(#1178),#1179,.T.);
#409=ADVANCED_FACE('',(#1180),#1181,.T.);
#410=ADVANCED_FACE('',(#1182),#1183,.T.);
#411=ADVANCED_FACE('',(#1184),#1185,.T.);
#412=ADVANCED_FACE('',(#1186),#1187,.T.);
#413=ADVANCED_FACE('',(#1188),#1189,.F.);
#414=ADVANCED_FACE('',(#1190),#1191,.T.);
#415=ADVANCED_FACE('',(#1192),#1193,.F.);
#416=ADVANCED_FACE('',(#1194),#1195,.T.);
#417=ADVANCED_FACE('',(#1196),#1197,.T.);
#418=ADVANCED_FACE('',(#1198),#1199,.T.);
#419=ADVANCED_FACE('',(#1200),#1201,.T.);
#420=ADVANCED_FACE('',(#1202),#1203,.F.);
#421=ADVANCED_FACE('',(#1204),#1205,.F.);
#422=ADVANCED_FACE('',(#1206),#1207,.F.);
#423=ADVANCED_FACE('',(#1208),#1209,.F.);
#424=ADVANCED_FACE('',(#1210),#1211,.F.);
#425=ADVANCED_FACE('',(#1212),#1213,.F.);
#426=ADVANCED_FACE('',(#1214),#1215,.T.);
#427=ADVANCED_FACE('',(#1216),#1217,.T.);
#428=ADVANCED_FACE('',(#1218),#1219,.T.);
#429=ADVANCED_FACE('',(#1220),#1221,.T.);
#430=ADVANCED_FACE('',(#1222),#1223,.T.);
#431=ADVANCED_FACE('',(#1224),#1225,.T.);
#432=ADVANCED_FACE('',(#1226),#1227,.F.);
#433=ADVANCED_FACE('',(#1228),#1229,.F.);
#434=ADVANCED_FACE('',(#1230),#1231,.F.);
#435=ADVANCED_FACE('',(#1232),#1233,.F.);
#436=ADVANCED_FACE('',(#1234),#1235,.F.);
#437=ADVANCED_FACE('',(#1236),#1237,.T.);
#438=ADVANCED_FACE('',(#1238),#1239,.T.);
#439=ADVANCED_FACE('',(#1240),#1241,.T.);
#440=ADVANCED_FACE('',(#1242),#1243,.T.);
#441=ADVANCED_FACE('',(#1244),#1245,.T.);
#442=ADVANCED_FACE('',(#1246),#1247,.F.);
#443=ADVANCED_FACE('',(#1248),#1249,.F.);
#444=ADVANCED_FACE('',(#1250),#1251,.F.);
#445=ADVANCED_FACE('',(#1252),#1253,.F.);
#446=ADVANCED_FACE('',(#1254),#1255,.F.);
#447=ADVANCED_FACE('',(#1256),#1257,.F.);
#448=ADVANCED_FACE('',(#1258),#1259,.F.);
#449=ADVANCED_FACE('',(#1260),#1261,.F.);
#450=ADVANCED_FACE('',(#1262),#1263,.T.);
#451=ADVANCED_FACE('',(#1264),#1265,.T.);
#452=ADVANCED_FACE('',(#1266),#1267,.T.);
#453=ADVANCED_FACE('',(#1268),#1269,.T.);
#454=ADVANCED_FACE('',(#1270),#1271,.T.);
#455=ADVANCED_FACE('',(#1272),#1273,.F.);
#456=ADVANCED_FACE('',(#1274),#1275,.F.);
#457=ADVANCED_FACE('',(#1276),#1277,.F.);
#458=ADVANCED_FACE('',(#1278),#1279,.T.);
#459=ADVANCED_FACE('',(#1280),#1281,.T.);
#460=ADVANCED_FACE('',(#1282),#1283,.T.);
#461=ADVANCED_FACE('',(#1284),#1285,.T.);
#462=ADVANCED_FACE('',(#1286),#1287,.F.);
#463=ADVANCED_FACE('',(#1288),#1289,.T.);
#464=ADVANCED_FACE('',(#1290),#1291,.F.);
#465=ADVANCED_FACE('',(#1292),#1293,.F.);
#466=ADVANCED_FACE('',(#1294),#1295,.T.);
#467=ADVANCED_FACE('',(#1296),#1297,.T.);
#468=ADVANCED_FACE('',(#1298),#1299,.T.);
#469=ADVANCED_FACE('',(#1300),#1301,.T.);
#470=ADVANCED_FACE('',(#1302),#1303,.T.);
#471=ADVANCED_FACE('',(#1304),#1305,.F.);
#472=ADVANCED_FACE('',(#1306),#1307,.T.);
#473=ADVANCED_FACE('',(#1308),#1309,.T.);
#474=ADVANCED_FACE('',(#1310),#1311,.T.);
#475=ADVANCED_FACE('',(#1312),#1313,.T.);
#476=ADVANCED_FACE('',(#1314),#1315,.T.);
#477=ADVANCED_FACE('',(#1316),#1317,.T.);
#478=ADVANCED_FACE('',(#1318),#1319,.T.);
#479=ADVANCED_FACE('',(#1320),#1321,.T.);
#480=ADVANCED_FACE('',(#1322),#1323,.T.);
#481=ADVANCED_FACE('',(#1324),#1325,.T.);
#482=ADVANCED_FACE('',(#1326),#1327,.F.);
#483=ADVANCED_FACE('',(#1328),#1329,.F.);
#484=ADVANCED_FACE('',(#1330),#1331,.T.);
#485=ADVANCED_FACE('',(#1332),#1333,.T.);
#486=ADVANCED_FACE('',(#1334),#1335,.T.);
#487=ADVANCED_FACE('',(#1336),#1337,.F.);
#488=ADVANCED_FACE('',(#1338),#1339,.F.);
#489=ADVANCED_FACE('',(#1340),#1341,.T.);
#490=ADVANCED_FACE('',(#1342),#1343,.T.);
#491=ADVANCED_FACE('',(#1344),#1345,.T.);
#492=ADVANCED_FACE('',(#1346),#1347,.F.);
#493=ADVANCED_FACE('',(#1348),#1349,.F.);
#494=ADVANCED_FACE('',(#1350),#1351,.T.);
#495=ADVANCED_FACE('',(#1352),#1353,.F.);
#496=ADVANCED_FACE('',(#1354),#1355,.T.);
#497=ADVANCED_FACE('',(#1356),#1357,.T.);
#498=ADVANCED_FACE('',(#1358),#1359,.T.);
#499=ADVANCED_FACE('',(#1360),#1361,.T.);
#500=ADVANCED_FACE('',(#1362),#1363,.T.);
#501=ADVANCED_FACE('',(#1364),#1365,.T.);
#502=ADVANCED_FACE('',(#1366),#1367,.T.);
#503=ADVANCED_FACE('',(#1368),#1369,.T.);
#504=ADVANCED_FACE('',(#1370),#1371,.T.);
#505=COMPOSITE_CURVE_SEGMENT(.CONTINUOUS.,.T.,#1372);
#506=COMPOSITE_CURVE_SEGMENT(.CONTINUOUS.,.T.,#1373);
#507=COMPOSITE_CURVE_SEGMENT(.CONTINUOUS.,.T.,#1374);
#508=COMPOSITE_CURVE_SEGMENT(.CONTINUOUS.,.T.,#1375);
#509=COMPOSITE_CURVE_SEGMENT(.CONTINUOUS.,.T.,#1376);
#510=COMPOSITE_CURVE_SEGMENT(.CONTINUOUS.,.T.,#1377);
#511=COMPOSITE_CURVE_SEGMENT(.CONTINUOUS.,.T.,#1378);
#512=COMPOSITE_CURVE_SEGMENT(.CONTINUOUS.,.T.,#1379);
#513=COMPOSITE_CURVE_SEGMENT(.CONTINUOUS.,.T.,#1380);
#514=COMPOSITE_CURVE_SEGMENT(.CONTINUOUS.,.T.,#1381);
#515=COMPOSITE_CURVE_SEGMENT(.CONTINUOUS.,.T.,#1382);
#516=COMPOSITE_CURVE_SEGMENT(.CONTINUOUS.,.T.,#1383);
#517=COMPOSITE_CURVE_SEGMENT(.CONTINUOUS.,.T.,#1384);
#518=COMPOSITE_CURVE_SEGMENT(.CONTINUOUS.,.T.,#1385);
#519=COMPOSITE_CURVE_SEGMENT(.CONTINUOUS.,.T.,#1386);
#520=COMPOSITE_CURVE_SEGMENT(.CONTINUOUS.,.T.,#1387);
#521=COMPOSITE_CURVE_SEGMENT(.CONTINUOUS.,.T.,#1388);
#522=COMPOSITE_CURVE_SEGMENT(.CONTINUOUS.,.T.,#1389);
#523=COMPOSITE_CURVE_SEGMENT(.CONTINUOUS.,.T.,#1390);
#524=COMPOSITE_CURVE_SEGMENT(.CONTINUOUS.,.T.,#1391);
#525=COMPOSITE_CURVE_SEGMENT(.CONTINUOUS.,.T.,#1392);
#526=COMPOSITE_CURVE_SEGMENT(.CONTINUOUS.,.T.,#1393);
#527=COMPOSITE_CURVE_SEGMENT(.CONTINUOUS.,.T.,#1394);
#528=COMPOSITE_CURVE_SEGMENT(.CONTINUOUS.,.T.,#1395);
#529=COMPOSITE_CURVE_SEGMENT(.CONTINUOUS.,.T.,#1396);
#530=COMPOSITE_CURVE_SEGMENT(.CONTINUOUS.,.T.,#1397);
#531=COMPOSITE_CURVE_SEGMENT(.CONTINUOUS.,.T.,#1398);
#532=COMPOSITE_CURVE_SEGMENT(.CONTINUOUS.,.T.,#1399);
#533=COMPOSITE_CURVE_SEGMENT(.CONTINUOUS.,.T.,#1400);
#534=COMPOSITE_CURVE_SEGMENT(.CONTINUOUS.,.T.,#1401);
#535=COMPOSITE_CURVE_SEGMENT(.CONTINUOUS.,.T.,#1402);
#536=COMPOSITE_CURVE_SEGMENT(.CONTINUOUS.,.T.,#1403);
#537=COMPOSITE_CURVE_SEGMENT(.CONTINUOUS.,.T.,#1404);
#538=COMPOSITE_CURVE_SEGMENT(.CONTINUOUS.,.T.,#1405);
#539=COMPOSITE_CURVE_SEGMENT(.CONTINUOUS.,.T.,#1406);
#540=COMPOSITE_CURVE_SEGMENT(.CONTINUOUS.,.T.,#1407);
#541=COMPOSITE_CURVE_SEGMENT(.CONTINUOUS.,.T.,#1408);
#542=COMPOSITE_CURVE_SEGMENT(.CONTINUOUS.,.T.,#1409);
#543=COMPOSITE_CURVE_SEGMENT(.CONTINUOUS.,.T.,#1410);
#544=COMPOSITE_CURVE_SEGMENT(.CONTINUOUS.,.T.,#1411);
#545=COMPOSITE_CURVE_SEGMENT(.CONTINUOUS.,.T.,#1412);
#546=COMPOSITE_CURVE_SEGMENT(.CONTINUOUS.,.T.,#1413);
#547=COMPOSITE_CURVE_SEGMENT(.CONTINUOUS.,.T.,#1414);
#548=COMPOSITE_CURVE_SEGMENT(.CONTINUOUS.,.T.,#1415);
#550=FACE_OUTER_BOUND('',#1416,.T.);
#551=CYLINDRICAL_SURFACE('',#1417,0.125);
#552=FACE_OUTER_BOUND('',#1418,.T.);
#553=CYLINDRICAL_SURFACE('',#1419,0.125);
#554=FACE_OUTER_BOUND('',#1420,.T.);
#555=CYLINDRICAL_SURFACE('',#1421,0.125);
#556=FACE_OUTER_BOUND('',#1422,.T.);
#557=CYLINDRICAL_SURFACE('',#1423,0.125);
#558=FACE_OUTER_BOUND('',#1424,.T.);
#559=PLANE('',#1425);
#560=FACE_OUTER_BOUND('',#1426,.T.);
#561=PLANE('',#1427);
#562=FACE_OUTER_BOUND('',#1428,.T.);
#563=PLANE('',#1429);
#564=FACE_OUTER_BOUND('',#1430,.T.);
#565=PLANE('',#1431);
#566=FACE_OUTER_BOUND('',#1432,.T.);
#567=PLANE('',#1433);
#568=FACE_OUTER_BOUND('',#1434,.T.);
#569=PLANE('',#1435);
#570=FACE_OUTER_BOUND('',#1436,.T.);
#571=CYLINDRICAL_SURFACE('',#1437,0.2);
#572=FACE_OUTER_BOUND('',#1438,.T.);
#573=PLANE('',#1439);
#574=FACE_OUTER_BOUND('',#1440,.T.);
#575=CYLINDRICAL_SURFACE('',#1441,0.2);
#576=FACE_OUTER_BOUND('',#1442,.T.);
#577=PLANE('',#1443);
#578=FACE_OUTER_BOUND('',#1444,.T.);
#579=PLANE('',#1445);
#580=FACE_OUTER_BOUND('',#1446,.T.);
#581=PLANE('',#1447);
#582=FACE_OUTER_BOUND('',#1448,.T.);
#583=PLANE('',#1449);
#584=FACE_OUTER_BOUND('',#1450,.T.);
#585=PLANE('',#1451);
#586=FACE_OUTER_BOUND('',#1452,.T.);
#587=PLANE('',#1453);
#588=FACE_OUTER_BOUND('',#1454,.T.);
#589=CYLINDRICAL_SURFACE('',#1455,0.3);
#590=FACE_OUTER_BOUND('',#1456,.T.);
#591=PLANE('',#1457);
#592=FACE_OUTER_BOUND('',#1458,.T.);
#593=CYLINDRICAL_SURFACE('',#1459,0.3);
#594=FACE_OUTER_BOUND('',#1460,.T.);
#595=PLANE('',#1461);
#596=FACE_OUTER_BOUND('',#1462,.T.);
#597=CYLINDRICAL_SURFACE('',#1463,0.55);
#598=FACE_OUTER_BOUND('',#1464,.T.);
#599=CYLINDRICAL_SURFACE('',#1465,0.55);
#600=FACE_OUTER_BOUND('',#1466,.T.);
#601=PLANE('',#1467);
#602=FACE_OUTER_BOUND('',#1468,.T.);
#603=CYLINDRICAL_SURFACE('',#1469,0.25);
#604=FACE_OUTER_BOUND('',#1470,.T.);
#605=CYLINDRICAL_SURFACE('',#1471,0.25);
#606=FACE_OUTER_BOUND('',#1472,.T.);
#607=PLANE('',#1473);
#608=FACE_OUTER_BOUND('',#1474,.T.);
#609=PLANE('',#1475);
#610=FACE_OUTER_BOUND('',#1476,.T.);
#611=CYLINDRICAL_SURFACE('',#1477,0.25);
#612=FACE_OUTER_BOUND('',#1478,.T.);
#613=CYLINDRICAL_SURFACE('',#1479,0.25);
#614=FACE_OUTER_BOUND('',#1480,.T.);
#615=PLANE('',#1481);
#616=FACE_OUTER_BOUND('',#1482,.T.);
#617=PLANE('',#1483);
#618=FACE_OUTER_BOUND('',#1484,.T.);
#619=PLANE('',#1485);
#620=FACE_OUTER_BOUND('',#1486,.T.);
#621=PLANE('',#1487);
#622=FACE_OUTER_BOUND('',#1488,.T.);
#623=PLANE('',#1489);
#624=FACE_OUTER_BOUND('',#1490,.T.);
#625=PLANE('',#1491);
#626=FACE_OUTER_BOUND('',#1492,.T.);
#627=PLANE('',#1493);
#628=FACE_OUTER_BOUND('',#1494,.T.);
#629=PLANE('',#1495);
#630=FACE_OUTER_BOUND('',#1496,.T.);
#631=CYLINDRICAL_SURFACE('',#1497,0.1);
#632=FACE_OUTER_BOUND('',#1498,.T.);
#633=PLANE('',#1499);
#634=FACE_OUTER_BOUND('',#1500,.T.);
#635=PLANE('',#1501);
#636=FACE_OUTER_BOUND('',#1502,.T.);
#637=CYLINDRICAL_SURFACE('',#1503,0.2);
#638=FACE_OUTER_BOUND('',#1504,.T.);
#639=CYLINDRICAL_SURFACE('',#1505,0.2);
#640=FACE_OUTER_BOUND('',#1506,.T.);
#641=CYLINDRICAL_SURFACE('',#1507,0.2);
#642=FACE_OUTER_BOUND('',#1508,.T.);
#643=CYLINDRICAL_SURFACE('',#1509,0.2);
#644=FACE_OUTER_BOUND('',#1510,.T.);
#645=CYLINDRICAL_SURFACE('',#1511,0.2);
#646=FACE_OUTER_BOUND('',#1512,.T.);
#647=CYLINDRICAL_SURFACE('',#1513,0.2);
#648=FACE_OUTER_BOUND('',#1514,.T.);
#649=PLANE('',#1515);
#650=FACE_OUTER_BOUND('',#1516,.T.);
#651=CYLINDRICAL_SURFACE('',#1517,0.1);
#652=FACE_OUTER_BOUND('',#1518,.T.);
#653=PLANE('',#1519);
#654=FACE_OUTER_BOUND('',#1520,.T.);
#655=PLANE('',#1521);
#656=FACE_OUTER_BOUND('',#1522,.T.);
#657=PLANE('',#1523);
#658=FACE_OUTER_BOUND('',#1524,.T.);
#659=PLANE('',#1525);
#660=FACE_OUTER_BOUND('',#1526,.T.);
#661=PLANE('',#1527);
#662=FACE_OUTER_BOUND('',#1528,.T.);
#663=PLANE('',#1529);
#664=FACE_OUTER_BOUND('',#1530,.T.);
#665=PLANE('',#1531);
#666=FACE_OUTER_BOUND('',#1532,.T.);
#667=PLANE('',#1533);
#668=FACE_OUTER_BOUND('',#1534,.T.);
#669=CYLINDRICAL_SURFACE('',#1535,0.2);
#670=FACE_OUTER_BOUND('',#1536,.T.);
#671=SPHERICAL_SURFACE('',#1537,0.2);
#672=FACE_OUTER_BOUND('',#1538,.T.);
#673=CYLINDRICAL_SURFACE('',#1539,0.2);
#674=FACE_OUTER_BOUND('',#1540,.T.);
#675=PLANE('',#1541);
#676=FACE_OUTER_BOUND('',#1542,.T.);
#677=CYLINDRICAL_SURFACE('',#1543,0.2);
#678=FACE_OUTER_BOUND('',#1544,.T.);
#679=SPHERICAL_SURFACE('',#1545,0.2);
#680=FACE_OUTER_BOUND('',#1546,.T.);
#681=CYLINDRICAL_SURFACE('',#1547,0.2);
#682=FACE_OUTER_BOUND('',#1548,.T.);
#683=PLANE('',#1549);
#684=FACE_OUTER_BOUND('',#1550,.T.);
#685=PLANE('',#1551);
#686=FACE_OUTER_BOUND('',#1552,.T.);
#687=PLANE('',#1553);
#688=FACE_OUTER_BOUND('',#1554,.T.);
#689=PLANE('',#1555);
#690=FACE_OUTER_BOUND('',#1556,.T.);
#691=FACE_BOUND('',#1557,.T.);
#692=FACE_BOUND('',#1558,.T.);
#693=FACE_BOUND('',#1559,.T.);
#694=PLANE('',#1560);
#695=FACE_OUTER_BOUND('',#1561,.T.);
#696=PLANE('',#1562);
#697=FACE_OUTER_BOUND('',#1563,.T.);
#698=CYLINDRICAL_SURFACE('',#1564,0.3);
#699=FACE_OUTER_BOUND('',#1565,.T.);
#700=PLANE('',#1566);
#701=FACE_OUTER_BOUND('',#1567,.T.);
#702=PLANE('',#1568);
#703=FACE_OUTER_BOUND('',#1569,.T.);
#704=PLANE('',#1570);
#705=FACE_OUTER_BOUND('',#1571,.T.);
#706=CYLINDRICAL_SURFACE('',#1572,0.2);
#707=FACE_OUTER_BOUND('',#1573,.T.);
#708=PLANE('',#1574);
#709=FACE_OUTER_BOUND('',#1575,.T.);
#710=FACE_BOUND('',#1576,.T.);
#711=FACE_BOUND('',#1577,.T.);
#712=FACE_BOUND('',#1578,.T.);
#713=PLANE('',#1579);
#714=FACE_OUTER_BOUND('',#1580,.T.);
#715=PLANE('',#1581);
#716=FACE_OUTER_BOUND('',#1582,.T.);
#717=CYLINDRICAL_SURFACE('',#1583,0.2);
#718=FACE_OUTER_BOUND('',#1584,.T.);
#719=PLANE('',#1585);
#720=FACE_OUTER_BOUND('',#1586,.T.);
#721=PLANE('',#1587);
#722=FACE_OUTER_BOUND('',#1588,.T.);
#723=CYLINDRICAL_SURFACE('',#1589,0.125);
#724=FACE_OUTER_BOUND('',#1590,.T.);
#725=PLANE('',#1591);
#726=FACE_OUTER_BOUND('',#1592,.T.);
#727=PLANE('',#1593);
#728=FACE_OUTER_BOUND('',#1594,.T.);
#729=PLANE('',#1595);
#730=FACE_OUTER_BOUND('',#1596,.T.);
#731=PLANE('',#1597);
#732=FACE_OUTER_BOUND('',#1598,.T.);
#733=PLANE('',#1599);
#734=FACE_OUTER_BOUND('',#1600,.T.);
#735=CYLINDRICAL_SURFACE('',#1601,0.125);
#736=FACE_OUTER_BOUND('',#1602,.T.);
#737=PLANE('',#1603);
#738=FACE_OUTER_BOUND('',#1604,.T.);
#739=PLANE('',#1605);
#740=FACE_OUTER_BOUND('',#1606,.T.);
#741=CYLINDRICAL_SURFACE('',#1607,0.2);
#742=FACE_OUTER_BOUND('',#1608,.T.);
#743=PLANE('',#1609);
#744=FACE_OUTER_BOUND('',#1610,.T.);
#745=CYLINDRICAL_SURFACE('',#1611,0.2);
#746=FACE_OUTER_BOUND('',#1612,.T.);
#747=PLANE('',#1613);
#748=FACE_OUTER_BOUND('',#1614,.T.);
#749=PLANE('',#1615);
#750=FACE_OUTER_BOUND('',#1616,.T.);
#751=PLANE('',#1617);
#752=FACE_OUTER_BOUND('',#1618,.T.);
#753=CYLINDRICAL_SURFACE('',#1619,0.3);
#754=FACE_OUTER_BOUND('',#1620,.T.);
#755=PLANE('',#1621);
#756=FACE_OUTER_BOUND('',#1622,.T.);
#757=PLANE('',#1623);
#758=FACE_OUTER_BOUND('',#1624,.T.);
#759=CYLINDRICAL_SURFACE('',#1625,0.125);
#760=FACE_OUTER_BOUND('',#1626,.T.);
#761=PLANE('',#1627);
#762=FACE_OUTER_BOUND('',#1628,.T.);
#763=PLANE('',#1629);
#764=FACE_OUTER_BOUND('',#1630,.T.);
#765=PLANE('',#1631);
#766=FACE_OUTER_BOUND('',#1632,.T.);
#767=PLANE('',#1633);
#768=FACE_OUTER_BOUND('',#1634,.T.);
#769=PLANE('',#1635);
#770=FACE_OUTER_BOUND('',#1636,.T.);
#771=CYLINDRICAL_SURFACE('',#1637,0.125);
#772=FACE_OUTER_BOUND('',#1638,.T.);
#773=PLANE('',#1639);
#774=FACE_OUTER_BOUND('',#1640,.T.);
#775=PLANE('',#1641);
#776=FACE_OUTER_BOUND('',#1642,.T.);
#777=CYLINDRICAL_SURFACE('',#1643,0.3);
#778=FACE_OUTER_BOUND('',#1644,.T.);
#779=PLANE('',#1645);
#780=FACE_OUTER_BOUND('',#1646,.T.);
#781=PLANE('',#1647);
#782=FACE_OUTER_BOUND('',#1648,.T.);
#783=PLANE('',#1649);
#784=FACE_OUTER_BOUND('',#1650,.T.);
#785=PLANE('',#1651);
#786=FACE_OUTER_BOUND('',#1652,.T.);
#787=PLANE('',#1653);
#788=FACE_OUTER_BOUND('',#1654,.T.);
#789=PLANE('',#1655);
#790=FACE_OUTER_BOUND('',#1656,.T.);
#791=PLANE('',#1657);
#792=FACE_OUTER_BOUND('',#1658,.T.);
#793=CYLINDRICAL_SURFACE('',#1659,0.1);
#794=FACE_OUTER_BOUND('',#1660,.T.);
#795=PLANE('',#1661);
#796=FACE_OUTER_BOUND('',#1662,.T.);
#797=CYLINDRICAL_SURFACE('',#1663,0.1);
#798=FACE_OUTER_BOUND('',#1664,.T.);
#799=PLANE('',#1665);
#800=FACE_OUTER_BOUND('',#1666,.T.);
#801=PLANE('',#1667);
#802=FACE_OUTER_BOUND('',#1668,.T.);
#803=CYLINDRICAL_SURFACE('',#1669,0.3);
#804=FACE_OUTER_BOUND('',#1670,.T.);
#805=PLANE('',#1671);
#806=FACE_OUTER_BOUND('',#1672,.T.);
#807=CYLINDRICAL_SURFACE('',#1673,0.1);
#808=FACE_OUTER_BOUND('',#1674,.T.);
#809=PLANE('',#1675);
#810=FACE_OUTER_BOUND('',#1676,.T.);
#811=CYLINDRICAL_SURFACE('',#1677,0.2);
#812=FACE_OUTER_BOUND('',#1678,.T.);
#813=PLANE('',#1679);
#814=FACE_OUTER_BOUND('',#1680,.T.);
#815=CYLINDRICAL_SURFACE('',#1681,0.1);
#816=FACE_OUTER_BOUND('',#1682,.T.);
#817=CYLINDRICAL_SURFACE('',#1683,0.55);
#818=FACE_OUTER_BOUND('',#1684,.T.);
#819=PLANE('',#1685);
#820=FACE_OUTER_BOUND('',#1686,.T.);
#821=CYLINDRICAL_SURFACE('',#1687,0.55);
#822=FACE_OUTER_BOUND('',#1688,.T.);
#823=CYLINDRICAL_SURFACE('',#1689,0.55);
#824=FACE_OUTER_BOUND('',#1690,.T.);
#825=CYLINDRICAL_SURFACE('',#1691,0.3);
#826=FACE_OUTER_BOUND('',#1692,.T.);
#827=CYLINDRICAL_SURFACE('',#1693,0.25);
#828=FACE_OUTER_BOUND('',#1694,.T.);
#829=CYLINDRICAL_SURFACE('',#1695,0.25);
#830=FACE_OUTER_BOUND('',#1696,.T.);
#831=PLANE('',#1697);
#832=FACE_OUTER_BOUND('',#1698,.T.);
#833=PLANE('',#1699);
#834=FACE_OUTER_BOUND('',#1700,.T.);
#835=PLANE('',#1701);
#836=FACE_OUTER_BOUND('',#1702,.T.);
#837=PLANE('',#1703);
#838=FACE_OUTER_BOUND('',#1704,.T.);
#839=CYLINDRICAL_SURFACE('',#1705,0.3);
#840=FACE_OUTER_BOUND('',#1706,.T.);
#841=PLANE('',#1707);
#842=FACE_OUTER_BOUND('',#1708,.T.);
#843=PLANE('',#1709);
#844=FACE_OUTER_BOUND('',#1710,.T.);
#845=CYLINDRICAL_SURFACE('',#1711,0.55);
#846=FACE_OUTER_BOUND('',#1712,.T.);
#847=CYLINDRICAL_SURFACE('',#1713,0.55);
#848=FACE_OUTER_BOUND('',#1714,.T.);
#849=PLANE('',#1715);
#850=FACE_OUTER_BOUND('',#1716,.T.);
#851=PLANE('',#1717);
#852=FACE_OUTER_BOUND('',#1718,.T.);
#853=PLANE('',#1719);
#854=FACE_OUTER_BOUND('',#1720,.T.);
#855=PLANE('',#1721);
#856=FACE_OUTER_BOUND('',#1722,.T.);
#857=PLANE('',#1723);
#858=FACE_OUTER_BOUND('',#1724,.T.);
#859=PLANE('',#1725);
#860=FACE_OUTER_BOUND('',#1726,.T.);
#861=PLANE('',#1727);
#862=FACE_OUTER_BOUND('',#1728,.T.);
#863=PLANE('',#1729);
#864=FACE_OUTER_BOUND('',#1730,.T.);
#865=PLANE('',#1731);
#866=FACE_OUTER_BOUND('',#1732,.T.);
#867=PLANE('',#1733);
#868=FACE_OUTER_BOUND('',#1734,.T.);
#869=PLANE('',#1735);
#870=FACE_OUTER_BOUND('',#1736,.T.);
#871=PLANE('',#1737);
#872=FACE_OUTER_BOUND('',#1738,.T.);
#873=PLANE('',#1739);
#874=FACE_OUTER_BOUND('',#1740,.T.);
#875=CYLINDRICAL_SURFACE('',#1741,0.16);
#876=FACE_OUTER_BOUND('',#1742,.T.);
#877=PLANE('',#1743);
#878=FACE_OUTER_BOUND('',#1744,.T.);
#879=CYLINDRICAL_SURFACE('',#1745,0.14);
#880=FACE_OUTER_BOUND('',#1746,.T.);
#881=PLANE('',#1747);
#882=FACE_OUTER_BOUND('',#1748,.T.);
#883=PLANE('',#1749);
#884=FACE_OUTER_BOUND('',#1750,.T.);
#885=PLANE('',#1751);
#886=FACE_OUTER_BOUND('',#1752,.T.);
#887=PLANE('',#1753);
#888=FACE_OUTER_BOUND('',#1754,.T.);
#889=PLANE('',#1755);
#890=FACE_OUTER_BOUND('',#1756,.T.);
#891=PLANE('',#1757);
#892=FACE_OUTER_BOUND('',#1758,.T.);
#893=PLANE('',#1759);
#894=FACE_OUTER_BOUND('',#1760,.T.);
#895=PLANE('',#1761);
#896=FACE_OUTER_BOUND('',#1762,.T.);
#897=CYLINDRICAL_SURFACE('',#1763,0.14);
#898=FACE_OUTER_BOUND('',#1764,.T.);
#899=PLANE('',#1765);
#900=FACE_OUTER_BOUND('',#1766,.T.);
#901=CYLINDRICAL_SURFACE('',#1767,0.16);
#902=FACE_OUTER_BOUND('',#1768,.T.);
#903=PLANE('',#1769);
#904=FACE_OUTER_BOUND('',#1770,.T.);
#905=PLANE('',#1771);
#906=FACE_OUTER_BOUND('',#1772,.T.);
#907=PLANE('',#1773);
#908=FACE_OUTER_BOUND('',#1774,.T.);
#909=PLANE('',#1775);
#910=FACE_OUTER_BOUND('',#1776,.T.);
#911=CYLINDRICAL_SURFACE('',#1777,0.14);
#912=FACE_OUTER_BOUND('',#1778,.T.);
#913=PLANE('',#1779);
#914=FACE_OUTER_BOUND('',#1780,.T.);
#915=CYLINDRICAL_SURFACE('',#1781,0.16);
#916=FACE_OUTER_BOUND('',#1782,.T.);
#917=CYLINDRICAL_SURFACE('',#1783,0.29);
#918=FACE_OUTER_BOUND('',#1784,.T.);
#919=CYLINDRICAL_SURFACE('',#1785,0.29);
#920=FACE_OUTER_BOUND('',#1786,.T.);
#921=PLANE('',#1787);
#922=FACE_OUTER_BOUND('',#1788,.T.);
#923=CYLINDRICAL_SURFACE('',#1789,0.2);
#924=FACE_OUTER_BOUND('',#1790,.T.);
#925=PLANE('',#1791);
#926=FACE_OUTER_BOUND('',#1792,.T.);
#927=PLANE('',#1793);
#928=FACE_OUTER_BOUND('',#1794,.T.);
#929=PLANE('',#1795);
#930=FACE_OUTER_BOUND('',#1796,.T.);
#931=PLANE('',#1797);
#932=FACE_OUTER_BOUND('',#1798,.T.);
#933=CYLINDRICAL_SURFACE('',#1799,0.2);
#934=FACE_OUTER_BOUND('',#1800,.T.);
#935=PLANE('',#1801);
#936=FACE_OUTER_BOUND('',#1802,.T.);
#937=CYLINDRICAL_SURFACE('',#1803,0.14);
#938=FACE_OUTER_BOUND('',#1804,.T.);
#939=PLANE('',#1805);
#940=FACE_OUTER_BOUND('',#1806,.T.);
#941=CYLINDRICAL_SURFACE('',#1807,0.16);
#942=FACE_OUTER_BOUND('',#1808,.T.);
#943=PLANE('',#1809);
#944=FACE_OUTER_BOUND('',#1810,.T.);
#945=PLANE('',#1811);
#946=FACE_OUTER_BOUND('',#1812,.T.);
#947=PLANE('',#1813);
#948=FACE_OUTER_BOUND('',#1814,.T.);
#949=CYLINDRICAL_SURFACE('',#1815,0.08);
#950=FACE_OUTER_BOUND('',#1816,.T.);
#951=PLANE('',#1817);
#952=FACE_OUTER_BOUND('',#1818,.T.);
#953=PLANE('',#1819);
#954=FACE_OUTER_BOUND('',#1820,.T.);
#955=PLANE('',#1821);
#956=FACE_OUTER_BOUND('',#1822,.T.);
#957=PLANE('',#1823);
#958=FACE_OUTER_BOUND('',#1824,.T.);
#959=PLANE('',#1825);
#960=FACE_OUTER_BOUND('',#1826,.T.);
#961=PLANE('',#1827);
#962=FACE_OUTER_BOUND('',#1828,.T.);
#963=PLANE('',#1829);
#964=FACE_OUTER_BOUND('',#1830,.T.);
#965=PLANE('',#1831);
#966=FACE_OUTER_BOUND('',#1832,.T.);
#967=PLANE('',#1833);
#968=FACE_OUTER_BOUND('',#1834,.T.);
#969=PLANE('',#1835);
#970=FACE_OUTER_BOUND('',#1836,.T.);
#971=PLANE('',#1837);
#972=FACE_OUTER_BOUND('',#1838,.T.);
#973=PLANE('',#1839);
#974=FACE_OUTER_BOUND('',#1840,.T.);
#975=PLANE('',#1841);
#976=FACE_OUTER_BOUND('',#1842,.T.);
#977=PLANE('',#1843);
#978=FACE_OUTER_BOUND('',#1844,.T.);
#979=PLANE('',#1845);
#980=FACE_OUTER_BOUND('',#1846,.T.);
#981=PLANE('',#1847);
#982=FACE_OUTER_BOUND('',#1848,.T.);
#983=PLANE('',#1849);
#984=FACE_OUTER_BOUND('',#1850,.T.);
#985=PLANE('',#1851);
#986=FACE_OUTER_BOUND('',#1852,.T.);
#987=PLANE('',#1853);
#988=FACE_OUTER_BOUND('',#1854,.T.);
#989=PLANE('',#1855);
#990=FACE_OUTER_BOUND('',#1856,.T.);
#991=PLANE('',#1857);
#992=FACE_OUTER_BOUND('',#1858,.T.);
#993=PLANE('',#1859);
#994=FACE_OUTER_BOUND('',#1860,.T.);
#995=PLANE('',#1861);
#996=FACE_OUTER_BOUND('',#1862,.T.);
#997=PLANE('',#1863);
#998=FACE_OUTER_BOUND('',#1864,.T.);
#999=CYLINDRICAL_SURFACE('',#1865,0.55);
#1000=FACE_OUTER_BOUND('',#1866,.T.);
#1001=PLANE('',#1867);
#1002=FACE_OUTER_BOUND('',#1868,.T.);
#1003=CYLINDRICAL_SURFACE('',#1869,0.3);
#1004=FACE_OUTER_BOUND('',#1870,.T.);
#1005=PLANE('',#1871);
#1006=FACE_OUTER_BOUND('',#1872,.T.);
#1007=PLANE('',#1873);
#1008=FACE_OUTER_BOUND('',#1874,.T.);
#1009=PLANE('',#1875);
#1010=FACE_OUTER_BOUND('',#1876,.T.);
#1011=PLANE('',#1877);
#1012=FACE_OUTER_BOUND('',#1878,.T.);
#1013=PLANE('',#1879);
#1014=FACE_OUTER_BOUND('',#1880,.T.);
#1015=PLANE('',#1881);
#1016=FACE_OUTER_BOUND('',#1882,.T.);
#1017=PLANE('',#1883);
#1018=FACE_OUTER_BOUND('',#1884,.T.);
#1019=PLANE('',#1885);
#1020=FACE_OUTER_BOUND('',#1886,.T.);
#1021=PLANE('',#1887);
#1022=FACE_OUTER_BOUND('',#1888,.T.);
#1023=CYLINDRICAL_SURFACE('',#1889,0.35);
#1024=FACE_OUTER_BOUND('',#1890,.T.);
#1025=PLANE('',#1891);
#1026=FACE_OUTER_BOUND('',#1892,.T.);
#1027=CYLINDRICAL_SURFACE('',#1893,0.25);
#1028=FACE_OUTER_BOUND('',#1894,.T.);
#1029=PLANE('',#1895);
#1030=FACE_OUTER_BOUND('',#1896,.T.);
#1031=CYLINDRICAL_SURFACE('',#1897,0.25);
#1032=FACE_OUTER_BOUND('',#1898,.T.);
#1033=PLANE('',#1899);
#1034=FACE_OUTER_BOUND('',#1900,.T.);
#1035=PLANE('',#1901);
#1036=FACE_OUTER_BOUND('',#1902,.T.);
#1037=PLANE('',#1903);
#1038=FACE_OUTER_BOUND('',#1904,.T.);
#1039=PLANE('',#1905);
#1040=FACE_OUTER_BOUND('',#1906,.T.);
#1041=PLANE('',#1907);
#1042=FACE_OUTER_BOUND('',#1908,.T.);
#1043=PLANE('',#1909);
#1044=FACE_OUTER_BOUND('',#1910,.T.);
#1045=CYLINDRICAL_SURFACE('',#1911,0.35);
#1046=FACE_OUTER_BOUND('',#1912,.T.);
#1047=PLANE('',#1913);
#1048=FACE_OUTER_BOUND('',#1914,.T.);
#1049=CYLINDRICAL_SURFACE('',#1915,0.25);
#1050=FACE_OUTER_BOUND('',#1916,.T.);
#1051=PLANE('',#1917);
#1052=FACE_OUTER_BOUND('',#1918,.T.);
#1053=CYLINDRICAL_SURFACE('',#1919,0.25);
#1054=FACE_OUTER_BOUND('',#1920,.T.);
#1055=PLANE('',#1921);
#1056=FACE_OUTER_BOUND('',#1922,.T.);
#1057=PLANE('',#1923);
#1058=FACE_OUTER_BOUND('',#1924,.T.);
#1059=CYLINDRICAL_SURFACE('',#1925,0.2);
#1060=FACE_OUTER_BOUND('',#1926,.T.);
#1061=PLANE('',#1927);
#1062=FACE_OUTER_BOUND('',#1928,.T.);
#1063=PLANE('',#1929);
#1064=FACE_OUTER_BOUND('',#1930,.T.);
#1065=CYLINDRICAL_SURFACE('',#1931,0.2);
#1066=FACE_OUTER_BOUND('',#1932,.T.);
#1067=PLANE('',#1933);
#1068=FACE_OUTER_BOUND('',#1934,.T.);
#1069=CYLINDRICAL_SURFACE('',#1935,0.25);
#1070=FACE_OUTER_BOUND('',#1936,.T.);
#1071=CYLINDRICAL_SURFACE('',#1937,0.25);
#1072=FACE_OUTER_BOUND('',#1938,.T.);
#1073=PLANE('',#1939);
#1074=FACE_OUTER_BOUND('',#1940,.T.);
#1075=PLANE('',#1941);
#1076=FACE_OUTER_BOUND('',#1942,.T.);
#1077=PLANE('',#1943);
#1078=FACE_OUTER_BOUND('',#1944,.T.);
#1079=CYLINDRICAL_SURFACE('',#1945,0.25);
#1080=FACE_OUTER_BOUND('',#1946,.T.);
#1081=CYLINDRICAL_SURFACE('',#1947,0.25);
#1082=FACE_OUTER_BOUND('',#1948,.T.);
#1083=PLANE('',#1949);
#1084=FACE_OUTER_BOUND('',#1950,.T.);
#1085=PLANE('',#1951);
#1086=FACE_OUTER_BOUND('',#1952,.T.);
#1087=PLANE('',#1953);
#1088=FACE_OUTER_BOUND('',#1954,.T.);
#1089=PLANE('',#1955);
#1090=FACE_OUTER_BOUND('',#1956,.T.);
#1091=CYLINDRICAL_SURFACE('',#1957,0.55);
#1092=FACE_OUTER_BOUND('',#1958,.T.);
#1093=PLANE('',#1959);
#1094=FACE_OUTER_BOUND('',#1960,.T.);
#1095=PLANE('',#1961);
#1096=FACE_OUTER_BOUND('',#1962,.T.);
#1097=PLANE('',#1963);
#1098=FACE_OUTER_BOUND('',#1964,.T.);
#1099=CYLINDRICAL_SURFACE('',#1965,0.2);
#1100=FACE_OUTER_BOUND('',#1966,.T.);
#1101=PLANE('',#1967);
#1102=FACE_OUTER_BOUND('',#1968,.T.);
#1103=CYLINDRICAL_SURFACE('',#1969,0.2);
#1104=FACE_OUTER_BOUND('',#1970,.T.);
#1105=PLANE('',#1971);
#1106=FACE_OUTER_BOUND('',#1972,.T.);
#1107=CYLINDRICAL_SURFACE('',#1973,0.3);
#1108=FACE_OUTER_BOUND('',#1974,.T.);
#1109=CYLINDRICAL_SURFACE('',#1975,0.2);
#1110=FACE_OUTER_BOUND('',#1976,.T.);
#1111=PLANE('',#1977);
#1112=FACE_OUTER_BOUND('',#1978,.T.);
#1113=CYLINDRICAL_SURFACE('',#1979,0.2);
#1114=FACE_OUTER_BOUND('',#1980,.T.);
#1115=PLANE('',#1981);
#1116=FACE_OUTER_BOUND('',#1982,.T.);
#1117=PLANE('',#1983);
#1118=FACE_OUTER_BOUND('',#1984,.T.);
#1119=PLANE('',#1985);
#1120=FACE_OUTER_BOUND('',#1986,.T.);
#1121=PLANE('',#1987);
#1122=FACE_OUTER_BOUND('',#1988,.T.);
#1123=PLANE('',#1989);
#1124=FACE_OUTER_BOUND('',#1990,.T.);
#1125=PLANE('',#1991);
#1126=FACE_OUTER_BOUND('',#1992,.T.);
#1127=PLANE('',#1993);
#1128=FACE_OUTER_BOUND('',#1994,.T.);
#1129=PLANE('',#1995);
#1130=FACE_OUTER_BOUND('',#1996,.T.);
#1131=CYLINDRICAL_SURFACE('',#1997,0.1);
#1132=FACE_OUTER_BOUND('',#1998,.T.);
#1133=PLANE('',#1999);
#1134=FACE_OUTER_BOUND('',#2000,.T.);
#1135=PLANE('',#2001);
#1136=FACE_OUTER_BOUND('',#2002,.T.);
#1137=PLANE('',#2003);
#1138=FACE_OUTER_BOUND('',#2004,.T.);
#1139=PLANE('',#2005);
#1140=FACE_OUTER_BOUND('',#2006,.T.);
#1141=PLANE('',#2007);
#1142=FACE_OUTER_BOUND('',#2008,.T.);
#1143=PLANE('',#2009);
#1144=FACE_OUTER_BOUND('',#2010,.T.);
#1145=PLANE('',#2011);
#1146=FACE_OUTER_BOUND('',#2012,.T.);
#1147=CYLINDRICAL_SURFACE('',#2013,0.1);
#1148=FACE_OUTER_BOUND('',#2014,.T.);
#1149=PLANE('',#2015);
#1150=FACE_OUTER_BOUND('',#2016,.T.);
#1151=PLANE('',#2017);
#1152=FACE_OUTER_BOUND('',#2018,.T.);
#1153=PLANE('',#2019);
#1154=FACE_OUTER_BOUND('',#2020,.T.);
#1155=PLANE('',#2021);
#1156=FACE_OUTER_BOUND('',#2022,.T.);
#1157=PLANE('',#2023);
#1158=FACE_OUTER_BOUND('',#2024,.T.);
#1159=PLANE('',#2025);
#1160=FACE_OUTER_BOUND('',#2026,.T.);
#1161=PLANE('',#2027);
#1162=FACE_OUTER_BOUND('',#2028,.T.);
#1163=PLANE('',#2029);
#1164=FACE_OUTER_BOUND('',#2030,.T.);
#1165=CYLINDRICAL_SURFACE('',#2031,0.1);
#1166=FACE_OUTER_BOUND('',#2032,.T.);
#1167=PLANE('',#2033);
#1168=FACE_OUTER_BOUND('',#2034,.T.);
#1169=PLANE('',#2035);
#1170=FACE_OUTER_BOUND('',#2036,.T.);
#1171=PLANE('',#2037);
#1172=FACE_OUTER_BOUND('',#2038,.T.);
#1173=PLANE('',#2039);
#1174=FACE_OUTER_BOUND('',#2040,.T.);
#1175=PLANE('',#2041);
#1176=FACE_OUTER_BOUND('',#2042,.T.);
#1177=PLANE('',#2043);
#1178=FACE_OUTER_BOUND('',#2044,.T.);
#1179=PLANE('',#2045);
#1180=FACE_OUTER_BOUND('',#2046,.T.);
#1181=PLANE('',#2047);
#1182=FACE_OUTER_BOUND('',#2048,.T.);
#1183=CYLINDRICAL_SURFACE('',#2049,0.1);
#1184=FACE_OUTER_BOUND('',#2050,.T.);
#1185=PLANE('',#2051);
#1186=FACE_OUTER_BOUND('',#2052,.T.);
#1187=PLANE('',#2053);
#1188=FACE_OUTER_BOUND('',#2054,.T.);
#1189=PLANE('',#2055);
#1190=FACE_OUTER_BOUND('',#2056,.T.);
#1191=PLANE('',#2057);
#1192=FACE_OUTER_BOUND('',#2058,.T.);
#1193=PLANE('',#2059);
#1194=FACE_OUTER_BOUND('',#2060,.T.);
#1195=PLANE('',#2061);
#1196=FACE_OUTER_BOUND('',#2062,.T.);
#1197=PLANE('',#2063);
#1198=FACE_OUTER_BOUND('',#2064,.T.);
#1199=PLANE('',#2065);
#1200=FACE_OUTER_BOUND('',#2066,.T.);
#1201=CYLINDRICAL_SURFACE('',#2067,0.1);
#1202=FACE_OUTER_BOUND('',#2068,.T.);
#1203=CYLINDRICAL_SURFACE('',#2069,0.25);
#1204=FACE_OUTER_BOUND('',#2070,.T.);
#1205=CYLINDRICAL_SURFACE('',#2071,0.25);
#1206=FACE_OUTER_BOUND('',#2072,.T.);
#1207=CYLINDRICAL_SURFACE('',#2073,0.15);
#1208=FACE_OUTER_BOUND('',#2074,.T.);
#1209=CYLINDRICAL_SURFACE('',#2075,0.15);
#1210=FACE_OUTER_BOUND('',#2076,.T.);
#1211=PLANE('',#2077);
#1212=FACE_OUTER_BOUND('',#2078,.T.);
#1213=PLANE('',#2079);
#1214=FACE_OUTER_BOUND('',#2080,.T.);
#1215=CYLINDRICAL_SURFACE('',#2081,0.15);
#1216=FACE_OUTER_BOUND('',#2082,.T.);
#1217=CYLINDRICAL_SURFACE('',#2083,0.15);
#1218=FACE_OUTER_BOUND('',#2084,.T.);
#1219=PLANE('',#2085);
#1220=FACE_OUTER_BOUND('',#2086,.T.);
#1221=PLANE('',#2087);
#1222=FACE_OUTER_BOUND('',#2088,.T.);
#1223=CYLINDRICAL_SURFACE('',#2089,0.55);
#1224=FACE_OUTER_BOUND('',#2090,.T.);
#1225=CYLINDRICAL_SURFACE('',#2091,0.55);
#1226=FACE_OUTER_BOUND('',#2092,.T.);
#1227=PLANE('',#2093);
#1228=FACE_OUTER_BOUND('',#2094,.T.);
#1229=CYLINDRICAL_SURFACE('',#2095,0.15);
#1230=FACE_OUTER_BOUND('',#2096,.T.);
#1231=PLANE('',#2097);
#1232=FACE_OUTER_BOUND('',#2098,.T.);
#1233=PLANE('',#2099);
#1234=FACE_OUTER_BOUND('',#2100,.T.);
#1235=CYLINDRICAL_SURFACE('',#2101,0.15);
#1236=FACE_OUTER_BOUND('',#2102,.T.);
#1237=PLANE('',#2103);
#1238=FACE_OUTER_BOUND('',#2104,.T.);
#1239=CYLINDRICAL_SURFACE('',#2105,0.2);
#1240=FACE_OUTER_BOUND('',#2106,.T.);
#1241=PLANE('',#2107);
#1242=FACE_OUTER_BOUND('',#2108,.T.);
#1243=CYLINDRICAL_SURFACE('',#2109,0.2);
#1244=FACE_OUTER_BOUND('',#2110,.T.);
#1245=PLANE('',#2111);
#1246=FACE_OUTER_BOUND('',#2112,.T.);
#1247=CYLINDRICAL_SURFACE('',#2113,0.15);
#1248=FACE_OUTER_BOUND('',#2114,.T.);
#1249=CYLINDRICAL_SURFACE('',#2115,0.15);
#1250=FACE_OUTER_BOUND('',#2116,.T.);
#1251=PLANE('',#2117);
#1252=FACE_OUTER_BOUND('',#2118,.T.);
#1253=CYLINDRICAL_SURFACE('',#2119,0.08);
#1254=FACE_OUTER_BOUND('',#2120,.T.);
#1255=CYLINDRICAL_SURFACE('',#2121,0.15);
#1256=FACE_OUTER_BOUND('',#2122,.T.);
#1257=PLANE('',#2123);
#1258=FACE_OUTER_BOUND('',#2124,.T.);
#1259=PLANE('',#2125);
#1260=FACE_OUTER_BOUND('',#2126,.T.);
#1261=CYLINDRICAL_SURFACE('',#2127,0.15);
#1262=FACE_OUTER_BOUND('',#2128,.T.);
#1263=PLANE('',#2129);
#1264=FACE_OUTER_BOUND('',#2130,.T.);
#1265=CYLINDRICAL_SURFACE('',#2131,0.2);
#1266=FACE_OUTER_BOUND('',#2132,.T.);
#1267=PLANE('',#2133);
#1268=FACE_OUTER_BOUND('',#2134,.T.);
#1269=CYLINDRICAL_SURFACE('',#2135,0.2);
#1270=FACE_OUTER_BOUND('',#2136,.T.);
#1271=PLANE('',#2137);
#1272=FACE_OUTER_BOUND('',#2138,.T.);
#1273=CYLINDRICAL_SURFACE('',#2139,0.15);
#1274=FACE_OUTER_BOUND('',#2140,.T.);
#1275=CYLINDRICAL_SURFACE('',#2141,0.15);
#1276=FACE_OUTER_BOUND('',#2142,.T.);
#1277=CYLINDRICAL_SURFACE('',#2143,0.25);
#1278=FACE_OUTER_BOUND('',#2144,.T.);
#1279=CYLINDRICAL_SURFACE('',#2145,0.3);
#1280=FACE_OUTER_BOUND('',#2146,.T.);
#1281=PLANE('',#2147);
#1282=FACE_OUTER_BOUND('',#2148,.T.);
#1283=PLANE('',#2149);
#1284=FACE_OUTER_BOUND('',#2150,.T.);
#1285=CYLINDRICAL_SURFACE('',#2151,0.2);
#1286=FACE_OUTER_BOUND('',#2152,.T.);
#1287=CYLINDRICAL_SURFACE('',#2153,0.25);
#1288=FACE_OUTER_BOUND('',#2154,.T.);
#1289=CYLINDRICAL_SURFACE('',#2155,0.55);
#1290=FACE_OUTER_BOUND('',#2156,.T.);
#1291=PLANE('',#2157);
#1292=FACE_OUTER_BOUND('',#2158,.T.);
#1293=PLANE('',#2159);
#1294=FACE_OUTER_BOUND('',#2160,.T.);
#1295=PLANE('',#2161);
#1296=FACE_OUTER_BOUND('',#2162,.T.);
#1297=CYLINDRICAL_SURFACE('',#2163,0.2);
#1298=FACE_OUTER_BOUND('',#2164,.T.);
#1299=PLANE('',#2165);
#1300=FACE_OUTER_BOUND('',#2166,.T.);
#1301=CYLINDRICAL_SURFACE('',#2167,0.2);
#1302=FACE_OUTER_BOUND('',#2168,.T.);
#1303=PLANE('',#2169);
#1304=FACE_OUTER_BOUND('',#2170,.T.);
#1305=PLANE('',#2171);
#1306=FACE_OUTER_BOUND('',#2172,.T.);
#1307=CYLINDRICAL_SURFACE('',#2173,0.29);
#1308=FACE_OUTER_BOUND('',#2174,.T.);
#1309=PLANE('',#2175);
#1310=FACE_OUTER_BOUND('',#2176,.T.);
#1311=CYLINDRICAL_SURFACE('',#2177,0.2);
#1312=FACE_OUTER_BOUND('',#2178,.T.);
#1313=SPHERICAL_SURFACE('',#2179,0.2);
#1314=FACE_OUTER_BOUND('',#2180,.T.);
#1315=CYLINDRICAL_SURFACE('',#2181,0.2);
#1316=FACE_OUTER_BOUND('',#2182,.T.);
#1317=PLANE('',#2183);
#1318=FACE_OUTER_BOUND('',#2184,.T.);
#1319=CYLINDRICAL_SURFACE('',#2185,0.2);
#1320=FACE_OUTER_BOUND('',#2186,.T.);
#1321=SPHERICAL_SURFACE('',#2187,0.2);
#1322=FACE_OUTER_BOUND('',#2188,.T.);
#1323=PLANE('',#2189);
#1324=FACE_OUTER_BOUND('',#2190,.T.);
#1325=CYLINDRICAL_SURFACE('',#2191,0.1);
#1326=FACE_OUTER_BOUND('',#2192,.T.);
#1327=PLANE('',#2193);
#1328=FACE_OUTER_BOUND('',#2194,.T.);
#1329=PLANE('',#2195);
#1330=FACE_OUTER_BOUND('',#2196,.T.);
#1331=PLANE('',#2197);
#1332=FACE_OUTER_BOUND('',#2198,.T.);
#1333=PLANE('',#2199);
#1334=FACE_OUTER_BOUND('',#2200,.T.);
#1335=CYLINDRICAL_SURFACE('',#2201,0.1);
#1336=FACE_OUTER_BOUND('',#2202,.T.);
#1337=PLANE('',#2203);
#1338=FACE_OUTER_BOUND('',#2204,.T.);
#1339=PLANE('',#2205);
#1340=FACE_OUTER_BOUND('',#2206,.T.);
#1341=PLANE('',#2207);
#1342=FACE_OUTER_BOUND('',#2208,.T.);
#1343=PLANE('',#2209);
#1344=FACE_OUTER_BOUND('',#2210,.T.);
#1345=CYLINDRICAL_SURFACE('',#2211,0.1);
#1346=FACE_OUTER_BOUND('',#2212,.T.);
#1347=PLANE('',#2213);
#1348=FACE_OUTER_BOUND('',#2214,.T.);
#1349=PLANE('',#2215);
#1350=FACE_OUTER_BOUND('',#2216,.T.);
#1351=PLANE('',#2217);
#1352=FACE_OUTER_BOUND('',#2218,.T.);
#1353=PLANE('',#2219);
#1354=FACE_OUTER_BOUND('',#2220,.T.);
#1355=PLANE('',#2221);
#1356=FACE_OUTER_BOUND('',#2222,.T.);
#1357=PLANE('',#2223);
#1358=FACE_OUTER_BOUND('',#2224,.T.);
#1359=CYLINDRICAL_SURFACE('',#2225,0.2);
#1360=FACE_OUTER_BOUND('',#2226,.T.);
#1361=PLANE('',#2227);
#1362=FACE_OUTER_BOUND('',#2228,.T.);
#1363=CYLINDRICAL_SURFACE('',#2229,0.2);
#1364=FACE_OUTER_BOUND('',#2230,.T.);
#1365=PLANE('',#2231);
#1366=FACE_OUTER_BOUND('',#2232,.T.);
#1367=CYLINDRICAL_SURFACE('',#2233,0.29);
#1368=FACE_OUTER_BOUND('',#2234,.T.);
#1369=CYLINDRICAL_SURFACE('',#2235,0.29);
#1370=FACE_OUTER_BOUND('',#2236,.T.);
#1371=PLANE('',#2237);
#1372=TRIMMED_CURVE('',#2238,(PARAMETER_VALUE(0.0)),(PARAMETER_VALUE(1.0)),.T.,.UNSPECIFIED.);
#1373=TRIMMED_CURVE('',#2239,(PARAMETER_VALUE(0.0)),(PARAMETER_VALUE(1.0)),.T.,.UNSPECIFIED.);
#1374=TRIMMED_CURVE('',#2240,(PARAMETER_VALUE(0.0)),(PARAMETER_VALUE(1.0)),.T.,.UNSPECIFIED.);
#1375=TRIMMED_CURVE('',#2241,(PARAMETER_VALUE(0.0)),(PARAMETER_VALUE(1.0)),.T.,.UNSPECIFIED.);
#1376=TRIMMED_CURVE('',#2242,(PARAMETER_VALUE(0.0)),(PARAMETER_VALUE(1.0)),.T.,.UNSPECIFIED.);
#1377=TRIMMED_CURVE('',#2243,(PARAMETER_VALUE(0.0)),(PARAMETER_VALUE(1.0)),.T.,.UNSPECIFIED.);
#1378=TRIMMED_CURVE('',#2244,(PARAMETER_VALUE(0.0)),(PARAMETER_VALUE(1.0)),.T.,.UNSPECIFIED.);
#1379=TRIMMED_CURVE('',#2245,(PARAMETER_VALUE(0.0)),(PARAMETER_VALUE(1.0)),.T.,.UNSPECIFIED.);
#1380=TRIMMED_CURVE('',#2246,(PARAMETER_VALUE(0.0)),(PARAMETER_VALUE(1.0)),.T.,.UNSPECIFIED.);
#1381=TRIMMED_CURVE('',#2247,(PARAMETER_VALUE(0.0)),(PARAMETER_VALUE(1.0)),.T.,.UNSPECIFIED.);
#1382=TRIMMED_CURVE('',#2248,(PARAMETER_VALUE(0.0)),(PARAMETER_VALUE(1.0)),.T.,.UNSPECIFIED.);
#1383=TRIMMED_CURVE('',#2249,(PARAMETER_VALUE(0.0)),(PARAMETER_VALUE(1.0)),.T.,.UNSPECIFIED.);
#1384=TRIMMED_CURVE('',#2250,(PARAMETER_VALUE(0.0)),(PARAMETER_VALUE(1.0)),.T.,.UNSPECIFIED.);
#1385=TRIMMED_CURVE('',#2251,(PARAMETER_VALUE(0.0)),(PARAMETER_VALUE(1.0)),.T.,.UNSPECIFIED.);
#1386=TRIMMED_CURVE('',#2252,(PARAMETER_VALUE(0.0)),(PARAMETER_VALUE(1.0)),.T.,.UNSPECIFIED.);
#1387=TRIMMED_CURVE('',#2253,(PARAMETER_VALUE(0.0)),(PARAMETER_VALUE(1.0)),.T.,.UNSPECIFIED.);
#1388=TRIMMED_CURVE('',#2254,(PARAMETER_VALUE(0.0)),(PARAMETER_VALUE(1.0)),.T.,.UNSPECIFIED.);
#1389=TRIMMED_CURVE('',#2255,(PARAMETER_VALUE(0.0)),(PARAMETER_VALUE(1.0)),.T.,.UNSPECIFIED.);
#1390=TRIMMED_CURVE('',#2256,(PARAMETER_VALUE(0.0)),(PARAMETER_VALUE(1.0)),.T.,.UNSPECIFIED.);
#1391=TRIMMED_CURVE('',#2257,(PARAMETER_VALUE(0.0)),(PARAMETER_VALUE(1.0)),.T.,.UNSPECIFIED.);
#1392=TRIMMED_CURVE('',#2258,(PARAMETER_VALUE(0.0)),(PARAMETER_VALUE(1.0)),.T.,.UNSPECIFIED.);
#1393=TRIMMED_CURVE('',#2259,(PARAMETER_VALUE(0.0)),(PARAMETER_VALUE(1.0)),.T.,.UNSPECIFIED.);
#1394=TRIMMED_CURVE('',#2260,(PARAMETER_VALUE(0.0)),(PARAMETER_VALUE(1.0)),.T.,.UNSPECIFIED.);
#1395=TRIMMED_CURVE('',#2261,(PARAMETER_VALUE(0.0)),(PARAMETER_VALUE(1.0)),.T.,.UNSPECIFIED.);
#1396=TRIMMED_CURVE('',#2262,(PARAMETER_VALUE(0.0)),(PARAMETER_VALUE(1.0)),.T.,.UNSPECIFIED.);
#1397=TRIMMED_CURVE('',#2263,(PARAMETER_VALUE(0.0)),(PARAMETER_VALUE(1.0)),.T.,.UNSPECIFIED.);
#1398=TRIMMED_CURVE('',#2264,(PARAMETER_VALUE(0.0)),(PARAMETER_VALUE(1.0)),.T.,.UNSPECIFIED.);
#1399=TRIMMED_CURVE('',#2265,(PARAMETER_VALUE(0.0)),(PARAMETER_VALUE(1.0)),.T.,.UNSPECIFIED.);
#1400=TRIMMED_CURVE('',#2266,(PARAMETER_VALUE(0.0)),(PARAMETER_VALUE(1.0)),.T.,.UNSPECIFIED.);
#1401=TRIMMED_CURVE('',#2267,(PARAMETER_VALUE(0.0)),(PARAMETER_VALUE(1.0)),.T.,.UNSPECIFIED.);
#1402=TRIMMED_CURVE('',#2268,(PARAMETER_VALUE(0.0)),(PARAMETER_VALUE(1.0)),.T.,.UNSPECIFIED.);
#1403=TRIMMED_CURVE('',#2269,(PARAMETER_VALUE(0.0)),(PARAMETER_VALUE(1.0)),.T.,.UNSPECIFIED.);
#1404=TRIMMED_CURVE('',#2270,(PARAMETER_VALUE(0.0)),(PARAMETER_VALUE(1.0)),.T.,.UNSPECIFIED.);
#1405=TRIMMED_CURVE('',#2271,(PARAMETER_VALUE(0.0)),(PARAMETER_VALUE(1.0)),.T.,.UNSPECIFIED.);
#1406=TRIMMED_CURVE('',#2272,(PARAMETER_VALUE(0.0)),(PARAMETER_VALUE(1.0)),.T.,.UNSPECIFIED.);
#1407=TRIMMED_CURVE('',#2273,(PARAMETER_VALUE(0.0)),(PARAMETER_VALUE(1.0)),.T.,.UNSPECIFIED.);
#1408=TRIMMED_CURVE('',#2274,(PARAMETER_VALUE(0.0)),(PARAMETER_VALUE(1.0)),.T.,.UNSPECIFIED.);
#1409=TRIMMED_CURVE('',#2275,(PARAMETER_VALUE(0.0)),(PARAMETER_VALUE(1.0)),.T.,.UNSPECIFIED.);
#1410=TRIMMED_CURVE('',#2276,(PARAMETER_VALUE(0.0)),(PARAMETER_VALUE(1.0)),.T.,.UNSPECIFIED.);
#1411=TRIMMED_CURVE('',#2277,(PARAMETER_VALUE(0.0)),(PARAMETER_VALUE(1.0)),.T.,.UNSPECIFIED.);
#1412=TRIMMED_CURVE('',#2278,(PARAMETER_VALUE(0.0)),(PARAMETER_VALUE(1.0)),.T.,.UNSPECIFIED.);
#1413=TRIMMED_CURVE('',#2279,(PARAMETER_VALUE(0.0)),(PARAMETER_VALUE(1.0)),.T.,.UNSPECIFIED.);
#1414=TRIMMED_CURVE('',#2280,(PARAMETER_VALUE(0.0)),(PARAMETER_VALUE(1.0)),.T.,.UNSPECIFIED.);
#1415=TRIMMED_CURVE('',#2281,(PARAMETER_VALUE(0.0)),(PARAMETER_VALUE(1.0)),.T.,.UNSPECIFIED.);
#1416=EDGE_LOOP('',(#2282,#2283,#2284,#2285));
#1417=AXIS2_PLACEMENT_3D('',#2286,#2287,#2288);
#1418=EDGE_LOOP('',(#2289,#2290,#2291,#2292));
#1419=AXIS2_PLACEMENT_3D('',#2293,#2294,#2295);
#1420=EDGE_LOOP('',(#2296,#2297,#2298,#2299));
#1421=AXIS2_PLACEMENT_3D('',#2300,#2301,#2302);
#1422=EDGE_LOOP('',(#2303,#2304,#2305,#2306));
#1423=AXIS2_PLACEMENT_3D('',#2307,#2308,#2309);
#1424=EDGE_LOOP('',(#2310,#2311,#2312,#2313,#2314,#2315,#2316,#2317,#2318,#2319,#2320,#2321));
#1425=AXIS2_PLACEMENT_3D('',#2322,#2323,#2324);
#1426=EDGE_LOOP('',(#2325,#2326,#2327,#2328,#2329,#2330,#2331,#2332,#2333,#2334,#2335,#2336));
#1427=AXIS2_PLACEMENT_3D('',#2337,#2338,#2339);
#1428=EDGE_LOOP('',(#2340,#2341,#2342,#2343,#2344,#2345));
#1429=AXIS2_PLACEMENT_3D('',#2346,#2347,#2348);
#1430=EDGE_LOOP('',(#2349,#2350,#2351,#2352,#2353,#2354));
#1431=AXIS2_PLACEMENT_3D('',#2355,#2356,#2357);
#1432=EDGE_LOOP('',(#2358,#2359,#2360,#2361,#2362,#2363));
#1433=AXIS2_PLACEMENT_3D('',#2364,#2365,#2366);
#1434=EDGE_LOOP('',(#2367,#2368,#2369,#2370,#2371,#2372));
#1435=AXIS2_PLACEMENT_3D('',#2373,#2374,#2375);
#1436=EDGE_LOOP('',(#2376,#2377,#2378,#2379));
#1437=AXIS2_PLACEMENT_3D('',#2380,#2381,#2382);
#1438=EDGE_LOOP('',(#2383,#2384,#2385,#2386,#2387,#2388));
#1439=AXIS2_PLACEMENT_3D('',#2389,#2390,#2391);
#1440=EDGE_LOOP('',(#2392,#2393,#2394,#2395));
#1441=AXIS2_PLACEMENT_3D('',#2396,#2397,#2398);
#1442=EDGE_LOOP('',(#2399,#2400,#2401,#2402,#2403,#2404));
#1443=AXIS2_PLACEMENT_3D('',#2405,#2406,#2407);
#1444=EDGE_LOOP('',(#2408,#2409,#2410,#2411,#2412,#2413));
#1445=AXIS2_PLACEMENT_3D('',#2414,#2415,#2416);
#1446=EDGE_LOOP('',(#2417,#2418,#2419,#2420,#2421,#2422));
#1447=AXIS2_PLACEMENT_3D('',#2423,#2424,#2425);
#1448=EDGE_LOOP('',(#2426,#2427,#2428,#2429,#2430,#2431,#2432,#2433,#2434,#2435,#2436,#2437));
#1449=AXIS2_PLACEMENT_3D('',#2438,#2439,#2440);
#1450=EDGE_LOOP('',(#2441,#2442,#2443,#2444));
#1451=AXIS2_PLACEMENT_3D('',#2445,#2446,#2447);
#1452=EDGE_LOOP('',(#2448,#2449,#2450,#2451));
#1453=AXIS2_PLACEMENT_3D('',#2452,#2453,#2454);
#1454=EDGE_LOOP('',(#2455,#2456,#2457,#2458,#2459,#2460));
#1455=AXIS2_PLACEMENT_3D('',#2461,#2462,#2463);
#1456=EDGE_LOOP('',(#2464,#2465,#2466,#2467,#2468,#2469,#2470,#2471,#2472,#2473,#2474,#2475));
#1457=AXIS2_PLACEMENT_3D('',#2476,#2477,#2478);
#1458=EDGE_LOOP('',(#2479,#2480,#2481,#2482,#2483,#2484));
#1459=AXIS2_PLACEMENT_3D('',#2485,#2486,#2487);
#1460=EDGE_LOOP('',(#2488,#2489,#2490,#2491,#2492,#2493,#2494,#2495,#2496,#2497));
#1461=AXIS2_PLACEMENT_3D('',#2498,#2499,#2500);
#1462=EDGE_LOOP('',(#2501,#2502,#2503,#2504,#2505));
#1463=AXIS2_PLACEMENT_3D('',#2506,#2507,#2508);
#1464=EDGE_LOOP('',(#2509,#2510,#2511,#2512,#2513));
#1465=AXIS2_PLACEMENT_3D('',#2514,#2515,#2516);
#1466=EDGE_LOOP('',(#2517,#2518,#2519,#2520,#2521,#2522,#2523,#2524,#2525,#2526));
#1467=AXIS2_PLACEMENT_3D('',#2527,#2528,#2529);
#1468=EDGE_LOOP('',(#2530,#2531,#2532,#2533,#2534));
#1469=AXIS2_PLACEMENT_3D('',#2535,#2536,#2537);
#1470=EDGE_LOOP('',(#2538,#2539,#2540,#2541,#2542));
#1471=AXIS2_PLACEMENT_3D('',#2543,#2544,#2545);
#1472=EDGE_LOOP('',(#2546,#2547,#2548,#2549));
#1473=AXIS2_PLACEMENT_3D('',#2550,#2551,#2552);
#1474=EDGE_LOOP('',(#2553,#2554,#2555,#2556,#2557,#2558,#2559));
#1475=AXIS2_PLACEMENT_3D('',#2560,#2561,#2562);
#1476=EDGE_LOOP('',(#2563,#2564,#2565,#2566));
#1477=AXIS2_PLACEMENT_3D('',#2567,#2568,#2569);
#1478=EDGE_LOOP('',(#2570,#2571,#2572,#2573,#2574));
#1479=AXIS2_PLACEMENT_3D('',#2575,#2576,#2577);
#1480=EDGE_LOOP('',(#2578,#2579,#2580,#2581,#2582,#2583,#2584,#2585,#2586,#2587,#2588,#2589,#2590,#2591,#2592,#2593,#2594,#2595,#2596,#2597,#2598,#2599,#2600,#2601,#2602,#2603,#2604,#2605,#2606,#2607,#2608,#2609));
#1481=AXIS2_PLACEMENT_3D('',#2610,#2611,#2612);
#1482=EDGE_LOOP('',(#2613,#2614,#2615,#2616,#2617,#2618,#2619,#2620,#2621,#2622,#2623,#2624,#2625,#2626,#2627,#2628,#2629,#2630,#2631,#2632,#2633,#2634,#2635,#2636,#2637,#2638,#2639,#2640,#2641,#2642,#2643,#2644));
#1483=AXIS2_PLACEMENT_3D('',#2645,#2646,#2647);
#1484=EDGE_LOOP('',(#2648,#2649,#2650,#2651,#2652,#2653,#2654,#2655));
#1485=AXIS2_PLACEMENT_3D('',#2656,#2657,#2658);
#1486=EDGE_LOOP('',(#2659,#2660,#2661,#2662,#2663));
#1487=AXIS2_PLACEMENT_3D('',#2664,#2665,#2666);
#1488=EDGE_LOOP('',(#2667,#2668,#2669,#2670,#2671));
#1489=AXIS2_PLACEMENT_3D('',#2672,#2673,#2674);
#1490=EDGE_LOOP('',(#2675,#2676,#2677,#2678,#2679,#2680,#2681,#2682,#2683,#2684,#2685,#2686,#2687,#2688,#2689,#2690,#2691,#2692,#2693,#2694,#2695,#2696,#2697,#2698,#2699,#2700,#2701,#2702,#2703,#2704,#2705,#2706,#2707,#2708,#2709,#2710,#2711,#2712,#2713,#2714,#2715,#2716,#2717,#2718,#2719,#2720,#2721,#2722,#2723,#2724,#2725,#2726));
#1491=AXIS2_PLACEMENT_3D('',#2727,#2728,#2729);
#1492=EDGE_LOOP('',(#2730,#2731,#2732,#2733));
#1493=AXIS2_PLACEMENT_3D('',#2734,#2735,#2736);
#1494=EDGE_LOOP('',(#2737,#2738,#2739,#2740,#2741,#2742,#2743));
#1495=AXIS2_PLACEMENT_3D('',#2744,#2745,#2746);
#1496=EDGE_LOOP('',(#2747,#2748,#2749,#2750));
#1497=AXIS2_PLACEMENT_3D('',#2751,#2752,#2753);
#1498=EDGE_LOOP('',(#2754,#2755,#2756,#2757));
#1499=AXIS2_PLACEMENT_3D('',#2758,#2759,#2760);
#1500=EDGE_LOOP('',(#2761,#2762,#2763,#2764,#2765,#2766,#2767,#2768,#2769,#2770,#2771,#2772,#2773,#2774,#2775,#2776,#2777,#2778,#2779,#2780,#2781,#2782,#2783,#2784));
#1501=AXIS2_PLACEMENT_3D('',#2785,#2786,#2787);
#1502=EDGE_LOOP('',(#2788,#2789,#2790,#2791));
#1503=AXIS2_PLACEMENT_3D('',#2792,#2793,#2794);
#1504=EDGE_LOOP('',(#2795,#2796,#2797,#2798));
#1505=AXIS2_PLACEMENT_3D('',#2799,#2800,#2801);
#1506=EDGE_LOOP('',(#2802,#2803,#2804,#2805));
#1507=AXIS2_PLACEMENT_3D('',#2806,#2807,#2808);
#1508=EDGE_LOOP('',(#2809,#2810,#2811,#2812));
#1509=AXIS2_PLACEMENT_3D('',#2813,#2814,#2815);
#1510=EDGE_LOOP('',(#2816,#2817,#2818,#2819));
#1511=AXIS2_PLACEMENT_3D('',#2820,#2821,#2822);
#1512=EDGE_LOOP('',(#2823,#2824,#2825,#2826));
#1513=AXIS2_PLACEMENT_3D('',#2827,#2828,#2829);
#1514=EDGE_LOOP('',(#2830,#2831,#2832,#2833,#2834,#2835,#2836));
#1515=AXIS2_PLACEMENT_3D('',#2837,#2838,#2839);
#1516=EDGE_LOOP('',(#2840,#2841,#2842,#2843));
#1517=AXIS2_PLACEMENT_3D('',#2844,#2845,#2846);
#1518=EDGE_LOOP('',(#2847,#2848,#2849,#2850));
#1519=AXIS2_PLACEMENT_3D('',#2851,#2852,#2853);
#1520=EDGE_LOOP('',(#2854,#2855,#2856,#2857,#2858,#2859,#2860));
#1521=AXIS2_PLACEMENT_3D('',#2861,#2862,#2863);
#1522=EDGE_LOOP('',(#2864,#2865,#2866,#2867));
#1523=AXIS2_PLACEMENT_3D('',#2868,#2869,#2870);
#1524=EDGE_LOOP('',(#2871,#2872,#2873,#2874));
#1525=AXIS2_PLACEMENT_3D('',#2875,#2876,#2877);
#1526=EDGE_LOOP('',(#2878,#2879,#2880,#2881));
#1527=AXIS2_PLACEMENT_3D('',#2882,#2883,#2884);
#1528=EDGE_LOOP('',(#2885,#2886,#2887,#2888));
#1529=AXIS2_PLACEMENT_3D('',#2889,#2890,#2891);
#1530=EDGE_LOOP('',(#2892,#2893,#2894,#2895));
#1531=AXIS2_PLACEMENT_3D('',#2896,#2897,#2898);
#1532=EDGE_LOOP('',(#2899,#2900,#2901,#2902));
#1533=AXIS2_PLACEMENT_3D('',#2903,#2904,#2905);
#1534=EDGE_LOOP('',(#2906,#2907,#2908,#2909));
#1535=AXIS2_PLACEMENT_3D('',#2910,#2911,#2912);
#1536=EDGE_LOOP('',(#2913,#2914,#2915));
#1537=AXIS2_PLACEMENT_3D('',#2916,#2917,#2918);
#1538=EDGE_LOOP('',(#2919,#2920,#2921,#2922));
#1539=AXIS2_PLACEMENT_3D('',#2923,#2924,#2925);
#1540=EDGE_LOOP('',(#2926,#2927,#2928,#2929));
#1541=AXIS2_PLACEMENT_3D('',#2930,#2931,#2932);
#1542=EDGE_LOOP('',(#2933,#2934,#2935,#2936));
#1543=AXIS2_PLACEMENT_3D('',#2937,#2938,#2939);
#1544=EDGE_LOOP('',(#2940,#2941,#2942));
#1545=AXIS2_PLACEMENT_3D('',#2943,#2944,#2945);
#1546=EDGE_LOOP('',(#2946,#2947,#2948,#2949));
#1547=AXIS2_PLACEMENT_3D('',#2950,#2951,#2952);
#1548=EDGE_LOOP('',(#2953,#2954,#2955,#2956,#2957,#2958,#2959,#2960,#2961,#2962,#2963,#2964));
#1549=AXIS2_PLACEMENT_3D('',#2965,#2966,#2967);
#1550=EDGE_LOOP('',(#2968,#2969,#2970,#2971,#2972));
#1551=AXIS2_PLACEMENT_3D('',#2973,#2974,#2975);
#1552=EDGE_LOOP('',(#2976,#2977,#2978,#2979,#2980));
#1553=AXIS2_PLACEMENT_3D('',#2981,#2982,#2983);
#1554=EDGE_LOOP('',(#2984,#2985,#2986,#2987));
#1555=AXIS2_PLACEMENT_3D('',#2988,#2989,#2990);
#1556=EDGE_LOOP('',(#2991,#2992,#2993,#2994,#2995,#2996,#2997,#2998,#2999,#3000,#3001,#3002,#3003,#3004,#3005,#3006,#3007,#3008));
#1557=EDGE_LOOP('',(#3009,#3010,#3011,#3012,#3013,#3014,#3015,#3016,#3017,#3018,#3019,#3020,#3021,#3022));
#1558=EDGE_LOOP('',(#3023,#3024,#3025,#3026,#3027,#3028,#3029,#3030,#3031,#3032,#3033,#3034,#3035,#3036));
#1559=EDGE_LOOP('',(#3037,#3038,#3039,#3040));
#1560=AXIS2_PLACEMENT_3D('',#3041,#3042,#3043);
#1561=EDGE_LOOP('',(#3044,#3045,#3046,#3047,#3048));
#1562=AXIS2_PLACEMENT_3D('',#3049,#3050,#3051);
#1563=EDGE_LOOP('',(#3052,#3053,#3054,#3055));
#1564=AXIS2_PLACEMENT_3D('',#3056,#3057,#3058);
#1565=EDGE_LOOP('',(#3059,#3060,#3061,#3062,#3063));
#1566=AXIS2_PLACEMENT_3D('',#3064,#3065,#3066);
#1567=EDGE_LOOP('',(#3067,#3068,#3069,#3070,#3071,#3072));
#1568=AXIS2_PLACEMENT_3D('',#3073,#3074,#3075);
#1569=EDGE_LOOP('',(#3076,#3077,#3078,#3079));
#1570=AXIS2_PLACEMENT_3D('',#3080,#3081,#3082);
#1571=EDGE_LOOP('',(#3083,#3084,#3085,#3086));
#1572=AXIS2_PLACEMENT_3D('',#3087,#3088,#3089);
#1573=EDGE_LOOP('',(#3090,#3091,#3092,#3093));
#1574=AXIS2_PLACEMENT_3D('',#3094,#3095,#3096);
#1575=EDGE_LOOP('',(#3097,#3098,#3099,#3100,#3101,#3102,#3103,#3104,#3105,#3106,#3107,#3108,#3109,#3110,#3111,#3112));
#1576=EDGE_LOOP('',(#3113,#3114,#3115,#3116,#3117,#3118,#3119,#3120,#3121,#3122,#3123,#3124,#3125,#3126,#3127,#3128,#3129,#3130));
#1577=EDGE_LOOP('',(#3131,#3132,#3133,#3134,#3135,#3136,#3137,#3138,#3139,#3140,#3141,#3142,#3143,#3144,#3145,#3146,#3147,#3148));
#1578=EDGE_LOOP('',(#3149,#3150,#3151,#3152,#3153,#3154));
#1579=AXIS2_PLACEMENT_3D('',#3155,#3156,#3157);
#1580=EDGE_LOOP('',(#3158,#3159,#3160,#3161));
#1581=AXIS2_PLACEMENT_3D('',#3162,#3163,#3164);
#1582=EDGE_LOOP('',(#3165,#3166,#3167,#3168));
#1583=AXIS2_PLACEMENT_3D('',#3169,#3170,#3171);
#1584=EDGE_LOOP('',(#3172,#3173,#3174,#3175,#3176,#3177));
#1585=AXIS2_PLACEMENT_3D('',#3178,#3179,#3180);
#1586=EDGE_LOOP('',(#3181,#3182,#3183,#3184));
#1587=AXIS2_PLACEMENT_3D('',#3185,#3186,#3187);
#1588=EDGE_LOOP('',(#3188,#3189,#3190,#3191));
#1589=AXIS2_PLACEMENT_3D('',#3192,#3193,#3194);
#1590=EDGE_LOOP('',(#3195,#3196,#3197,#3198));
#1591=AXIS2_PLACEMENT_3D('',#3199,#3200,#3201);
#1592=EDGE_LOOP('',(#3202,#3203,#3204,#3205));
#1593=AXIS2_PLACEMENT_3D('',#3206,#3207,#3208);
#1594=EDGE_LOOP('',(#3209,#3210,#3211,#3212));
#1595=AXIS2_PLACEMENT_3D('',#3213,#3214,#3215);
#1596=EDGE_LOOP('',(#3216,#3217,#3218,#3219));
#1597=AXIS2_PLACEMENT_3D('',#3220,#3221,#3222);
#1598=EDGE_LOOP('',(#3223,#3224,#3225,#3226));
#1599=AXIS2_PLACEMENT_3D('',#3227,#3228,#3229);
#1600=EDGE_LOOP('',(#3230,#3231,#3232,#3233));
#1601=AXIS2_PLACEMENT_3D('',#3234,#3235,#3236);
#1602=EDGE_LOOP('',(#3237,#3238,#3239,#3240));
#1603=AXIS2_PLACEMENT_3D('',#3241,#3242,#3243);
#1604=EDGE_LOOP('',(#3244,#3245,#3246,#3247));
#1605=AXIS2_PLACEMENT_3D('',#3248,#3249,#3250);
#1606=EDGE_LOOP('',(#3251,#3252,#3253,#3254));
#1607=AXIS2_PLACEMENT_3D('',#3255,#3256,#3257);
#1608=EDGE_LOOP('',(#3258,#3259,#3260,#3261,#3262,#3263));
#1609=AXIS2_PLACEMENT_3D('',#3264,#3265,#3266);
#1610=EDGE_LOOP('',(#3267,#3268,#3269,#3270));
#1611=AXIS2_PLACEMENT_3D('',#3271,#3272,#3273);
#1612=EDGE_LOOP('',(#3274,#3275,#3276,#3277));
#1613=AXIS2_PLACEMENT_3D('',#3278,#3279,#3280);
#1614=EDGE_LOOP('',(#3281,#3282,#3283,#3284,#3285,#3286));
#1615=AXIS2_PLACEMENT_3D('',#3287,#3288,#3289);
#1616=EDGE_LOOP('',(#3290,#3291,#3292,#3293,#3294));
#1617=AXIS2_PLACEMENT_3D('',#3295,#3296,#3297);
#1618=EDGE_LOOP('',(#3298,#3299,#3300,#3301));
#1619=AXIS2_PLACEMENT_3D('',#3302,#3303,#3304);
#1620=EDGE_LOOP('',(#3305,#3306,#3307,#3308,#3309));
#1621=AXIS2_PLACEMENT_3D('',#3310,#3311,#3312);
#1622=EDGE_LOOP('',(#3313,#3314,#3315,#3316));
#1623=AXIS2_PLACEMENT_3D('',#3317,#3318,#3319);
#1624=EDGE_LOOP('',(#3320,#3321,#3322,#3323));
#1625=AXIS2_PLACEMENT_3D('',#3324,#3325,#3326);
#1626=EDGE_LOOP('',(#3327,#3328,#3329,#3330));
#1627=AXIS2_PLACEMENT_3D('',#3331,#3332,#3333);
#1628=EDGE_LOOP('',(#3334,#3335,#3336,#3337));
#1629=AXIS2_PLACEMENT_3D('',#3338,#3339,#3340);
#1630=EDGE_LOOP('',(#3341,#3342,#3343,#3344));
#1631=AXIS2_PLACEMENT_3D('',#3345,#3346,#3347);
#1632=EDGE_LOOP('',(#3348,#3349,#3350,#3351));
#1633=AXIS2_PLACEMENT_3D('',#3352,#3353,#3354);
#1634=EDGE_LOOP('',(#3355,#3356,#3357,#3358));
#1635=AXIS2_PLACEMENT_3D('',#3359,#3360,#3361);
#1636=EDGE_LOOP('',(#3362,#3363,#3364,#3365));
#1637=AXIS2_PLACEMENT_3D('',#3366,#3367,#3368);
#1638=EDGE_LOOP('',(#3369,#3370,#3371,#3372));
#1639=AXIS2_PLACEMENT_3D('',#3373,#3374,#3375);
#1640=EDGE_LOOP('',(#3376,#3377,#3378,#3379));
#1641=AXIS2_PLACEMENT_3D('',#3380,#3381,#3382);
#1642=EDGE_LOOP('',(#3383,#3384,#3385,#3386));
#1643=AXIS2_PLACEMENT_3D('',#3387,#3388,#3389);
#1644=EDGE_LOOP('',(#3390,#3391,#3392,#3393,#3394,#3395,#3396,#3397,#3398,#3399,#3400));
#1645=AXIS2_PLACEMENT_3D('',#3401,#3402,#3403);
#1646=EDGE_LOOP('',(#3404,#3405,#3406,#3407,#3408,#3409,#3410,#3411,#3412,#3413,#3414,#3415,#3416,#3417,#3418,#3419));
#1647=AXIS2_PLACEMENT_3D('',#3420,#3421,#3422);
#1648=EDGE_LOOP('',(#3423,#3424,#3425,#3426,#3427,#3428,#3429,#3430,#3431,#3432,#3433));
#1649=AXIS2_PLACEMENT_3D('',#3434,#3435,#3436);
#1650=EDGE_LOOP('',(#3437,#3438,#3439,#3440));
#1651=AXIS2_PLACEMENT_3D('',#3441,#3442,#3443);
#1652=EDGE_LOOP('',(#3444,#3445,#3446,#3447));
#1653=AXIS2_PLACEMENT_3D('',#3448,#3449,#3450);
#1654=EDGE_LOOP('',(#3451,#3452,#3453,#3454,#3455,#3456,#3457,#3458));
#1655=AXIS2_PLACEMENT_3D('',#3459,#3460,#3461);
#1656=EDGE_LOOP('',(#3462,#3463,#3464,#3465,#3466,#3467,#3468,#3469));
#1657=AXIS2_PLACEMENT_3D('',#3470,#3471,#3472);
#1658=EDGE_LOOP('',(#3473,#3474,#3475,#3476));
#1659=AXIS2_PLACEMENT_3D('',#3477,#3478,#3479);
#1660=EDGE_LOOP('',(#3480,#3481,#3482,#3483,#3484,#3485));
#1661=AXIS2_PLACEMENT_3D('',#3486,#3487,#3488);
#1662=EDGE_LOOP('',(#3489,#3490,#3491,#3492));
#1663=AXIS2_PLACEMENT_3D('',#3493,#3494,#3495);
#1664=EDGE_LOOP('',(#3496,#3497,#3498,#3499,#3500,#3501,#3502,#3503,#3504,#3505,#3506,#3507,#3508,#3509,#3510,#3511));
#1665=AXIS2_PLACEMENT_3D('',#3512,#3513,#3514);
#1666=EDGE_LOOP('',(#3515,#3516,#3517,#3518,#3519,#3520,#3521,#3522,#3523,#3524,#3525,#3526,#3527,#3528,#3529,#3530));
#1667=AXIS2_PLACEMENT_3D('',#3531,#3532,#3533);
#1668=EDGE_LOOP('',(#3534,#3535,#3536,#3537));
#1669=AXIS2_PLACEMENT_3D('',#3538,#3539,#3540);
#1670=EDGE_LOOP('',(#3541,#3542,#3543,#3544,#3545,#3546));
#1671=AXIS2_PLACEMENT_3D('',#3547,#3548,#3549);
#1672=EDGE_LOOP('',(#3550,#3551,#3552,#3553));
#1673=AXIS2_PLACEMENT_3D('',#3554,#3555,#3556);
#1674=EDGE_LOOP('',(#3557,#3558,#3559,#3560,#3561,#3562));
#1675=AXIS2_PLACEMENT_3D('',#3563,#3564,#3565);
#1676=EDGE_LOOP('',(#3566,#3567,#3568,#3569));
#1677=AXIS2_PLACEMENT_3D('',#3570,#3571,#3572);
#1678=EDGE_LOOP('',(#3573,#3574,#3575,#3576));
#1679=AXIS2_PLACEMENT_3D('',#3577,#3578,#3579);
#1680=EDGE_LOOP('',(#3580,#3581,#3582,#3583));
#1681=AXIS2_PLACEMENT_3D('',#3584,#3585,#3586);
#1682=EDGE_LOOP('',(#3587,#3588,#3589,#3590));
#1683=AXIS2_PLACEMENT_3D('',#3591,#3592,#3593);
#1684=EDGE_LOOP('',(#3594,#3595,#3596,#3597,#3598,#3599,#3600,#3601,#3602,#3603));
#1685=AXIS2_PLACEMENT_3D('',#3604,#3605,#3606);
#1686=EDGE_LOOP('',(#3607,#3608,#3609,#3610,#3611));
#1687=AXIS2_PLACEMENT_3D('',#3612,#3613,#3614);
#1688=EDGE_LOOP('',(#3615,#3616,#3617,#3618,#3619));
#1689=AXIS2_PLACEMENT_3D('',#3620,#3621,#3622);
#1690=EDGE_LOOP('',(#3623,#3624,#3625,#3626,#3627,#3628));
#1691=AXIS2_PLACEMENT_3D('',#3629,#3630,#3631);
#1692=EDGE_LOOP('',(#3632,#3633,#3634,#3635,#3636));
#1693=AXIS2_PLACEMENT_3D('',#3637,#3638,#3639);
#1694=EDGE_LOOP('',(#3640,#3641,#3642,#3643,#3644));
#1695=AXIS2_PLACEMENT_3D('',#3645,#3646,#3647);
#1696=EDGE_LOOP('',(#3648,#3649,#3650,#3651,#3652,#3653,#3654,#3655,#3656,#3657));
#1697=AXIS2_PLACEMENT_3D('',#3658,#3659,#3660);
#1698=EDGE_LOOP('',(#3661,#3662,#3663,#3664));
#1699=AXIS2_PLACEMENT_3D('',#3665,#3666,#3667);
#1700=EDGE_LOOP('',(#3668,#3669,#3670,#3671,#3672,#3673,#3674));
#1701=AXIS2_PLACEMENT_3D('',#3675,#3676,#3677);
#1702=EDGE_LOOP('',(#3678,#3679,#3680,#3681,#3682,#3683,#3684,#3685,#3686,#3687));
#1703=AXIS2_PLACEMENT_3D('',#3688,#3689,#3690);
#1704=EDGE_LOOP('',(#3691,#3692,#3693,#3694,#3695,#3696));
#1705=AXIS2_PLACEMENT_3D('',#3697,#3698,#3699);
#1706=EDGE_LOOP('',(#3700,#3701,#3702,#3703));
#1707=AXIS2_PLACEMENT_3D('',#3704,#3705,#3706);
#1708=EDGE_LOOP('',(#3707,#3708,#3709,#3710,#3711,#3712,#3713,#3714));
#1709=AXIS2_PLACEMENT_3D('',#3715,#3716,#3717);
#1710=EDGE_LOOP('',(#3718,#3719,#3720,#3721));
#1711=AXIS2_PLACEMENT_3D('',#3722,#3723,#3724);
#1712=EDGE_LOOP('',(#3725,#3726,#3727,#3728));
#1713=AXIS2_PLACEMENT_3D('',#3729,#3730,#3731);
#1714=EDGE_LOOP('',(#3732,#3733,#3734,#3735,#3736,#3737,#3738,#3739,#3740,#3741,#3742,#3743,#3744,#3745,#3746,#3747,#3748,#3749,#3750,#3751,#3752,#3753,#3754,#3755,#3756,#3757,#3758,#3759,#3760,#3761));
#1715=AXIS2_PLACEMENT_3D('',#3762,#3763,#3764);
#1716=EDGE_LOOP('',(#3765,#3766,#3767,#3768,#3769,#3770,#3771,#3772,#3773,#3774,#3775,#3776,#3777,#3778,#3779,#3780,#3781,#3782,#3783,#3784,#3785,#3786,#3787,#3788,#3789,#3790,#3791,#3792,#3793,#3794));
#1717=AXIS2_PLACEMENT_3D('',#3795,#3796,#3797);
#1718=EDGE_LOOP('',(#3798,#3799,#3800,#3801));
#1719=AXIS2_PLACEMENT_3D('',#3802,#3803,#3804);
#1720=EDGE_LOOP('',(#3805,#3806,#3807,#3808));
#1721=AXIS2_PLACEMENT_3D('',#3809,#3810,#3811);
#1722=EDGE_LOOP('',(#3812,#3813,#3814,#3815));
#1723=AXIS2_PLACEMENT_3D('',#3816,#3817,#3818);
#1724=EDGE_LOOP('',(#3819,#3820,#3821,#3822));
#1725=AXIS2_PLACEMENT_3D('',#3823,#3824,#3825);
#1726=EDGE_LOOP('',(#3826,#3827,#3828,#3829));
#1727=AXIS2_PLACEMENT_3D('',#3830,#3831,#3832);
#1728=EDGE_LOOP('',(#3833,#3834,#3835,#3836));
#1729=AXIS2_PLACEMENT_3D('',#3837,#3838,#3839);
#1730=EDGE_LOOP('',(#3840,#3841,#3842,#3843,#3844,#3845,#3846,#3847));
#1731=AXIS2_PLACEMENT_3D('',#3848,#3849,#3850);
#1732=EDGE_LOOP('',(#3851,#3852,#3853,#3854,#3855,#3856,#3857,#3858));
#1733=AXIS2_PLACEMENT_3D('',#3859,#3860,#3861);
#1734=EDGE_LOOP('',(#3862,#3863,#3864,#3865,#3866,#3867,#3868,#3869));
#1735=AXIS2_PLACEMENT_3D('',#3870,#3871,#3872);
#1736=EDGE_LOOP('',(#3873,#3874,#3875,#3876,#3877,#3878,#3879,#3880));
#1737=AXIS2_PLACEMENT_3D('',#3881,#3882,#3883);
#1738=EDGE_LOOP('',(#3884,#3885,#3886,#3887,#3888,#3889,#3890,#3891));
#1739=AXIS2_PLACEMENT_3D('',#3892,#3893,#3894);
#1740=EDGE_LOOP('',(#3895,#3896,#3897,#3898));
#1741=AXIS2_PLACEMENT_3D('',#3899,#3900,#3901);
#1742=EDGE_LOOP('',(#3902,#3903,#3904,#3905));
#1743=AXIS2_PLACEMENT_3D('',#3906,#3907,#3908);
#1744=EDGE_LOOP('',(#3909,#3910,#3911,#3912));
#1745=AXIS2_PLACEMENT_3D('',#3913,#3914,#3915);
#1746=EDGE_LOOP('',(#3916,#3917,#3918,#3919,#3920,#3921));
#1747=AXIS2_PLACEMENT_3D('',#3922,#3923,#3924);
#1748=EDGE_LOOP('',(#3925,#3926,#3927,#3928));
#1749=AXIS2_PLACEMENT_3D('',#3929,#3930,#3931);
#1750=EDGE_LOOP('',(#3932,#3933,#3934,#3935));
#1751=AXIS2_PLACEMENT_3D('',#3936,#3937,#3938);
#1752=EDGE_LOOP('',(#3939,#3940,#3941,#3942));
#1753=AXIS2_PLACEMENT_3D('',#3943,#3944,#3945);
#1754=EDGE_LOOP('',(#3946,#3947,#3948,#3949));
#1755=AXIS2_PLACEMENT_3D('',#3950,#3951,#3952);
#1756=EDGE_LOOP('',(#3953,#3954,#3955,#3956));
#1757=AXIS2_PLACEMENT_3D('',#3957,#3958,#3959);
#1758=EDGE_LOOP('',(#3960,#3961,#3962,#3963));
#1759=AXIS2_PLACEMENT_3D('',#3964,#3965,#3966);
#1760=EDGE_LOOP('',(#3967,#3968,#3969,#3970,#3971,#3972,#3973,#3974));
#1761=AXIS2_PLACEMENT_3D('',#3975,#3976,#3977);
#1762=EDGE_LOOP('',(#3978,#3979,#3980,#3981));
#1763=AXIS2_PLACEMENT_3D('',#3982,#3983,#3984);
#1764=EDGE_LOOP('',(#3985,#3986,#3987,#3988));
#1765=AXIS2_PLACEMENT_3D('',#3989,#3990,#3991);
#1766=EDGE_LOOP('',(#3992,#3993,#3994,#3995));
#1767=AXIS2_PLACEMENT_3D('',#3996,#3997,#3998);
#1768=EDGE_LOOP('',(#3999,#4000,#4001,#4002,#4003,#4004,#4005,#4006,#4007));
#1769=AXIS2_PLACEMENT_3D('',#4008,#4009,#4010);
#1770=EDGE_LOOP('',(#4011,#4012,#4013,#4014,#4015));
#1771=AXIS2_PLACEMENT_3D('',#4016,#4017,#4018);
#1772=EDGE_LOOP('',(#4019,#4020,#4021,#4022,#4023));
#1773=AXIS2_PLACEMENT_3D('',#4024,#4025,#4026);
#1774=EDGE_LOOP('',(#4027,#4028,#4029,#4030,#4031,#4032,#4033,#4034,#4035));
#1775=AXIS2_PLACEMENT_3D('',#4036,#4037,#4038);
#1776=EDGE_LOOP('',(#4039,#4040,#4041,#4042));
#1777=AXIS2_PLACEMENT_3D('',#4043,#4044,#4045);
#1778=EDGE_LOOP('',(#4046,#4047,#4048,#4049));
#1779=AXIS2_PLACEMENT_3D('',#4050,#4051,#4052);
#1780=EDGE_LOOP('',(#4053,#4054,#4055,#4056));
#1781=AXIS2_PLACEMENT_3D('',#4057,#4058,#4059);
#1782=EDGE_LOOP('',(#4060,#4061,#4062,#4063));
#1783=AXIS2_PLACEMENT_3D('',#4064,#4065,#4066);
#1784=EDGE_LOOP('',(#4067,#4068,#4069,#4070));
#1785=AXIS2_PLACEMENT_3D('',#4071,#4072,#4073);
#1786=EDGE_LOOP('',(#4074,#4075,#4076,#4077,#4078,#4079));
#1787=AXIS2_PLACEMENT_3D('',#4080,#4081,#4082);
#1788=EDGE_LOOP('',(#4083,#4084,#4085,#4086));
#1789=AXIS2_PLACEMENT_3D('',#4087,#4088,#4089);
#1790=EDGE_LOOP('',(#4090,#4091,#4092,#4093));
#1791=AXIS2_PLACEMENT_3D('',#4094,#4095,#4096);
#1792=EDGE_LOOP('',(#4097,#4098,#4099,#4100));
#1793=AXIS2_PLACEMENT_3D('',#4101,#4102,#4103);
#1794=EDGE_LOOP('',(#4104,#4105,#4106,#4107,#4108));
#1795=AXIS2_PLACEMENT_3D('',#4109,#4110,#4111);
#1796=EDGE_LOOP('',(#4112,#4113,#4114,#4115,#4116));
#1797=AXIS2_PLACEMENT_3D('',#4117,#4118,#4119);
#1798=EDGE_LOOP('',(#4120,#4121,#4122,#4123));
#1799=AXIS2_PLACEMENT_3D('',#4124,#4125,#4126);
#1800=EDGE_LOOP('',(#4127,#4128,#4129,#4130,#4131,#4132));
#1801=AXIS2_PLACEMENT_3D('',#4133,#4134,#4135);
#1802=EDGE_LOOP('',(#4136,#4137,#4138,#4139));
#1803=AXIS2_PLACEMENT_3D('',#4140,#4141,#4142);
#1804=EDGE_LOOP('',(#4143,#4144,#4145,#4146));
#1805=AXIS2_PLACEMENT_3D('',#4147,#4148,#4149);
#1806=EDGE_LOOP('',(#4150,#4151,#4152,#4153));
#1807=AXIS2_PLACEMENT_3D('',#4154,#4155,#4156);
#1808=EDGE_LOOP('',(#4157,#4158,#4159,#4160,#4161,#4162));
#1809=AXIS2_PLACEMENT_3D('',#4163,#4164,#4165);
#1810=EDGE_LOOP('',(#4166,#4167,#4168,#4169));
#1811=AXIS2_PLACEMENT_3D('',#4170,#4171,#4172);
#1812=EDGE_LOOP('',(#4173,#4174,#4175,#4176));
#1813=AXIS2_PLACEMENT_3D('',#4177,#4178,#4179);
#1814=EDGE_LOOP('',(#4180,#4181,#4182,#4183,#4184,#4185));
#1815=AXIS2_PLACEMENT_3D('',#4186,#4187,#4188);
#1816=EDGE_LOOP('',(#4189,#4190,#4191,#4192));
#1817=AXIS2_PLACEMENT_3D('',#4193,#4194,#4195);
#1818=EDGE_LOOP('',(#4196,#4197,#4198,#4199,#4200,#4201));
#1819=AXIS2_PLACEMENT_3D('',#4202,#4203,#4204);
#1820=EDGE_LOOP('',(#4205,#4206,#4207,#4208,#4209,#4210,#4211,#4212,#4213,#4214,#4215,#4216,#4217,#4218,#4219,#4220,#4221,#4222));
#1821=AXIS2_PLACEMENT_3D('',#4223,#4224,#4225);
#1822=EDGE_LOOP('',(#4226,#4227,#4228,#4229,#4230,#4231,#4232,#4233,#4234,#4235,#4236,#4237,#4238,#4239,#4240,#4241,#4242,#4243,#4244,#4245,#4246,#4247,#4248,#4249));
#1823=AXIS2_PLACEMENT_3D('',#4250,#4251,#4252);
#1824=EDGE_LOOP('',(#4253,#4254,#4255,#4256));
#1825=AXIS2_PLACEMENT_3D('',#4257,#4258,#4259);
#1826=EDGE_LOOP('',(#4260,#4261,#4262,#4263,#4264));
#1827=AXIS2_PLACEMENT_3D('',#4265,#4266,#4267);
#1828=EDGE_LOOP('',(#4268,#4269,#4270,#4271,#4272,#4273));
#1829=AXIS2_PLACEMENT_3D('',#4274,#4275,#4276);
#1830=EDGE_LOOP('',(#4277,#4278,#4279,#4280,#4281,#4282));
#1831=AXIS2_PLACEMENT_3D('',#4283,#4284,#4285);
#1832=EDGE_LOOP('',(#4286,#4287,#4288,#4289,#4290,#4291));
#1833=AXIS2_PLACEMENT_3D('',#4292,#4293,#4294);
#1834=EDGE_LOOP('',(#4295,#4296,#4297,#4298,#4299,#4300));
#1835=AXIS2_PLACEMENT_3D('',#4301,#4302,#4303);
#1836=EDGE_LOOP('',(#4304,#4305,#4306,#4307,#4308));
#1837=AXIS2_PLACEMENT_3D('',#4309,#4310,#4311);
#1838=EDGE_LOOP('',(#4312,#4313,#4314,#4315));
#1839=AXIS2_PLACEMENT_3D('',#4316,#4317,#4318);
#1840=EDGE_LOOP('',(#4319,#4320,#4321,#4322));
#1841=AXIS2_PLACEMENT_3D('',#4323,#4324,#4325);
#1842=EDGE_LOOP('',(#4326,#4327,#4328,#4329));
#1843=AXIS2_PLACEMENT_3D('',#4330,#4331,#4332);
#1844=EDGE_LOOP('',(#4333,#4334,#4335,#4336));
#1845=AXIS2_PLACEMENT_3D('',#4337,#4338,#4339);
#1846=EDGE_LOOP('',(#4340,#4341,#4342,#4343));
#1847=AXIS2_PLACEMENT_3D('',#4344,#4345,#4346);
#1848=EDGE_LOOP('',(#4347,#4348,#4349,#4350));
#1849=AXIS2_PLACEMENT_3D('',#4351,#4352,#4353);
#1850=EDGE_LOOP('',(#4354,#4355,#4356,#4357));
#1851=AXIS2_PLACEMENT_3D('',#4358,#4359,#4360);
#1852=EDGE_LOOP('',(#4361,#4362,#4363,#4364,#4365,#4366,#4367,#4368));
#1853=AXIS2_PLACEMENT_3D('',#4369,#4370,#4371);
#1854=EDGE_LOOP('',(#4372,#4373,#4374,#4375,#4376,#4377,#4378,#4379,#4380,#4381,#4382));
#1855=AXIS2_PLACEMENT_3D('',#4383,#4384,#4385);
#1856=EDGE_LOOP('',(#4386,#4387,#4388,#4389,#4390,#4391,#4392,#4393,#4394,#4395,#4396));
#1857=AXIS2_PLACEMENT_3D('',#4397,#4398,#4399);
#1858=EDGE_LOOP('',(#4400,#4401,#4402,#4403,#4404,#4405,#4406,#4407,#4408,#4409,#4410,#4411,#4412,#4413,#4414,#4415,#4416,#4417));
#1859=AXIS2_PLACEMENT_3D('',#4418,#4419,#4420);
#1860=EDGE_LOOP('',(#4421,#4422,#4423,#4424,#4425));
#1861=AXIS2_PLACEMENT_3D('',#4426,#4427,#4428);
#1862=EDGE_LOOP('',(#4429,#4430,#4431,#4432));
#1863=AXIS2_PLACEMENT_3D('',#4433,#4434,#4435);
#1864=EDGE_LOOP('',(#4436,#4437,#4438,#4439));
#1865=AXIS2_PLACEMENT_3D('',#4440,#4441,#4442);
#1866=EDGE_LOOP('',(#4443,#4444,#4445,#4446,#4447,#4448,#4449,#4450));
#1867=AXIS2_PLACEMENT_3D('',#4451,#4452,#4453);
#1868=EDGE_LOOP('',(#4454,#4455,#4456,#4457));
#1869=AXIS2_PLACEMENT_3D('',#4458,#4459,#4460);
#1870=EDGE_LOOP('',(#4461,#4462,#4463,#4464,#4465,#4466));
#1871=AXIS2_PLACEMENT_3D('',#4467,#4468,#4469);
#1872=EDGE_LOOP('',(#4470,#4471,#4472,#4473,#4474,#4475));
#1873=AXIS2_PLACEMENT_3D('',#4476,#4477,#4478);
#1874=EDGE_LOOP('',(#4479,#4480,#4481,#4482,#4483,#4484,#4485,#4486));
#1875=AXIS2_PLACEMENT_3D('',#4487,#4488,#4489);
#1876=EDGE_LOOP('',(#4490,#4491,#4492,#4493));
#1877=AXIS2_PLACEMENT_3D('',#4494,#4495,#4496);
#1878=EDGE_LOOP('',(#4497,#4498,#4499));
#1879=AXIS2_PLACEMENT_3D('',#4500,#4501,#4502);
#1880=EDGE_LOOP('',(#4503,#4504,#4505));
#1881=AXIS2_PLACEMENT_3D('',#4506,#4507,#4508);
#1882=EDGE_LOOP('',(#4509,#4510,#4511,#4512,#4513,#4514));
#1883=AXIS2_PLACEMENT_3D('',#4515,#4516,#4517);
#1884=EDGE_LOOP('',(#4518,#4519,#4520,#4521,#4522,#4523));
#1885=AXIS2_PLACEMENT_3D('',#4524,#4525,#4526);
#1886=EDGE_LOOP('',(#4527,#4528,#4529,#4530,#4531,#4532,#4533,#4534,#4535,#4536,#4537,#4538,#4539,#4540,#4541,#4542,#4543,#4544));
#1887=AXIS2_PLACEMENT_3D('',#4545,#4546,#4547);
#1888=EDGE_LOOP('',(#4548,#4549,#4550,#4551));
#1889=AXIS2_PLACEMENT_3D('',#4552,#4553,#4554);
#1890=EDGE_LOOP('',(#4555,#4556,#4557,#4558));
#1891=AXIS2_PLACEMENT_3D('',#4559,#4560,#4561);
#1892=EDGE_LOOP('',(#4562,#4563,#4564,#4565));
#1893=AXIS2_PLACEMENT_3D('',#4566,#4567,#4568);
#1894=EDGE_LOOP('',(#4569,#4570,#4571,#4572,#4573));
#1895=AXIS2_PLACEMENT_3D('',#4574,#4575,#4576);
#1896=EDGE_LOOP('',(#4577,#4578,#4579,#4580));
#1897=AXIS2_PLACEMENT_3D('',#4581,#4582,#4583);
#1898=EDGE_LOOP('',(#4584,#4585,#4586,#4587));
#1899=AXIS2_PLACEMENT_3D('',#4588,#4589,#4590);
#1900=EDGE_LOOP('',(#4591,#4592,#4593,#4594,#4595));
#1901=AXIS2_PLACEMENT_3D('',#4596,#4597,#4598);
#1902=EDGE_LOOP('',(#4599,#4600,#4601,#4602));
#1903=AXIS2_PLACEMENT_3D('',#4603,#4604,#4605);
#1904=EDGE_LOOP('',(#4606,#4607,#4608,#4609));
#1905=AXIS2_PLACEMENT_3D('',#4610,#4611,#4612);
#1906=EDGE_LOOP('',(#4613,#4614,#4615,#4616,#4617));
#1907=AXIS2_PLACEMENT_3D('',#4618,#4619,#4620);
#1908=EDGE_LOOP('',(#4621,#4622,#4623,#4624));
#1909=AXIS2_PLACEMENT_3D('',#4625,#4626,#4627);
#1910=EDGE_LOOP('',(#4628,#4629,#4630,#4631));
#1911=AXIS2_PLACEMENT_3D('',#4632,#4633,#4634);
#1912=EDGE_LOOP('',(#4635,#4636,#4637,#4638));
#1913=AXIS2_PLACEMENT_3D('',#4639,#4640,#4641);
#1914=EDGE_LOOP('',(#4642,#4643,#4644,#4645));
#1915=AXIS2_PLACEMENT_3D('',#4646,#4647,#4648);
#1916=EDGE_LOOP('',(#4649,#4650,#4651,#4652,#4653));
#1917=AXIS2_PLACEMENT_3D('',#4654,#4655,#4656);
#1918=EDGE_LOOP('',(#4657,#4658,#4659,#4660));
#1919=AXIS2_PLACEMENT_3D('',#4661,#4662,#4663);
#1920=EDGE_LOOP('',(#4664,#4665,#4666,#4667,#4668));
#1921=AXIS2_PLACEMENT_3D('',#4669,#4670,#4671);
#1922=EDGE_LOOP('',(#4672,#4673,#4674,#4675,#4676));
#1923=AXIS2_PLACEMENT_3D('',#4677,#4678,#4679);
#1924=EDGE_LOOP('',(#4680,#4681,#4682,#4683,#4684,#4685));
#1925=AXIS2_PLACEMENT_3D('',#4686,#4687,#4688);
#1926=EDGE_LOOP('',(#4689,#4690,#4691,#4692));
#1927=AXIS2_PLACEMENT_3D('',#4693,#4694,#4695);
#1928=EDGE_LOOP('',(#4696,#4697,#4698,#4699,#4700));
#1929=AXIS2_PLACEMENT_3D('',#4701,#4702,#4703);
#1930=EDGE_LOOP('',(#4704,#4705,#4706,#4707));
#1931=AXIS2_PLACEMENT_3D('',#4708,#4709,#4710);
#1932=EDGE_LOOP('',(#4711,#4712,#4713,#4714,#4715,#4716));
#1933=AXIS2_PLACEMENT_3D('',#4717,#4718,#4719);
#1934=EDGE_LOOP('',(#4720,#4721,#4722,#4723));
#1935=AXIS2_PLACEMENT_3D('',#4724,#4725,#4726);
#1936=EDGE_LOOP('',(#4727,#4728,#4729,#4730));
#1937=AXIS2_PLACEMENT_3D('',#4731,#4732,#4733);
#1938=EDGE_LOOP('',(#4734,#4735,#4736,#4737,#4738,#4739));
#1939=AXIS2_PLACEMENT_3D('',#4740,#4741,#4742);
#1940=EDGE_LOOP('',(#4743,#4744,#4745,#4746));
#1941=AXIS2_PLACEMENT_3D('',#4747,#4748,#4749);
#1942=EDGE_LOOP('',(#4750,#4751,#4752,#4753,#4754));
#1943=AXIS2_PLACEMENT_3D('',#4755,#4756,#4757);
#1944=EDGE_LOOP('',(#4758,#4759,#4760,#4761));
#1945=AXIS2_PLACEMENT_3D('',#4762,#4763,#4764);
#1946=EDGE_LOOP('',(#4765,#4766,#4767,#4768));
#1947=AXIS2_PLACEMENT_3D('',#4769,#4770,#4771);
#1948=EDGE_LOOP('',(#4772,#4773,#4774,#4775));
#1949=AXIS2_PLACEMENT_3D('',#4776,#4777,#4778);
#1950=EDGE_LOOP('',(#4779,#4780,#4781,#4782));
#1951=AXIS2_PLACEMENT_3D('',#4783,#4784,#4785);
#1952=EDGE_LOOP('',(#4786,#4787,#4788,#4789,#4790));
#1953=AXIS2_PLACEMENT_3D('',#4791,#4792,#4793);
#1954=EDGE_LOOP('',(#4794,#4795,#4796,#4797));
#1955=AXIS2_PLACEMENT_3D('',#4798,#4799,#4800);
#1956=EDGE_LOOP('',(#4801,#4802,#4803,#4804));
#1957=AXIS2_PLACEMENT_3D('',#4805,#4806,#4807);
#1958=EDGE_LOOP('',(#4808,#4809,#4810,#4811,#4812,#4813,#4814,#4815));
#1959=AXIS2_PLACEMENT_3D('',#4816,#4817,#4818);
#1960=EDGE_LOOP('',(#4819,#4820,#4821,#4822,#4823,#4824));
#1961=AXIS2_PLACEMENT_3D('',#4825,#4826,#4827);
#1962=EDGE_LOOP('',(#4828,#4829,#4830,#4831,#4832,#4833));
#1963=AXIS2_PLACEMENT_3D('',#4834,#4835,#4836);
#1964=EDGE_LOOP('',(#4837,#4838,#4839,#4840));
#1965=AXIS2_PLACEMENT_3D('',#4841,#4842,#4843);
#1966=EDGE_LOOP('',(#4844,#4845,#4846,#4847));
#1967=AXIS2_PLACEMENT_3D('',#4848,#4849,#4850);
#1968=EDGE_LOOP('',(#4851,#4852,#4853,#4854));
#1969=AXIS2_PLACEMENT_3D('',#4855,#4856,#4857);
#1970=EDGE_LOOP('',(#4858,#4859,#4860,#4861,#4862,#4863,#4864,#4865));
#1971=AXIS2_PLACEMENT_3D('',#4866,#4867,#4868);
#1972=EDGE_LOOP('',(#4869,#4870,#4871,#4872));
#1973=AXIS2_PLACEMENT_3D('',#4873,#4874,#4875);
#1974=EDGE_LOOP('',(#4876,#4877,#4878,#4879));
#1975=AXIS2_PLACEMENT_3D('',#4880,#4881,#4882);
#1976=EDGE_LOOP('',(#4883,#4884,#4885,#4886));
#1977=AXIS2_PLACEMENT_3D('',#4887,#4888,#4889);
#1978=EDGE_LOOP('',(#4890,#4891,#4892,#4893));
#1979=AXIS2_PLACEMENT_3D('',#4894,#4895,#4896);
#1980=EDGE_LOOP('',(#4897,#4898,#4899,#4900));
#1981=AXIS2_PLACEMENT_3D('',#4901,#4902,#4903);
#1982=EDGE_LOOP('',(#4904,#4905,#4906,#4907));
#1983=AXIS2_PLACEMENT_3D('',#4908,#4909,#4910);
#1984=EDGE_LOOP('',(#4911,#4912,#4913,#4914,#4915,#4916));
#1985=AXIS2_PLACEMENT_3D('',#4917,#4918,#4919);
#1986=EDGE_LOOP('',(#4920,#4921,#4922,#4923,#4924,#4925));
#1987=AXIS2_PLACEMENT_3D('',#4926,#4927,#4928);
#1988=EDGE_LOOP('',(#4929,#4930,#4931,#4932));
#1989=AXIS2_PLACEMENT_3D('',#4933,#4934,#4935);
#1990=EDGE_LOOP('',(#4936,#4937,#4938,#4939,#4940,#4941));
#1991=AXIS2_PLACEMENT_3D('',#4942,#4943,#4944);
#1992=EDGE_LOOP('',(#4945,#4946,#4947,#4948));
#1993=AXIS2_PLACEMENT_3D('',#4949,#4950,#4951);
#1994=EDGE_LOOP('',(#4952,#4953,#4954,#4955));
#1995=AXIS2_PLACEMENT_3D('',#4956,#4957,#4958);
#1996=EDGE_LOOP('',(#4959,#4960,#4961,#4962));
#1997=AXIS2_PLACEMENT_3D('',#4963,#4964,#4965);
#1998=EDGE_LOOP('',(#4966,#4967,#4968,#4969));
#1999=AXIS2_PLACEMENT_3D('',#4970,#4971,#4972);
#2000=EDGE_LOOP('',(#4973,#4974,#4975,#4976,#4977,#4978));
#2001=AXIS2_PLACEMENT_3D('',#4979,#4980,#4981);
#2002=EDGE_LOOP('',(#4982,#4983,#4984,#4985,#4986,#4987));
#2003=AXIS2_PLACEMENT_3D('',#4988,#4989,#4990);
#2004=EDGE_LOOP('',(#4991,#4992,#4993,#4994));
#2005=AXIS2_PLACEMENT_3D('',#4995,#4996,#4997);
#2006=EDGE_LOOP('',(#4998,#4999,#5000,#5001,#5002,#5003));
#2007=AXIS2_PLACEMENT_3D('',#5004,#5005,#5006);
#2008=EDGE_LOOP('',(#5007,#5008,#5009,#5010));
#2009=AXIS2_PLACEMENT_3D('',#5011,#5012,#5013);
#2010=EDGE_LOOP('',(#5014,#5015,#5016,#5017));
#2011=AXIS2_PLACEMENT_3D('',#5018,#5019,#5020);
#2012=EDGE_LOOP('',(#5021,#5022,#5023,#5024));
#2013=AXIS2_PLACEMENT_3D('',#5025,#5026,#5027);
#2014=EDGE_LOOP('',(#5028,#5029,#5030,#5031));
#2015=AXIS2_PLACEMENT_3D('',#5032,#5033,#5034);
#2016=EDGE_LOOP('',(#5035,#5036,#5037,#5038));
#2017=AXIS2_PLACEMENT_3D('',#5039,#5040,#5041);
#2018=EDGE_LOOP('',(#5042,#5043,#5044,#5045,#5046,#5047));
#2019=AXIS2_PLACEMENT_3D('',#5048,#5049,#5050);
#2020=EDGE_LOOP('',(#5051,#5052,#5053,#5054,#5055,#5056));
#2021=AXIS2_PLACEMENT_3D('',#5057,#5058,#5059);
#2022=EDGE_LOOP('',(#5060,#5061,#5062,#5063));
#2023=AXIS2_PLACEMENT_3D('',#5064,#5065,#5066);
#2024=EDGE_LOOP('',(#5067,#5068,#5069,#5070,#5071,#5072));
#2025=AXIS2_PLACEMENT_3D('',#5073,#5074,#5075);
#2026=EDGE_LOOP('',(#5076,#5077,#5078,#5079));
#2027=AXIS2_PLACEMENT_3D('',#5080,#5081,#5082);
#2028=EDGE_LOOP('',(#5083,#5084,#5085,#5086));
#2029=AXIS2_PLACEMENT_3D('',#5087,#5088,#5089);
#2030=EDGE_LOOP('',(#5090,#5091,#5092,#5093));
#2031=AXIS2_PLACEMENT_3D('',#5094,#5095,#5096);
#2032=EDGE_LOOP('',(#5097,#5098,#5099,#5100));
#2033=AXIS2_PLACEMENT_3D('',#5101,#5102,#5103);
#2034=EDGE_LOOP('',(#5104,#5105,#5106,#5107));
#2035=AXIS2_PLACEMENT_3D('',#5108,#5109,#5110);
#2036=EDGE_LOOP('',(#5111,#5112,#5113,#5114,#5115,#5116));
#2037=AXIS2_PLACEMENT_3D('',#5117,#5118,#5119);
#2038=EDGE_LOOP('',(#5120,#5121,#5122,#5123,#5124,#5125));
#2039=AXIS2_PLACEMENT_3D('',#5126,#5127,#5128);
#2040=EDGE_LOOP('',(#5129,#5130,#5131,#5132));
#2041=AXIS2_PLACEMENT_3D('',#5133,#5134,#5135);
#2042=EDGE_LOOP('',(#5136,#5137,#5138,#5139,#5140,#5141));
#2043=AXIS2_PLACEMENT_3D('',#5142,#5143,#5144);
#2044=EDGE_LOOP('',(#5145,#5146,#5147,#5148));
#2045=AXIS2_PLACEMENT_3D('',#5149,#5150,#5151);
#2046=EDGE_LOOP('',(#5152,#5153,#5154,#5155));
#2047=AXIS2_PLACEMENT_3D('',#5156,#5157,#5158);
#2048=EDGE_LOOP('',(#5159,#5160,#5161,#5162));
#2049=AXIS2_PLACEMENT_3D('',#5163,#5164,#5165);
#2050=EDGE_LOOP('',(#5166,#5167,#5168,#5169));
#2051=AXIS2_PLACEMENT_3D('',#5170,#5171,#5172);
#2052=EDGE_LOOP('',(#5173,#5174,#5175,#5176));
#2053=AXIS2_PLACEMENT_3D('',#5177,#5178,#5179);
#2054=EDGE_LOOP('',(#5180,#5181,#5182,#5183,#5184,#5185));
#2055=AXIS2_PLACEMENT_3D('',#5186,#5187,#5188);
#2056=EDGE_LOOP('',(#5189,#5190,#5191,#5192,#5193,#5194));
#2057=AXIS2_PLACEMENT_3D('',#5195,#5196,#5197);
#2058=EDGE_LOOP('',(#5198,#5199,#5200,#5201));
#2059=AXIS2_PLACEMENT_3D('',#5202,#5203,#5204);
#2060=EDGE_LOOP('',(#5205,#5206,#5207,#5208,#5209,#5210));
#2061=AXIS2_PLACEMENT_3D('',#5211,#5212,#5213);
#2062=EDGE_LOOP('',(#5214,#5215,#5216,#5217));
#2063=AXIS2_PLACEMENT_3D('',#5218,#5219,#5220);
#2064=EDGE_LOOP('',(#5221,#5222,#5223,#5224));
#2065=AXIS2_PLACEMENT_3D('',#5225,#5226,#5227);
#2066=EDGE_LOOP('',(#5228,#5229,#5230,#5231));
#2067=AXIS2_PLACEMENT_3D('',#5232,#5233,#5234);
#2068=EDGE_LOOP('',(#5235,#5236,#5237,#5238));
#2069=AXIS2_PLACEMENT_3D('',#5239,#5240,#5241);
#2070=EDGE_LOOP('',(#5242,#5243,#5244,#5245,#5246));
#2071=AXIS2_PLACEMENT_3D('',#5247,#5248,#5249);
#2072=EDGE_LOOP('',(#5250,#5251,#5252,#5253,#5254));
#2073=AXIS2_PLACEMENT_3D('',#5255,#5256,#5257);
#2074=EDGE_LOOP('',(#5258,#5259,#5260,#5261,#5262));
#2075=AXIS2_PLACEMENT_3D('',#5263,#5264,#5265);
#2076=EDGE_LOOP('',(#5266,#5267,#5268,#5269));
#2077=AXIS2_PLACEMENT_3D('',#5270,#5271,#5272);
#2078=EDGE_LOOP('',(#5273,#5274,#5275,#5276));
#2079=AXIS2_PLACEMENT_3D('',#5277,#5278,#5279);
#2080=EDGE_LOOP('',(#5280,#5281,#5282,#5283));
#2081=AXIS2_PLACEMENT_3D('',#5284,#5285,#5286);
#2082=EDGE_LOOP('',(#5287,#5288,#5289,#5290));
#2083=AXIS2_PLACEMENT_3D('',#5291,#5292,#5293);
#2084=EDGE_LOOP('',(#5294,#5295,#5296,#5297));
#2085=AXIS2_PLACEMENT_3D('',#5298,#5299,#5300);
#2086=EDGE_LOOP('',(#5301,#5302,#5303,#5304,#5305,#5306,#5307,#5308));
#2087=AXIS2_PLACEMENT_3D('',#5309,#5310,#5311);
#2088=EDGE_LOOP('',(#5312,#5313,#5314,#5315));
#2089=AXIS2_PLACEMENT_3D('',#5316,#5317,#5318);
#2090=EDGE_LOOP('',(#5319,#5320,#5321,#5322));
#2091=AXIS2_PLACEMENT_3D('',#5323,#5324,#5325);
#2092=EDGE_LOOP('',(#5326,#5327,#5328,#5329,#5330,#5331,#5332,#5333,#5334,#5335));
#2093=AXIS2_PLACEMENT_3D('',#5336,#5337,#5338);
#2094=EDGE_LOOP('',(#5339,#5340,#5341,#5342));
#2095=AXIS2_PLACEMENT_3D('',#5343,#5344,#5345);
#2096=EDGE_LOOP('',(#5346,#5347,#5348,#5349));
#2097=AXIS2_PLACEMENT_3D('',#5350,#5351,#5352);
#2098=EDGE_LOOP('',(#5353,#5354,#5355,#5356));
#2099=AXIS2_PLACEMENT_3D('',#5357,#5358,#5359);
#2100=EDGE_LOOP('',(#5360,#5361,#5362,#5363));
#2101=AXIS2_PLACEMENT_3D('',#5364,#5365,#5366);
#2102=EDGE_LOOP('',(#5367,#5368,#5369,#5370));
#2103=AXIS2_PLACEMENT_3D('',#5371,#5372,#5373);
#2104=EDGE_LOOP('',(#5374,#5375,#5376,#5377));
#2105=AXIS2_PLACEMENT_3D('',#5378,#5379,#5380);
#2106=EDGE_LOOP('',(#5381,#5382,#5383,#5384));
#2107=AXIS2_PLACEMENT_3D('',#5385,#5386,#5387);
#2108=EDGE_LOOP('',(#5388,#5389,#5390,#5391));
#2109=AXIS2_PLACEMENT_3D('',#5392,#5393,#5394);
#2110=EDGE_LOOP('',(#5395,#5396,#5397,#5398));
#2111=AXIS2_PLACEMENT_3D('',#5399,#5400,#5401);
#2112=EDGE_LOOP('',(#5402,#5403,#5404,#5405));
#2113=AXIS2_PLACEMENT_3D('',#5406,#5407,#5408);
#2114=EDGE_LOOP('',(#5409,#5410,#5411,#5412));
#2115=AXIS2_PLACEMENT_3D('',#5413,#5414,#5415);
#2116=EDGE_LOOP('',(#5416,#5417,#5418,#5419));
#2117=AXIS2_PLACEMENT_3D('',#5420,#5421,#5422);
#2118=EDGE_LOOP('',(#5423,#5424,#5425,#5426,#5427,#5428));
#2119=AXIS2_PLACEMENT_3D('',#5429,#5430,#5431);
#2120=EDGE_LOOP('',(#5432,#5433,#5434,#5435));
#2121=AXIS2_PLACEMENT_3D('',#5436,#5437,#5438);
#2122=EDGE_LOOP('',(#5439,#5440,#5441,#5442));
#2123=AXIS2_PLACEMENT_3D('',#5443,#5444,#5445);
#2124=EDGE_LOOP('',(#5446,#5447,#5448,#5449));
#2125=AXIS2_PLACEMENT_3D('',#5450,#5451,#5452);
#2126=EDGE_LOOP('',(#5453,#5454,#5455,#5456));
#2127=AXIS2_PLACEMENT_3D('',#5457,#5458,#5459);
#2128=EDGE_LOOP('',(#5460,#5461,#5462,#5463));
#2129=AXIS2_PLACEMENT_3D('',#5464,#5465,#5466);
#2130=EDGE_LOOP('',(#5467,#5468,#5469,#5470));
#2131=AXIS2_PLACEMENT_3D('',#5471,#5472,#5473);
#2132=EDGE_LOOP('',(#5474,#5475,#5476,#5477));
#2133=AXIS2_PLACEMENT_3D('',#5478,#5479,#5480);
#2134=EDGE_LOOP('',(#5481,#5482,#5483,#5484));
#2135=AXIS2_PLACEMENT_3D('',#5485,#5486,#5487);
#2136=EDGE_LOOP('',(#5488,#5489,#5490,#5491));
#2137=AXIS2_PLACEMENT_3D('',#5492,#5493,#5494);
#2138=EDGE_LOOP('',(#5495,#5496,#5497,#5498));
#2139=AXIS2_PLACEMENT_3D('',#5499,#5500,#5501);
#2140=EDGE_LOOP('',(#5502,#5503,#5504,#5505));
#2141=AXIS2_PLACEMENT_3D('',#5506,#5507,#5508);
#2142=EDGE_LOOP('',(#5509,#5510,#5511,#5512));
#2143=AXIS2_PLACEMENT_3D('',#5513,#5514,#5515);
#2144=EDGE_LOOP('',(#5516,#5517,#5518,#5519));
#2145=AXIS2_PLACEMENT_3D('',#5520,#5521,#5522);
#2146=EDGE_LOOP('',(#5523,#5524,#5525,#5526,#5527,#5528));
#2147=AXIS2_PLACEMENT_3D('',#5529,#5530,#5531);
#2148=EDGE_LOOP('',(#5532,#5533,#5534,#5535));
#2149=AXIS2_PLACEMENT_3D('',#5536,#5537,#5538);
#2150=EDGE_LOOP('',(#5539,#5540,#5541,#5542));
#2151=AXIS2_PLACEMENT_3D('',#5543,#5544,#5545);
#2152=EDGE_LOOP('',(#5546,#5547,#5548,#5549));
#2153=AXIS2_PLACEMENT_3D('',#5550,#5551,#5552);
#2154=EDGE_LOOP('',(#5553,#5554,#5555,#5556));
#2155=AXIS2_PLACEMENT_3D('',#5557,#5558,#5559);
#2156=EDGE_LOOP('',(#5560,#5561,#5562,#5563));
#2157=AXIS2_PLACEMENT_3D('',#5564,#5565,#5566);
#2158=EDGE_LOOP('',(#5567,#5568,#5569,#5570));
#2159=AXIS2_PLACEMENT_3D('',#5571,#5572,#5573);
#2160=EDGE_LOOP('',(#5574,#5575,#5576,#5577,#5578,#5579));
#2161=AXIS2_PLACEMENT_3D('',#5580,#5581,#5582);
#2162=EDGE_LOOP('',(#5583,#5584,#5585,#5586));
#2163=AXIS2_PLACEMENT_3D('',#5587,#5588,#5589);
#2164=EDGE_LOOP('',(#5590,#5591,#5592,#5593));
#2165=AXIS2_PLACEMENT_3D('',#5594,#5595,#5596);
#2166=EDGE_LOOP('',(#5597,#5598,#5599,#5600));
#2167=AXIS2_PLACEMENT_3D('',#5601,#5602,#5603);
#2168=EDGE_LOOP('',(#5604,#5605,#5606,#5607,#5608,#5609));
#2169=AXIS2_PLACEMENT_3D('',#5610,#5611,#5612);
#2170=EDGE_LOOP('',(#5613,#5614,#5615,#5616,#5617,#5618));
#2171=AXIS2_PLACEMENT_3D('',#5619,#5620,#5621);
#2172=EDGE_LOOP('',(#5622,#5623,#5624,#5625));
#2173=AXIS2_PLACEMENT_3D('',#5626,#5627,#5628);
#2174=EDGE_LOOP('',(#5629,#5630,#5631,#5632,#5633,#5634));
#2175=AXIS2_PLACEMENT_3D('',#5635,#5636,#5637);
#2176=EDGE_LOOP('',(#5638,#5639,#5640,#5641));
#2177=AXIS2_PLACEMENT_3D('',#5642,#5643,#5644);
#2178=EDGE_LOOP('',(#5645,#5646,#5647));
#2179=AXIS2_PLACEMENT_3D('',#5648,#5649,#5650);
#2180=EDGE_LOOP('',(#5651,#5652,#5653,#5654));
#2181=AXIS2_PLACEMENT_3D('',#5655,#5656,#5657);
#2182=EDGE_LOOP('',(#5658,#5659,#5660,#5661));
#2183=AXIS2_PLACEMENT_3D('',#5662,#5663,#5664);
#2184=EDGE_LOOP('',(#5665,#5666,#5667,#5668));
#2185=AXIS2_PLACEMENT_3D('',#5669,#5670,#5671);
#2186=EDGE_LOOP('',(#5672,#5673,#5674));
#2187=AXIS2_PLACEMENT_3D('',#5675,#5676,#5677);
#2188=EDGE_LOOP('',(#5678,#5679,#5680,#5681,#5682,#5683,#5684));
#2189=AXIS2_PLACEMENT_3D('',#5685,#5686,#5687);
#2190=EDGE_LOOP('',(#5688,#5689,#5690,#5691));
#2191=AXIS2_PLACEMENT_3D('',#5692,#5693,#5694);
#2192=EDGE_LOOP('',(#5695,#5696,#5697,#5698));
#2193=AXIS2_PLACEMENT_3D('',#5699,#5700,#5701);
#2194=EDGE_LOOP('',(#5702,#5703,#5704,#5705,#5706,#5707,#5708));
#2195=AXIS2_PLACEMENT_3D('',#5709,#5710,#5711);
#2196=EDGE_LOOP('',(#5712,#5713,#5714,#5715));
#2197=AXIS2_PLACEMENT_3D('',#5716,#5717,#5718);
#2198=EDGE_LOOP('',(#5719,#5720,#5721,#5722,#5723,#5724,#5725));
#2199=AXIS2_PLACEMENT_3D('',#5726,#5727,#5728);
#2200=EDGE_LOOP('',(#5729,#5730,#5731,#5732));
#2201=AXIS2_PLACEMENT_3D('',#5733,#5734,#5735);
#2202=EDGE_LOOP('',(#5736,#5737,#5738,#5739));
#2203=AXIS2_PLACEMENT_3D('',#5740,#5741,#5742);
#2204=EDGE_LOOP('',(#5743,#5744,#5745,#5746,#5747,#5748,#5749));
#2205=AXIS2_PLACEMENT_3D('',#5750,#5751,#5752);
#2206=EDGE_LOOP('',(#5753,#5754,#5755,#5756));
#2207=AXIS2_PLACEMENT_3D('',#5757,#5758,#5759);
#2208=EDGE_LOOP('',(#5760,#5761,#5762,#5763,#5764,#5765,#5766));
#2209=AXIS2_PLACEMENT_3D('',#5767,#5768,#5769);
#2210=EDGE_LOOP('',(#5770,#5771,#5772,#5773));
#2211=AXIS2_PLACEMENT_3D('',#5774,#5775,#5776);
#2212=EDGE_LOOP('',(#5777,#5778,#5779,#5780));
#2213=AXIS2_PLACEMENT_3D('',#5781,#5782,#5783);
#2214=EDGE_LOOP('',(#5784,#5785,#5786,#5787,#5788,#5789,#5790));
#2215=AXIS2_PLACEMENT_3D('',#5791,#5792,#5793);
#2216=EDGE_LOOP('',(#5794,#5795,#5796,#5797));
#2217=AXIS2_PLACEMENT_3D('',#5798,#5799,#5800);
#2218=EDGE_LOOP('',(#5801,#5802,#5803,#5804,#5805,#5806,#5807));
#2219=AXIS2_PLACEMENT_3D('',#5808,#5809,#5810);
#2220=EDGE_LOOP('',(#5811,#5812,#5813,#5814));
#2221=AXIS2_PLACEMENT_3D('',#5815,#5816,#5817);
#2222=EDGE_LOOP('',(#5818,#5819,#5820,#5821,#5822,#5823));
#2223=AXIS2_PLACEMENT_3D('',#5824,#5825,#5826);
#2224=EDGE_LOOP('',(#5827,#5828,#5829,#5830));
#2225=AXIS2_PLACEMENT_3D('',#5831,#5832,#5833);
#2226=EDGE_LOOP('',(#5834,#5835,#5836,#5837));
#2227=AXIS2_PLACEMENT_3D('',#5838,#5839,#5840);
#2228=EDGE_LOOP('',(#5841,#5842,#5843,#5844));
#2229=AXIS2_PLACEMENT_3D('',#5845,#5846,#5847);
#2230=EDGE_LOOP('',(#5848,#5849,#5850,#5851,#5852,#5853));
#2231=AXIS2_PLACEMENT_3D('',#5854,#5855,#5856);
#2232=EDGE_LOOP('',(#5857,#5858,#5859,#5860));
#2233=AXIS2_PLACEMENT_3D('',#5861,#5862,#5863);
#2234=EDGE_LOOP('',(#5864,#5865,#5866,#5867));
#2235=AXIS2_PLACEMENT_3D('',#5868,#5869,#5870);
#2236=EDGE_LOOP('',(#5871,#5872,#5873,#5874));
#2237=AXIS2_PLACEMENT_3D('',#5875,#5876,#5877);
#2238=LINE('',#5878,#5879);
#2239=LINE('',#5880,#5881);
#2240=LINE('',#5882,#5883);
#2241=LINE('',#5884,#5885);
#2242=LINE('',#5886,#5887);
#2243=LINE('',#5888,#5889);
#2244=LINE('',#5890,#5891);
#2245=LINE('',#5892,#5893);
#2246=LINE('',#5894,#5895);
#2247=LINE('',#5896,#5897);
#2248=LINE('',#5898,#5899);
#2249=LINE('',#5900,#5901);
#2250=LINE('',#5902,#5903);
#2251=LINE('',#5904,#5905);
#2252=LINE('',#5906,#5907);
#2253=LINE('',#5908,#5909);
#2254=LINE('',#5910,#5911);
#2255=LINE('',#5912,#5913);
#2256=LINE('',#5914,#5915);
#2257=LINE('',#5916,#5917);
#2258=LINE('',#5918,#5919);
#2259=LINE('',#5920,#5921);
#2260=LINE('',#5922,#5923);
#2261=LINE('',#5924,#5925);
#2262=LINE('',#5926,#5927);
#2263=LINE('',#5928,#5929);
#2264=LINE('',#5930,#5931);
#2265=LINE('',#5932,#5933);
#2266=LINE('',#5934,#5935);
#2267=LINE('',#5936,#5937);
#2268=LINE('',#5938,#5939);
#2269=LINE('',#5940,#5941);
#2270=LINE('',#5942,#5943);
#2271=LINE('',#5944,#5945);
#2272=LINE('',#5946,#5947);
#2273=LINE('',#5948,#5949);
#2274=LINE('',#5950,#5951);
#2275=LINE('',#5952,#5953);
#2276=LINE('',#5954,#5955);
#2277=LINE('',#5956,#5957);
#2278=LINE('',#5958,#5959);
#2279=LINE('',#5960,#5961);
#2280=LINE('',#5962,#5963);
#2281=LINE('',#5964,#5965);
#2282=ORIENTED_EDGE('',*,*,#5966,.F.);
#2283=ORIENTED_EDGE('',*,*,#5967,.F.);
#2284=ORIENTED_EDGE('',*,*,#5968,.F.);
#2285=ORIENTED_EDGE('',*,*,#5969,.T.);
#2286=CARTESIAN_POINT('',(-2.85,1.225,1.225));
#2287=DIRECTION('',(0.0,-1.0,0.0));
#2288=DIRECTION('',(1.0,0.0,0.0));
#2289=ORIENTED_EDGE('',*,*,#5970,.F.);
#2290=ORIENTED_EDGE('',*,*,#5971,.T.);
#2291=ORIENTED_EDGE('',*,*,#5972,.T.);
#2292=ORIENTED_EDGE('',*,*,#5973,.F.);
#2293=CARTESIAN_POINT('',(-1.9,1.225,1.225));
#2294=DIRECTION('',(0.0,-1.0,0.0));
#2295=DIRECTION('',(1.0,0.0,0.0));
#2296=ORIENTED_EDGE('',*,*,#5974,.F.);
#2297=ORIENTED_EDGE('',*,*,#5975,.F.);
#2298=ORIENTED_EDGE('',*,*,#5976,.F.);
#2299=ORIENTED_EDGE('',*,*,#5977,.T.);
#2300=CARTESIAN_POINT('',(1.9,1.225,1.225));
#2301=DIRECTION('',(0.0,-1.0,0.0));
#2302=DIRECTION('',(1.0,0.0,0.0));
#2303=ORIENTED_EDGE('',*,*,#5978,.F.);
#2304=ORIENTED_EDGE('',*,*,#5979,.T.);
#2305=ORIENTED_EDGE('',*,*,#5980,.T.);
#2306=ORIENTED_EDGE('',*,*,#5981,.F.);
#2307=CARTESIAN_POINT('',(2.85,1.225,1.225));
#2308=DIRECTION('',(0.0,-1.0,0.0));
#2309=DIRECTION('',(1.0,0.0,0.0));
#2310=ORIENTED_EDGE('',*,*,#5982,.T.);
#2311=ORIENTED_EDGE('',*,*,#5983,.T.);
#2312=ORIENTED_EDGE('',*,*,#5984,.T.);
#2313=ORIENTED_EDGE('',*,*,#5985,.T.);
#2314=ORIENTED_EDGE('',*,*,#5986,.T.);
#2315=ORIENTED_EDGE('',*,*,#5987,.T.);
#2316=ORIENTED_EDGE('',*,*,#5988,.T.);
#2317=ORIENTED_EDGE('',*,*,#5989,.T.);
#2318=ORIENTED_EDGE('',*,*,#5990,.T.);
#2319=ORIENTED_EDGE('',*,*,#5991,.T.);
#2320=ORIENTED_EDGE('',*,*,#5992,.T.);
#2321=ORIENTED_EDGE('',*,*,#5993,.F.);
#2322=CARTESIAN_POINT('',(0.0,0.0,2.35));
#2323=DIRECTION('',(0.0,0.0,1.0));
#2324=DIRECTION('',(1.0,0.0,0.0));
#2325=ORIENTED_EDGE('',*,*,#5994,.T.);
#2326=ORIENTED_EDGE('',*,*,#5995,.T.);
#2327=ORIENTED_EDGE('',*,*,#5996,.T.);
#2328=ORIENTED_EDGE('',*,*,#5997,.T.);
#2329=ORIENTED_EDGE('',*,*,#5998,.T.);
#2330=ORIENTED_EDGE('',*,*,#5999,.F.);
#2331=ORIENTED_EDGE('',*,*,#6000,.T.);
#2332=ORIENTED_EDGE('',*,*,#6001,.T.);
#2333=ORIENTED_EDGE('',*,*,#6002,.T.);
#2334=ORIENTED_EDGE('',*,*,#6003,.T.);
#2335=ORIENTED_EDGE('',*,*,#6004,.T.);
#2336=ORIENTED_EDGE('',*,*,#6005,.F.);
#2337=CARTESIAN_POINT('',(0.0,0.0,2.35));
#2338=DIRECTION('',(0.0,0.0,1.0));
#2339=DIRECTION('',(1.0,0.0,0.0));
#2340=ORIENTED_EDGE('',*,*,#6006,.T.);
#2341=ORIENTED_EDGE('',*,*,#6007,.T.);
#2342=ORIENTED_EDGE('',*,*,#6008,.F.);
#2343=ORIENTED_EDGE('',*,*,#6009,.T.);
#2344=ORIENTED_EDGE('',*,*,#6010,.T.);
#2345=ORIENTED_EDGE('',*,*,#6011,.T.);
#2346=CARTESIAN_POINT('',(0.0,0.0,2.35));
#2347=DIRECTION('',(0.0,0.0,1.0));
#2348=DIRECTION('',(1.0,0.0,0.0));
#2349=ORIENTED_EDGE('',*,*,#6012,.T.);
#2350=ORIENTED_EDGE('',*,*,#6013,.T.);
#2351=ORIENTED_EDGE('',*,*,#6014,.T.);
#2352=ORIENTED_EDGE('',*,*,#6015,.T.);
#2353=ORIENTED_EDGE('',*,*,#6016,.T.);
#2354=ORIENTED_EDGE('',*,*,#6017,.T.);
#2355=CARTESIAN_POINT('',(0.0,0.0,2.35));
#2356=DIRECTION('',(0.0,0.0,1.0));
#2357=DIRECTION('',(1.0,0.0,0.0));
#2358=ORIENTED_EDGE('',*,*,#6018,.T.);
#2359=ORIENTED_EDGE('',*,*,#5993,.T.);
#2360=ORIENTED_EDGE('',*,*,#6019,.T.);
#2361=ORIENTED_EDGE('',*,*,#6020,.T.);
#2362=ORIENTED_EDGE('',*,*,#6021,.T.);
#2363=ORIENTED_EDGE('',*,*,#6022,.T.);
#2364=CARTESIAN_POINT('',(0.0,0.025,0.0));
#2365=DIRECTION('',(0.0,-1.0,0.0));
#2366=DIRECTION('',(0.0,0.0,-1.0));
#2367=ORIENTED_EDGE('',*,*,#6023,.T.);
#2368=ORIENTED_EDGE('',*,*,#6024,.T.);
#2369=ORIENTED_EDGE('',*,*,#6025,.T.);
#2370=ORIENTED_EDGE('',*,*,#6005,.T.);
#2371=ORIENTED_EDGE('',*,*,#6026,.T.);
#2372=ORIENTED_EDGE('',*,*,#6027,.T.);
#2373=CARTESIAN_POINT('',(0.0,0.025,0.0));
#2374=DIRECTION('',(0.0,-1.0,0.0));
#2375=DIRECTION('',(0.0,0.0,-1.0));
#2376=ORIENTED_EDGE('',*,*,#6022,.F.);
#2377=ORIENTED_EDGE('',*,*,#6028,.F.);
#2378=ORIENTED_EDGE('',*,*,#6029,.T.);
#2379=ORIENTED_EDGE('',*,*,#6030,.F.);
#2380=CARTESIAN_POINT('',(2.009677173803,0.225,9.467468));
#2381=DIRECTION('',(0.638509636539807,0.0,0.769613827868109));
#2382=DIRECTION('',(0.0,-1.0,0.0));
#2383=ORIENTED_EDGE('',*,*,#6031,.T.);
#2384=ORIENTED_EDGE('',*,*,#6032,.T.);
#2385=ORIENTED_EDGE('',*,*,#6018,.F.);
#2386=ORIENTED_EDGE('',*,*,#6030,.T.);
#2387=ORIENTED_EDGE('',*,*,#6033,.T.);
#2388=ORIENTED_EDGE('',*,*,#6034,.T.);
#2389=CARTESIAN_POINT('',(-3.99,0.025,2.54911585164));
#2390=DIRECTION('',(-0.638509636539807,0.0,-0.769613827868109));
#2391=DIRECTION('',(-0.769613827868109,0.0,0.638509636539807));
#2392=ORIENTED_EDGE('',*,*,#6035,.F.);
#2393=ORIENTED_EDGE('',*,*,#6034,.F.);
#2394=ORIENTED_EDGE('',*,*,#6036,.T.);
#2395=ORIENTED_EDGE('',*,*,#6037,.F.);
#2396=CARTESIAN_POINT('',(-13.34293153943,0.425,-9.037468));
#2397=DIRECTION('',(-0.638509636539807,0.0,-0.769613827868109));
#2398=DIRECTION('',(0.0,1.0,0.0));
#2399=ORIENTED_EDGE('',*,*,#6038,.F.);
#2400=ORIENTED_EDGE('',*,*,#6028,.T.);
#2401=ORIENTED_EDGE('',*,*,#6021,.F.);
#2402=ORIENTED_EDGE('',*,*,#6039,.T.);
#2403=ORIENTED_EDGE('',*,*,#6040,.T.);
#2404=ORIENTED_EDGE('',*,*,#6037,.T.);
#2405=CARTESIAN_POINT('',(-3.554832205403,0.025,2.577885045795));
#2406=DIRECTION('',(0.638509636539807,0.0,0.769613827868109));
#2407=DIRECTION('',(0.0,-1.0,0.0));
#2408=ORIENTED_EDGE('',*,*,#6040,.F.);
#2409=ORIENTED_EDGE('',*,*,#6041,.F.);
#2410=ORIENTED_EDGE('',*,*,#6042,.F.);
#2411=ORIENTED_EDGE('',*,*,#6011,.F.);
#2412=ORIENTED_EDGE('',*,*,#6031,.F.);
#2413=ORIENTED_EDGE('',*,*,#6035,.T.);
#2414=CARTESIAN_POINT('',(0.0,0.625,0.0));
#2415=DIRECTION('',(0.0,-1.0,0.0));
#2416=DIRECTION('',(0.0,0.0,-1.0));
#2417=ORIENTED_EDGE('',*,*,#6043,.F.);
#2418=ORIENTED_EDGE('',*,*,#6017,.F.);
#2419=ORIENTED_EDGE('',*,*,#6044,.F.);
#2420=ORIENTED_EDGE('',*,*,#6045,.F.);
#2421=ORIENTED_EDGE('',*,*,#6046,.F.);
#2422=ORIENTED_EDGE('',*,*,#6047,.T.);
#2423=CARTESIAN_POINT('',(0.0,0.625,0.0));
#2424=DIRECTION('',(0.0,-1.0,0.0));
#2425=DIRECTION('',(0.0,0.0,-1.0));
#2426=ORIENTED_EDGE('',*,*,#6048,.T.);
#2427=ORIENTED_EDGE('',*,*,#6049,.T.);
#2428=ORIENTED_EDGE('',*,*,#6050,.T.);
#2429=ORIENTED_EDGE('',*,*,#6051,.T.);
#2430=ORIENTED_EDGE('',*,*,#6006,.F.);
#2431=ORIENTED_EDGE('',*,*,#6042,.T.);
#2432=ORIENTED_EDGE('',*,*,#6052,.F.);
#2433=ORIENTED_EDGE('',*,*,#6019,.F.);
#2434=ORIENTED_EDGE('',*,*,#5992,.F.);
#2435=ORIENTED_EDGE('',*,*,#6053,.T.);
#2436=ORIENTED_EDGE('',*,*,#6054,.T.);
#2437=ORIENTED_EDGE('',*,*,#6055,.F.);
#2438=CARTESIAN_POINT('',(-3.45,-0.07144660940673,-2.35));
#2439=DIRECTION('',(1.0,0.0,0.0));
#2440=DIRECTION('',(0.0,1.0,0.0));
#2441=ORIENTED_EDGE('',*,*,#6056,.F.);
#2442=ORIENTED_EDGE('',*,*,#6057,.F.);
#2443=ORIENTED_EDGE('',*,*,#6058,.T.);
#2444=ORIENTED_EDGE('',*,*,#6059,.F.);
#2445=CARTESIAN_POINT('',(0.0,0.125,0.0));
#2446=DIRECTION('',(0.0,-1.0,0.0));
#2447=DIRECTION('',(0.0,0.0,-1.0));
#2448=ORIENTED_EDGE('',*,*,#6055,.T.);
#2449=ORIENTED_EDGE('',*,*,#6060,.F.);
#2450=ORIENTED_EDGE('',*,*,#6061,.F.);
#2451=ORIENTED_EDGE('',*,*,#6062,.F.);
#2452=CARTESIAN_POINT('',(0.0,0.125,0.0));
#2453=DIRECTION('',(0.0,-1.0,0.0));
#2454=DIRECTION('',(0.0,0.0,-1.0));
#2455=ORIENTED_EDGE('',*,*,#6059,.T.);
#2456=ORIENTED_EDGE('',*,*,#6063,.F.);
#2457=ORIENTED_EDGE('',*,*,#6064,.F.);
#2458=ORIENTED_EDGE('',*,*,#6065,.F.);
#2459=ORIENTED_EDGE('',*,*,#6066,.F.);
#2460=ORIENTED_EDGE('',*,*,#6067,.F.);
#2461=CARTESIAN_POINT('',(2.377960602616,-0.175,0.66));
#2462=DIRECTION('',(-1.0,0.0,0.0));
#2463=DIRECTION('',(0.0,1.0,0.0));
#2464=ORIENTED_EDGE('',*,*,#6067,.T.);
#2465=ORIENTED_EDGE('',*,*,#6068,.T.);
#2466=ORIENTED_EDGE('',*,*,#5994,.F.);
#2467=ORIENTED_EDGE('',*,*,#6025,.F.);
#2468=ORIENTED_EDGE('',*,*,#6069,.T.);
#2469=ORIENTED_EDGE('',*,*,#6044,.T.);
#2470=ORIENTED_EDGE('',*,*,#6016,.F.);
#2471=ORIENTED_EDGE('',*,*,#6070,.F.);
#2472=ORIENTED_EDGE('',*,*,#6071,.T.);
#2473=ORIENTED_EDGE('',*,*,#6072,.T.);
#2474=ORIENTED_EDGE('',*,*,#6073,.T.);
#2475=ORIENTED_EDGE('',*,*,#6056,.T.);
#2476=CARTESIAN_POINT('',(3.45,0.675,-2.35));
#2477=DIRECTION('',(-1.0,0.0,0.0));
#2478=DIRECTION('',(0.0,0.0,1.0));
#2479=ORIENTED_EDGE('',*,*,#6057,.T.);
#2480=ORIENTED_EDGE('',*,*,#6073,.F.);
#2481=ORIENTED_EDGE('',*,*,#6074,.F.);
#2482=ORIENTED_EDGE('',*,*,#6075,.F.);
#2483=ORIENTED_EDGE('',*,*,#6076,.F.);
#2484=ORIENTED_EDGE('',*,*,#6077,.F.);
#2485=CARTESIAN_POINT('',(3.76491772868,-0.175,-0.26));
#2486=DIRECTION('',(1.0,-0.0,0.0));
#2487=DIRECTION('',(0.0,1.0,0.0));
#2488=ORIENTED_EDGE('',*,*,#6078,.T.);
#2489=ORIENTED_EDGE('',*,*,#6079,.T.);
#2490=ORIENTED_EDGE('',*,*,#6012,.F.);
#2491=ORIENTED_EDGE('',*,*,#6080,.T.);
#2492=ORIENTED_EDGE('',*,*,#6004,.F.);
#2493=ORIENTED_EDGE('',*,*,#6081,.F.);
#2494=ORIENTED_EDGE('',*,*,#6063,.T.);
#2495=ORIENTED_EDGE('',*,*,#6058,.F.);
#2496=ORIENTED_EDGE('',*,*,#6077,.T.);
#2497=ORIENTED_EDGE('',*,*,#6082,.F.);
#2498=CARTESIAN_POINT('',(3.75,-0.07144660940673,-2.35));
#2499=DIRECTION('',(1.0,0.0,0.0));
#2500=DIRECTION('',(0.0,1.0,0.0));
#2501=ORIENTED_EDGE('',*,*,#6003,.F.);
#2502=ORIENTED_EDGE('',*,*,#6083,.F.);
#2503=ORIENTED_EDGE('',*,*,#6084,.T.);
#2504=ORIENTED_EDGE('',*,*,#6064,.T.);
#2505=ORIENTED_EDGE('',*,*,#6081,.T.);
#2506=CARTESIAN_POINT('',(3.2,-0.07144660940673,-2.35));
#2507=DIRECTION('',(0.0,0.0,-1.0));
#2508=DIRECTION('',(1.0,0.0,0.0));
#2509=ORIENTED_EDGE('',*,*,#6085,.F.);
#2510=ORIENTED_EDGE('',*,*,#6086,.T.);
#2511=ORIENTED_EDGE('',*,*,#6082,.T.);
#2512=ORIENTED_EDGE('',*,*,#6076,.T.);
#2513=ORIENTED_EDGE('',*,*,#6087,.F.);
#2514=CARTESIAN_POINT('',(3.2,-0.07144660940673,-2.35));
#2515=DIRECTION('',(0.0,0.0,-1.0));
#2516=DIRECTION('',(1.0,0.0,0.0));
#2517=ORIENTED_EDGE('',*,*,#6084,.F.);
#2518=ORIENTED_EDGE('',*,*,#6088,.F.);
#2519=ORIENTED_EDGE('',*,*,#6089,.F.);
#2520=ORIENTED_EDGE('',*,*,#6090,.T.);
#2521=ORIENTED_EDGE('',*,*,#6091,.T.);
#2522=ORIENTED_EDGE('',*,*,#6092,.F.);
#2523=ORIENTED_EDGE('',*,*,#6093,.T.);
#2524=ORIENTED_EDGE('',*,*,#6094,.F.);
#2525=ORIENTED_EDGE('',*,*,#6095,.T.);
#2526=ORIENTED_EDGE('',*,*,#6065,.T.);
#2527=CARTESIAN_POINT('',(3.75,-1.225,0.96));
#2528=DIRECTION('',(0.0,0.0,1.0));
#2529=DIRECTION('',(1.0,0.0,0.0));
#2530=ORIENTED_EDGE('',*,*,#6096,.T.);
#2531=ORIENTED_EDGE('',*,*,#5995,.F.);
#2532=ORIENTED_EDGE('',*,*,#6068,.F.);
#2533=ORIENTED_EDGE('',*,*,#6066,.T.);
#2534=ORIENTED_EDGE('',*,*,#6095,.F.);
#2535=CARTESIAN_POINT('',(3.2,-0.07144660940673,-2.35));
#2536=DIRECTION('',(0.0,0.0,-1.0));
#2537=DIRECTION('',(1.0,0.0,0.0));
#2538=ORIENTED_EDGE('',*,*,#6097,.T.);
#2539=ORIENTED_EDGE('',*,*,#6098,.T.);
#2540=ORIENTED_EDGE('',*,*,#6099,.T.);
#2541=ORIENTED_EDGE('',*,*,#6074,.T.);
#2542=ORIENTED_EDGE('',*,*,#6072,.F.);
#2543=CARTESIAN_POINT('',(3.2,-0.07144660940673,-2.35));
#2544=DIRECTION('',(0.0,0.0,-1.0));
#2545=DIRECTION('',(1.0,0.0,0.0));
#2546=ORIENTED_EDGE('',*,*,#6100,.T.);
#2547=ORIENTED_EDGE('',*,*,#5996,.F.);
#2548=ORIENTED_EDGE('',*,*,#6096,.F.);
#2549=ORIENTED_EDGE('',*,*,#6094,.T.);
#2550=CARTESIAN_POINT('',(3.376776695297,-0.2482233047034,-2.35));
#2551=DIRECTION('',(-0.707106781186548,0.707106781186548,0.0));
#2552=DIRECTION('',(0.0,0.0,1.0));
#2553=ORIENTED_EDGE('',*,*,#6101,.T.);
#2554=ORIENTED_EDGE('',*,*,#6102,.T.);
#2555=ORIENTED_EDGE('',*,*,#6103,.T.);
#2556=ORIENTED_EDGE('',*,*,#6104,.F.);
#2557=ORIENTED_EDGE('',*,*,#6098,.F.);
#2558=ORIENTED_EDGE('',*,*,#6105,.T.);
#2559=ORIENTED_EDGE('',*,*,#6106,.F.);
#2560=CARTESIAN_POINT('',(3.376776695297,-0.2482233047034,-2.35));
#2561=DIRECTION('',(-0.707106781186548,0.707106781186548,0.0));
#2562=DIRECTION('',(0.0,0.0,1.0));
#2563=ORIENTED_EDGE('',*,*,#6107,.T.);
#2564=ORIENTED_EDGE('',*,*,#5997,.F.);
#2565=ORIENTED_EDGE('',*,*,#6100,.F.);
#2566=ORIENTED_EDGE('',*,*,#6093,.F.);
#2567=CARTESIAN_POINT('',(2.596446609407,-0.675,-2.35));
#2568=DIRECTION('',(0.0,0.0,-1.0));
#2569=DIRECTION('',(1.0,0.0,0.0));
#2570=ORIENTED_EDGE('',*,*,#6108,.T.);
#2571=ORIENTED_EDGE('',*,*,#6109,.T.);
#2572=ORIENTED_EDGE('',*,*,#6103,.F.);
#2573=ORIENTED_EDGE('',*,*,#6110,.T.);
#2574=ORIENTED_EDGE('',*,*,#6111,.F.);
#2575=CARTESIAN_POINT('',(2.596446609407,-0.675,-2.35));
#2576=DIRECTION('',(0.0,0.0,-1.0));
#2577=DIRECTION('',(1.0,0.0,0.0));
#2578=ORIENTED_EDGE('',*,*,#6112,.F.);
#2579=ORIENTED_EDGE('',*,*,#6113,.T.);
#2580=ORIENTED_EDGE('',*,*,#6114,.T.);
#2581=ORIENTED_EDGE('',*,*,#6115,.T.);
#2582=ORIENTED_EDGE('',*,*,#6116,.F.);
#2583=ORIENTED_EDGE('',*,*,#6117,.T.);
#2584=ORIENTED_EDGE('',*,*,#6118,.T.);
#2585=ORIENTED_EDGE('',*,*,#6119,.T.);
#2586=ORIENTED_EDGE('',*,*,#6120,.T.);
#2587=ORIENTED_EDGE('',*,*,#6121,.T.);
#2588=ORIENTED_EDGE('',*,*,#6122,.F.);
#2589=ORIENTED_EDGE('',*,*,#6123,.F.);
#2590=ORIENTED_EDGE('',*,*,#6124,.F.);
#2591=ORIENTED_EDGE('',*,*,#6125,.T.);
#2592=ORIENTED_EDGE('',*,*,#5998,.F.);
#2593=ORIENTED_EDGE('',*,*,#6107,.F.);
#2594=ORIENTED_EDGE('',*,*,#6092,.T.);
#2595=ORIENTED_EDGE('',*,*,#6126,.T.);
#2596=ORIENTED_EDGE('',*,*,#6127,.T.);
#2597=ORIENTED_EDGE('',*,*,#6128,.F.);
#2598=ORIENTED_EDGE('',*,*,#6129,.F.);
#2599=ORIENTED_EDGE('',*,*,#6130,.F.);
#2600=ORIENTED_EDGE('',*,*,#6131,.F.);
#2601=ORIENTED_EDGE('',*,*,#6132,.F.);
#2602=ORIENTED_EDGE('',*,*,#6133,.F.);
#2603=ORIENTED_EDGE('',*,*,#6134,.F.);
#2604=ORIENTED_EDGE('',*,*,#6135,.T.);
#2605=ORIENTED_EDGE('',*,*,#6136,.T.);
#2606=ORIENTED_EDGE('',*,*,#6137,.F.);
#2607=ORIENTED_EDGE('',*,*,#6108,.F.);
#2608=ORIENTED_EDGE('',*,*,#6138,.F.);
#2609=ORIENTED_EDGE('',*,*,#6139,.F.);
#2610=CARTESIAN_POINT('',(2.596446609407,-0.925,-2.35));
#2611=DIRECTION('',(-0.0,1.0,0.0));
#2612=DIRECTION('',(1.0,0.0,0.0));
#2613=ORIENTED_EDGE('',*,*,#6140,.F.);
#2614=ORIENTED_EDGE('',*,*,#6141,.T.);
#2615=ORIENTED_EDGE('',*,*,#6142,.T.);
#2616=ORIENTED_EDGE('',*,*,#6143,.T.);
#2617=ORIENTED_EDGE('',*,*,#6144,.T.);
#2618=ORIENTED_EDGE('',*,*,#6145,.F.);
#2619=ORIENTED_EDGE('',*,*,#6146,.F.);
#2620=ORIENTED_EDGE('',*,*,#6147,.F.);
#2621=ORIENTED_EDGE('',*,*,#6148,.F.);
#2622=ORIENTED_EDGE('',*,*,#6149,.F.);
#2623=ORIENTED_EDGE('',*,*,#6150,.F.);
#2624=ORIENTED_EDGE('',*,*,#6151,.F.);
#2625=ORIENTED_EDGE('',*,*,#6152,.T.);
#2626=ORIENTED_EDGE('',*,*,#6153,.T.);
#2627=ORIENTED_EDGE('',*,*,#6154,.F.);
#2628=ORIENTED_EDGE('',*,*,#6155,.T.);
#2629=ORIENTED_EDGE('',*,*,#5988,.F.);
#2630=ORIENTED_EDGE('',*,*,#6156,.F.);
#2631=ORIENTED_EDGE('',*,*,#6157,.F.);
#2632=ORIENTED_EDGE('',*,*,#6158,.T.);
#2633=ORIENTED_EDGE('',*,*,#6159,.T.);
#2634=ORIENTED_EDGE('',*,*,#6160,.T.);
#2635=ORIENTED_EDGE('',*,*,#6161,.F.);
#2636=ORIENTED_EDGE('',*,*,#6162,.T.);
#2637=ORIENTED_EDGE('',*,*,#6163,.F.);
#2638=ORIENTED_EDGE('',*,*,#6164,.T.);
#2639=ORIENTED_EDGE('',*,*,#6165,.T.);
#2640=ORIENTED_EDGE('',*,*,#6166,.T.);
#2641=ORIENTED_EDGE('',*,*,#6167,.T.);
#2642=ORIENTED_EDGE('',*,*,#6168,.T.);
#2643=ORIENTED_EDGE('',*,*,#6169,.F.);
#2644=ORIENTED_EDGE('',*,*,#6170,.F.);
#2645=CARTESIAN_POINT('',(2.596446609407,-0.925,-2.35));
#2646=DIRECTION('',(-0.0,1.0,0.0));
#2647=DIRECTION('',(1.0,0.0,0.0));
#2648=ORIENTED_EDGE('',*,*,#6171,.T.);
#2649=ORIENTED_EDGE('',*,*,#6139,.T.);
#2650=ORIENTED_EDGE('',*,*,#6172,.T.);
#2651=ORIENTED_EDGE('',*,*,#6173,.T.);
#2652=ORIENTED_EDGE('',*,*,#6174,.T.);
#2653=ORIENTED_EDGE('',*,*,#6175,.T.);
#2654=ORIENTED_EDGE('',*,*,#6176,.T.);
#2655=ORIENTED_EDGE('',*,*,#6177,.T.);
#2656=CARTESIAN_POINT('',(1.79,-1.225,-1.53));
#2657=DIRECTION('',(1.0,0.0,0.0));
#2658=DIRECTION('',(0.0,1.0,0.0));
#2659=ORIENTED_EDGE('',*,*,#6178,.T.);
#2660=ORIENTED_EDGE('',*,*,#6179,.T.);
#2661=ORIENTED_EDGE('',*,*,#6180,.T.);
#2662=ORIENTED_EDGE('',*,*,#6181,.F.);
#2663=ORIENTED_EDGE('',*,*,#6177,.F.);
#2664=CARTESIAN_POINT('',(-2.594375541595,-0.92,-2.35));
#2665=DIRECTION('',(0.0,-1.0,0.0));
#2666=DIRECTION('',(0.0,0.0,-1.0));
#2667=ORIENTED_EDGE('',*,*,#6182,.F.);
#2668=ORIENTED_EDGE('',*,*,#6183,.F.);
#2669=ORIENTED_EDGE('',*,*,#6184,.T.);
#2670=ORIENTED_EDGE('',*,*,#6185,.T.);
#2671=ORIENTED_EDGE('',*,*,#6186,.T.);
#2672=CARTESIAN_POINT('',(-2.594375541595,-0.92,-2.35));
#2673=DIRECTION('',(0.0,-1.0,0.0));
#2674=DIRECTION('',(0.0,0.0,-1.0));
#2675=ORIENTED_EDGE('',*,*,#6187,.F.);
#2676=ORIENTED_EDGE('',*,*,#6188,.F.);
#2677=ORIENTED_EDGE('',*,*,#6189,.T.);
#2678=ORIENTED_EDGE('',*,*,#6190,.F.);
#2679=ORIENTED_EDGE('',*,*,#6191,.F.);
#2680=ORIENTED_EDGE('',*,*,#6192,.F.);
#2681=ORIENTED_EDGE('',*,*,#6193,.T.);
#2682=ORIENTED_EDGE('',*,*,#6194,.F.);
#2683=ORIENTED_EDGE('',*,*,#6195,.F.);
#2684=ORIENTED_EDGE('',*,*,#6196,.F.);
#2685=ORIENTED_EDGE('',*,*,#6197,.T.);
#2686=ORIENTED_EDGE('',*,*,#6198,.F.);
#2687=ORIENTED_EDGE('',*,*,#6199,.F.);
#2688=ORIENTED_EDGE('',*,*,#6200,.F.);
#2689=ORIENTED_EDGE('',*,*,#6201,.T.);
#2690=ORIENTED_EDGE('',*,*,#6202,.F.);
#2691=ORIENTED_EDGE('',*,*,#6203,.F.);
#2692=ORIENTED_EDGE('',*,*,#6204,.F.);
#2693=ORIENTED_EDGE('',*,*,#6205,.F.);
#2694=ORIENTED_EDGE('',*,*,#6206,.F.);
#2695=ORIENTED_EDGE('',*,*,#6207,.F.);
#2696=ORIENTED_EDGE('',*,*,#6208,.F.);
#2697=ORIENTED_EDGE('',*,*,#6209,.T.);
#2698=ORIENTED_EDGE('',*,*,#6210,.T.);
#2699=ORIENTED_EDGE('',*,*,#6211,.T.);
#2700=ORIENTED_EDGE('',*,*,#6212,.T.);
#2701=ORIENTED_EDGE('',*,*,#6213,.T.);
#2702=ORIENTED_EDGE('',*,*,#6214,.T.);
#2703=ORIENTED_EDGE('',*,*,#6215,.T.);
#2704=ORIENTED_EDGE('',*,*,#6182,.T.);
#2705=ORIENTED_EDGE('',*,*,#6216,.T.);
#2706=ORIENTED_EDGE('',*,*,#6169,.T.);
#2707=ORIENTED_EDGE('',*,*,#6217,.T.);
#2708=ORIENTED_EDGE('',*,*,#6218,.F.);
#2709=ORIENTED_EDGE('',*,*,#6219,.F.);
#2710=ORIENTED_EDGE('',*,*,#6112,.T.);
#2711=ORIENTED_EDGE('',*,*,#6171,.F.);
#2712=ORIENTED_EDGE('',*,*,#6181,.T.);
#2713=ORIENTED_EDGE('',*,*,#6220,.T.);
#2714=ORIENTED_EDGE('',*,*,#6221,.T.);
#2715=ORIENTED_EDGE('',*,*,#6222,.T.);
#2716=ORIENTED_EDGE('',*,*,#6223,.T.);
#2717=ORIENTED_EDGE('',*,*,#6224,.T.);
#2718=ORIENTED_EDGE('',*,*,#6225,.T.);
#2719=ORIENTED_EDGE('',*,*,#6226,.T.);
#2720=ORIENTED_EDGE('',*,*,#6227,.F.);
#2721=ORIENTED_EDGE('',*,*,#6228,.F.);
#2722=ORIENTED_EDGE('',*,*,#6229,.F.);
#2723=ORIENTED_EDGE('',*,*,#6230,.F.);
#2724=ORIENTED_EDGE('',*,*,#6231,.F.);
#2725=ORIENTED_EDGE('',*,*,#6232,.T.);
#2726=ORIENTED_EDGE('',*,*,#6233,.F.);
#2727=CARTESIAN_POINT('',(0.0,0.0,-1.15));
#2728=DIRECTION('',(0.0,0.0,1.0));
#2729=DIRECTION('',(1.0,0.0,0.0));
#2730=ORIENTED_EDGE('',*,*,#6234,.T.);
#2731=ORIENTED_EDGE('',*,*,#6235,.F.);
#2732=ORIENTED_EDGE('',*,*,#6236,.F.);
#2733=ORIENTED_EDGE('',*,*,#6233,.T.);
#2734=CARTESIAN_POINT('',(1.115,0.165,1.05));
#2735=DIRECTION('',(0.0,-1.0,0.0));
#2736=DIRECTION('',(0.0,0.0,-1.0));
#2737=ORIENTED_EDGE('',*,*,#6237,.T.);
#2738=ORIENTED_EDGE('',*,*,#6238,.F.);
#2739=ORIENTED_EDGE('',*,*,#6239,.T.);
#2740=ORIENTED_EDGE('',*,*,#6240,.F.);
#2741=ORIENTED_EDGE('',*,*,#6187,.T.);
#2742=ORIENTED_EDGE('',*,*,#6236,.T.);
#2743=ORIENTED_EDGE('',*,*,#6241,.F.);
#2744=CARTESIAN_POINT('',(1.115,0.0,0.0));
#2745=DIRECTION('',(1.0,0.0,0.0));
#2746=DIRECTION('',(0.0,1.0,0.0));
#2747=ORIENTED_EDGE('',*,*,#6235,.T.);
#2748=ORIENTED_EDGE('',*,*,#6242,.F.);
#2749=ORIENTED_EDGE('',*,*,#6243,.F.);
#2750=ORIENTED_EDGE('',*,*,#6241,.T.);
#2751=CARTESIAN_POINT('',(1.115,0.265,1.05));
#2752=DIRECTION('',(-1.0,0.0,-0.0));
#2753=DIRECTION('',(0.0,0.0,-1.0));
#2754=ORIENTED_EDGE('',*,*,#6244,.T.);
#2755=ORIENTED_EDGE('',*,*,#6245,.F.);
#2756=ORIENTED_EDGE('',*,*,#6237,.F.);
#2757=ORIENTED_EDGE('',*,*,#6243,.T.);
#2758=CARTESIAN_POINT('',(1.115,0.265,-1.15));
#2759=DIRECTION('',(-0.0,1.0,0.0));
#2760=DIRECTION('',(1.0,0.0,0.0));
#2761=ORIENTED_EDGE('',*,*,#6245,.T.);
#2762=ORIENTED_EDGE('',*,*,#6246,.F.);
#2763=ORIENTED_EDGE('',*,*,#6247,.T.);
#2764=ORIENTED_EDGE('',*,*,#6248,.T.);
#2765=ORIENTED_EDGE('',*,*,#6249,.T.);
#2766=ORIENTED_EDGE('',*,*,#6250,.T.);
#2767=ORIENTED_EDGE('',*,*,#6251,.T.);
#2768=ORIENTED_EDGE('',*,*,#6252,.T.);
#2769=ORIENTED_EDGE('',*,*,#6253,.T.);
#2770=ORIENTED_EDGE('',*,*,#6254,.F.);
#2771=ORIENTED_EDGE('',*,*,#6255,.T.);
#2772=ORIENTED_EDGE('',*,*,#6256,.T.);
#2773=ORIENTED_EDGE('',*,*,#6257,.T.);
#2774=ORIENTED_EDGE('',*,*,#6258,.F.);
#2775=ORIENTED_EDGE('',*,*,#6259,.T.);
#2776=ORIENTED_EDGE('',*,*,#6260,.T.);
#2777=ORIENTED_EDGE('',*,*,#6261,.T.);
#2778=ORIENTED_EDGE('',*,*,#6262,.F.);
#2779=ORIENTED_EDGE('',*,*,#6263,.T.);
#2780=ORIENTED_EDGE('',*,*,#6264,.T.);
#2781=ORIENTED_EDGE('',*,*,#6265,.T.);
#2782=ORIENTED_EDGE('',*,*,#6266,.F.);
#2783=ORIENTED_EDGE('',*,*,#6267,.T.);
#2784=ORIENTED_EDGE('',*,*,#6238,.T.);
#2785=CARTESIAN_POINT('',(0.0,0.0,1.55));
#2786=DIRECTION('',(0.0,0.0,1.0));
#2787=DIRECTION('',(1.0,0.0,0.0));
#2788=ORIENTED_EDGE('',*,*,#6251,.F.);
#2789=ORIENTED_EDGE('',*,*,#6268,.T.);
#2790=ORIENTED_EDGE('',*,*,#6269,.T.);
#2791=ORIENTED_EDGE('',*,*,#6270,.F.);
#2792=CARTESIAN_POINT('',(-1.565514631548,0.245,1.35));
#2793=DIRECTION('',(-1.0,0.0,0.0));
#2794=DIRECTION('',(0.0,0.0,1.0));
#2795=ORIENTED_EDGE('',*,*,#6255,.F.);
#2796=ORIENTED_EDGE('',*,*,#6271,.T.);
#2797=ORIENTED_EDGE('',*,*,#6272,.T.);
#2798=ORIENTED_EDGE('',*,*,#6273,.F.);
#2799=CARTESIAN_POINT('',(-1.565514631548,0.245,1.35));
#2800=DIRECTION('',(-1.0,0.0,0.0));
#2801=DIRECTION('',(0.0,0.0,1.0));
#2802=ORIENTED_EDGE('',*,*,#6259,.F.);
#2803=ORIENTED_EDGE('',*,*,#6274,.T.);
#2804=ORIENTED_EDGE('',*,*,#6275,.T.);
#2805=ORIENTED_EDGE('',*,*,#6276,.F.);
#2806=CARTESIAN_POINT('',(-1.565514631548,0.245,1.35));
#2807=DIRECTION('',(-1.0,0.0,0.0));
#2808=DIRECTION('',(0.0,0.0,1.0));
#2809=ORIENTED_EDGE('',*,*,#6263,.F.);
#2810=ORIENTED_EDGE('',*,*,#6277,.T.);
#2811=ORIENTED_EDGE('',*,*,#6278,.T.);
#2812=ORIENTED_EDGE('',*,*,#6279,.F.);
#2813=CARTESIAN_POINT('',(-1.565514631548,0.245,1.35));
#2814=DIRECTION('',(-1.0,0.0,0.0));
#2815=DIRECTION('',(0.0,0.0,1.0));
#2816=ORIENTED_EDGE('',*,*,#6267,.F.);
#2817=ORIENTED_EDGE('',*,*,#6280,.T.);
#2818=ORIENTED_EDGE('',*,*,#6281,.T.);
#2819=ORIENTED_EDGE('',*,*,#6239,.F.);
#2820=CARTESIAN_POINT('',(-1.565514631548,0.245,1.35));
#2821=DIRECTION('',(-1.0,0.0,0.0));
#2822=DIRECTION('',(0.0,0.0,1.0));
#2823=ORIENTED_EDGE('',*,*,#6282,.T.);
#2824=ORIENTED_EDGE('',*,*,#6283,.F.);
#2825=ORIENTED_EDGE('',*,*,#6247,.F.);
#2826=ORIENTED_EDGE('',*,*,#6284,.T.);
#2827=CARTESIAN_POINT('',(-1.565514631548,0.245,1.35));
#2828=DIRECTION('',(-1.0,0.0,0.0));
#2829=DIRECTION('',(0.0,0.0,1.0));
#2830=ORIENTED_EDGE('',*,*,#6285,.T.);
#2831=ORIENTED_EDGE('',*,*,#6252,.F.);
#2832=ORIENTED_EDGE('',*,*,#6270,.T.);
#2833=ORIENTED_EDGE('',*,*,#6286,.F.);
#2834=ORIENTED_EDGE('',*,*,#6203,.T.);
#2835=ORIENTED_EDGE('',*,*,#6287,.T.);
#2836=ORIENTED_EDGE('',*,*,#6288,.F.);
#2837=CARTESIAN_POINT('',(-1.485,0.0,0.0));
#2838=DIRECTION('',(1.0,0.0,0.0));
#2839=DIRECTION('',(0.0,1.0,0.0));
#2840=ORIENTED_EDGE('',*,*,#6289,.T.);
#2841=ORIENTED_EDGE('',*,*,#6290,.F.);
#2842=ORIENTED_EDGE('',*,*,#6291,.F.);
#2843=ORIENTED_EDGE('',*,*,#6288,.T.);
#2844=CARTESIAN_POINT('',(-1.485,0.265,1.05));
#2845=DIRECTION('',(-1.0,0.0,-0.0));
#2846=DIRECTION('',(0.0,0.0,-1.0));
#2847=ORIENTED_EDGE('',*,*,#6292,.T.);
#2848=ORIENTED_EDGE('',*,*,#6253,.F.);
#2849=ORIENTED_EDGE('',*,*,#6285,.F.);
#2850=ORIENTED_EDGE('',*,*,#6291,.T.);
#2851=CARTESIAN_POINT('',(-1.485,0.265,-1.15));
#2852=DIRECTION('',(-0.0,1.0,0.0));
#2853=DIRECTION('',(1.0,0.0,0.0));
#2854=ORIENTED_EDGE('',*,*,#6293,.F.);
#2855=ORIENTED_EDGE('',*,*,#6201,.F.);
#2856=ORIENTED_EDGE('',*,*,#6294,.T.);
#2857=ORIENTED_EDGE('',*,*,#6271,.F.);
#2858=ORIENTED_EDGE('',*,*,#6254,.T.);
#2859=ORIENTED_EDGE('',*,*,#6292,.F.);
#2860=ORIENTED_EDGE('',*,*,#6290,.T.);
#2861=CARTESIAN_POINT('',(-1.115,0.0,0.0));
#2862=DIRECTION('',(1.0,0.0,0.0));
#2863=DIRECTION('',(0.0,1.0,0.0));
#2864=ORIENTED_EDGE('',*,*,#6269,.F.);
#2865=ORIENTED_EDGE('',*,*,#6295,.F.);
#2866=ORIENTED_EDGE('',*,*,#6204,.T.);
#2867=ORIENTED_EDGE('',*,*,#6286,.T.);
#2868=CARTESIAN_POINT('',(-1.55,0.045,-1.15));
#2869=DIRECTION('',(0.0,-1.0,0.0));
#2870=DIRECTION('',(0.0,0.0,-1.0));
#2871=ORIENTED_EDGE('',*,*,#6272,.F.);
#2872=ORIENTED_EDGE('',*,*,#6294,.F.);
#2873=ORIENTED_EDGE('',*,*,#6200,.T.);
#2874=ORIENTED_EDGE('',*,*,#6296,.T.);
#2875=CARTESIAN_POINT('',(-1.55,0.045,-1.15));
#2876=DIRECTION('',(0.0,-1.0,0.0));
#2877=DIRECTION('',(0.0,0.0,-1.0));
#2878=ORIENTED_EDGE('',*,*,#6275,.F.);
#2879=ORIENTED_EDGE('',*,*,#6297,.F.);
#2880=ORIENTED_EDGE('',*,*,#6196,.T.);
#2881=ORIENTED_EDGE('',*,*,#6298,.T.);
#2882=CARTESIAN_POINT('',(-1.55,0.045,-1.15));
#2883=DIRECTION('',(0.0,-1.0,0.0));
#2884=DIRECTION('',(0.0,0.0,-1.0));
#2885=ORIENTED_EDGE('',*,*,#6278,.F.);
#2886=ORIENTED_EDGE('',*,*,#6299,.F.);
#2887=ORIENTED_EDGE('',*,*,#6192,.T.);
#2888=ORIENTED_EDGE('',*,*,#6300,.T.);
#2889=CARTESIAN_POINT('',(-1.55,0.045,-1.15));
#2890=DIRECTION('',(0.0,-1.0,0.0));
#2891=DIRECTION('',(0.0,0.0,-1.0));
#2892=ORIENTED_EDGE('',*,*,#6281,.F.);
#2893=ORIENTED_EDGE('',*,*,#6301,.F.);
#2894=ORIENTED_EDGE('',*,*,#6188,.T.);
#2895=ORIENTED_EDGE('',*,*,#6240,.T.);
#2896=CARTESIAN_POINT('',(-1.55,0.045,-1.15));
#2897=DIRECTION('',(0.0,-1.0,0.0));
#2898=DIRECTION('',(0.0,0.0,-1.0));
#2899=ORIENTED_EDGE('',*,*,#6231,.T.);
#2900=ORIENTED_EDGE('',*,*,#6302,.T.);
#2901=ORIENTED_EDGE('',*,*,#6282,.F.);
#2902=ORIENTED_EDGE('',*,*,#6303,.F.);
#2903=CARTESIAN_POINT('',(-1.55,0.045,-1.15));
#2904=DIRECTION('',(0.0,-1.0,0.0));
#2905=DIRECTION('',(0.0,0.0,-1.0));
#2906=ORIENTED_EDGE('',*,*,#6304,.F.);
#2907=ORIENTED_EDGE('',*,*,#6205,.T.);
#2908=ORIENTED_EDGE('',*,*,#6295,.T.);
#2909=ORIENTED_EDGE('',*,*,#6305,.F.);
#2910=CARTESIAN_POINT('',(-1.55,0.245,-1.15));
#2911=DIRECTION('',(0.0,0.0,-1.0));
#2912=DIRECTION('',(1.0,0.0,0.0));
#2913=ORIENTED_EDGE('',*,*,#6268,.F.);
#2914=ORIENTED_EDGE('',*,*,#6306,.T.);
#2915=ORIENTED_EDGE('',*,*,#6305,.T.);
#2916=CARTESIAN_POINT('',(-1.55,0.245,1.35));
#2917=DIRECTION('',(-0.707104942283506,0.707108620084806,0.0));
#2918=DIRECTION('',(-0.707108620084806,-0.707104942283506,0.0));
#2919=ORIENTED_EDGE('',*,*,#6307,.T.);
#2920=ORIENTED_EDGE('',*,*,#6308,.T.);
#2921=ORIENTED_EDGE('',*,*,#6306,.F.);
#2922=ORIENTED_EDGE('',*,*,#6250,.F.);
#2923=CARTESIAN_POINT('',(-1.55,0.4605146315484,1.35));
#2924=DIRECTION('',(0.0,1.0,-0.0));
#2925=DIRECTION('',(0.0,0.0,1.0));
#2926=ORIENTED_EDGE('',*,*,#6309,.F.);
#2927=ORIENTED_EDGE('',*,*,#6206,.T.);
#2928=ORIENTED_EDGE('',*,*,#6304,.T.);
#2929=ORIENTED_EDGE('',*,*,#6308,.F.);
#2930=CARTESIAN_POINT('',(-1.75,0.445,-1.15));
#2931=DIRECTION('',(-1.0,0.0,0.0));
#2932=DIRECTION('',(0.0,0.0,1.0));
#2933=ORIENTED_EDGE('',*,*,#6310,.F.);
#2934=ORIENTED_EDGE('',*,*,#6207,.T.);
#2935=ORIENTED_EDGE('',*,*,#6309,.T.);
#2936=ORIENTED_EDGE('',*,*,#6311,.F.);
#2937=CARTESIAN_POINT('',(-1.55,0.445,-1.15));
#2938=DIRECTION('',(0.0,0.0,-1.0));
#2939=DIRECTION('',(1.0,0.0,0.0));
#2940=ORIENTED_EDGE('',*,*,#6307,.F.);
#2941=ORIENTED_EDGE('',*,*,#6312,.T.);
#2942=ORIENTED_EDGE('',*,*,#6311,.T.);
#2943=CARTESIAN_POINT('',(-1.55,0.445,1.35));
#2944=DIRECTION('',(0.707108620084806,0.707104942283506,0.0));
#2945=DIRECTION('',(-0.707104942283506,0.707108620084806,0.0));
#2946=ORIENTED_EDGE('',*,*,#6313,.T.);
#2947=ORIENTED_EDGE('',*,*,#6314,.T.);
#2948=ORIENTED_EDGE('',*,*,#6312,.F.);
#2949=ORIENTED_EDGE('',*,*,#6249,.F.);
#2950=CARTESIAN_POINT('',(1.565514631548,0.445,1.35));
#2951=DIRECTION('',(1.0,-0.0,0.0));
#2952=DIRECTION('',(0.0,0.0,1.0));
#2953=ORIENTED_EDGE('',*,*,#6315,.F.);
#2954=ORIENTED_EDGE('',*,*,#6227,.T.);
#2955=ORIENTED_EDGE('',*,*,#6316,.T.);
#2956=ORIENTED_EDGE('',*,*,#6317,.T.);
#2957=ORIENTED_EDGE('',*,*,#6318,.T.);
#2958=ORIENTED_EDGE('',*,*,#6319,.T.);
#2959=ORIENTED_EDGE('',*,*,#6320,.T.);
#2960=ORIENTED_EDGE('',*,*,#6321,.T.);
#2961=ORIENTED_EDGE('',*,*,#6322,.T.);
#2962=ORIENTED_EDGE('',*,*,#6208,.T.);
#2963=ORIENTED_EDGE('',*,*,#6310,.T.);
#2964=ORIENTED_EDGE('',*,*,#6314,.F.);
#2965=CARTESIAN_POINT('',(1.55,0.645,-1.15));
#2966=DIRECTION('',(-0.0,1.0,0.0));
#2967=DIRECTION('',(1.0,0.0,0.0));
#2968=ORIENTED_EDGE('',*,*,#6323,.F.);
#2969=ORIENTED_EDGE('',*,*,#6209,.F.);
#2970=ORIENTED_EDGE('',*,*,#6322,.F.);
#2971=ORIENTED_EDGE('',*,*,#6324,.T.);
#2972=ORIENTED_EDGE('',*,*,#6325,.F.);
#2973=CARTESIAN_POINT('',(-0.46,0.7825,-1.2));
#2974=DIRECTION('',(0.707106781186548,0.0,0.707106781186548));
#2975=DIRECTION('',(0.0,-1.0,0.0));
#2976=ORIENTED_EDGE('',*,*,#6326,.T.);
#2977=ORIENTED_EDGE('',*,*,#6325,.T.);
#2978=ORIENTED_EDGE('',*,*,#6327,.F.);
#2979=ORIENTED_EDGE('',*,*,#6328,.T.);
#2980=ORIENTED_EDGE('',*,*,#6329,.F.);
#2981=CARTESIAN_POINT('',(-0.41,0.0,0.0));
#2982=DIRECTION('',(1.0,0.0,0.0));
#2983=DIRECTION('',(0.0,1.0,0.0));
#2984=ORIENTED_EDGE('',*,*,#6330,.F.);
#2985=ORIENTED_EDGE('',*,*,#6331,.T.);
#2986=ORIENTED_EDGE('',*,*,#6329,.T.);
#2987=ORIENTED_EDGE('',*,*,#6332,.T.);
#2988=CARTESIAN_POINT('',(-0.41,0.725,-1.75));
#2989=DIRECTION('',(0.0,0.0,-1.0));
#2990=DIRECTION('',(0.0,-1.0,0.0));
#2991=ORIENTED_EDGE('',*,*,#6333,.F.);
#2992=ORIENTED_EDGE('',*,*,#6334,.T.);
#2993=ORIENTED_EDGE('',*,*,#6335,.T.);
#2994=ORIENTED_EDGE('',*,*,#6336,.F.);
#2995=ORIENTED_EDGE('',*,*,#6337,.T.);
#2996=ORIENTED_EDGE('',*,*,#6338,.F.);
#2997=ORIENTED_EDGE('',*,*,#6339,.F.);
#2998=ORIENTED_EDGE('',*,*,#6340,.T.);
#2999=ORIENTED_EDGE('',*,*,#6341,.T.);
#3000=ORIENTED_EDGE('',*,*,#6342,.T.);
#3001=ORIENTED_EDGE('',*,*,#6343,.F.);
#3002=ORIENTED_EDGE('',*,*,#6344,.F.);
#3003=ORIENTED_EDGE('',*,*,#6345,.F.);
#3004=ORIENTED_EDGE('',*,*,#6346,.T.);
#3005=ORIENTED_EDGE('',*,*,#6347,.T.);
#3006=ORIENTED_EDGE('',*,*,#6348,.T.);
#3007=ORIENTED_EDGE('',*,*,#6349,.T.);
#3008=ORIENTED_EDGE('',*,*,#6350,.F.);
#3009=ORIENTED_EDGE('',*,*,#6351,.T.);
#3010=ORIENTED_EDGE('',*,*,#6352,.T.);
#3011=ORIENTED_EDGE('',*,*,#5973,.T.);
#3012=ORIENTED_EDGE('',*,*,#6353,.T.);
#3013=ORIENTED_EDGE('',*,*,#6354,.T.);
#3014=ORIENTED_EDGE('',*,*,#6355,.T.);
#3015=ORIENTED_EDGE('',*,*,#6356,.T.);
#3016=ORIENTED_EDGE('',*,*,#6357,.T.);
#3017=ORIENTED_EDGE('',*,*,#5967,.T.);
#3018=ORIENTED_EDGE('',*,*,#6358,.T.);
#3019=ORIENTED_EDGE('',*,*,#6359,.T.);
#3020=ORIENTED_EDGE('',*,*,#6360,.T.);
#3021=ORIENTED_EDGE('',*,*,#6361,.T.);
#3022=ORIENTED_EDGE('',*,*,#6362,.T.);
#3023=ORIENTED_EDGE('',*,*,#6363,.T.);
#3024=ORIENTED_EDGE('',*,*,#6364,.T.);
#3025=ORIENTED_EDGE('',*,*,#5981,.T.);
#3026=ORIENTED_EDGE('',*,*,#6365,.T.);
#3027=ORIENTED_EDGE('',*,*,#6366,.T.);
#3028=ORIENTED_EDGE('',*,*,#6367,.T.);
#3029=ORIENTED_EDGE('',*,*,#6368,.T.);
#3030=ORIENTED_EDGE('',*,*,#6369,.T.);
#3031=ORIENTED_EDGE('',*,*,#5975,.T.);
#3032=ORIENTED_EDGE('',*,*,#6370,.T.);
#3033=ORIENTED_EDGE('',*,*,#6371,.T.);
#3034=ORIENTED_EDGE('',*,*,#6372,.T.);
#3035=ORIENTED_EDGE('',*,*,#6373,.F.);
#3036=ORIENTED_EDGE('',*,*,#6374,.T.);
#3037=ORIENTED_EDGE('',*,*,#6332,.F.);
#3038=ORIENTED_EDGE('',*,*,#6328,.F.);
#3039=ORIENTED_EDGE('',*,*,#6375,.T.);
#3040=ORIENTED_EDGE('',*,*,#6376,.F.);
#3041=CARTESIAN_POINT('',(-3.2,0.925,-2.35));
#3042=DIRECTION('',(0.0,-1.0,0.0));
#3043=DIRECTION('',(0.0,0.0,-1.0));
#3044=ORIENTED_EDGE('',*,*,#6377,.F.);
#3045=ORIENTED_EDGE('',*,*,#6378,.T.);
#3046=ORIENTED_EDGE('',*,*,#6379,.T.);
#3047=ORIENTED_EDGE('',*,*,#6374,.F.);
#3048=ORIENTED_EDGE('',*,*,#6380,.F.);
#3049=CARTESIAN_POINT('',(2.725,1.225,1.78));
#3050=DIRECTION('',(1.0,0.0,0.0));
#3051=DIRECTION('',(0.0,1.0,0.0));
#3052=ORIENTED_EDGE('',*,*,#6381,.F.);
#3053=ORIENTED_EDGE('',*,*,#6380,.T.);
#3054=ORIENTED_EDGE('',*,*,#6373,.T.);
#3055=ORIENTED_EDGE('',*,*,#6382,.F.);
#3056=CARTESIAN_POINT('',(2.725,1.225,1.752598183049));
#3057=DIRECTION('',(1.0,-0.0,0.0));
#3058=DIRECTION('',(0.0,0.0,1.0));
#3059=ORIENTED_EDGE('',*,*,#6372,.F.);
#3060=ORIENTED_EDGE('',*,*,#6383,.F.);
#3061=ORIENTED_EDGE('',*,*,#6384,.T.);
#3062=ORIENTED_EDGE('',*,*,#6385,.T.);
#3063=ORIENTED_EDGE('',*,*,#6382,.T.);
#3064=CARTESIAN_POINT('',(2.025,1.225,1.35));
#3065=DIRECTION('',(-1.0,0.0,0.0));
#3066=DIRECTION('',(0.0,0.0,1.0));
#3067=ORIENTED_EDGE('',*,*,#6386,.F.);
#3068=ORIENTED_EDGE('',*,*,#6387,.F.);
#3069=ORIENTED_EDGE('',*,*,#6388,.T.);
#3070=ORIENTED_EDGE('',*,*,#6377,.T.);
#3071=ORIENTED_EDGE('',*,*,#6381,.T.);
#3072=ORIENTED_EDGE('',*,*,#6385,.F.);
#3073=CARTESIAN_POINT('',(2.725,1.305,1.36));
#3074=DIRECTION('',(0.0,-0.50000000000021,-0.866025403784317));
#3075=DIRECTION('',(0.0,-0.866025403784317,0.50000000000021));
#3076=ORIENTED_EDGE('',*,*,#6389,.F.);
#3077=ORIENTED_EDGE('',*,*,#6388,.F.);
#3078=ORIENTED_EDGE('',*,*,#6390,.F.);
#3079=ORIENTED_EDGE('',*,*,#6391,.T.);
#3080=CARTESIAN_POINT('',(2.725,0.0,0.0));
#3081=DIRECTION('',(-1.0,0.0,0.0));
#3082=DIRECTION('',(0.0,0.0,1.0));
#3083=ORIENTED_EDGE('',*,*,#6392,.F.);
#3084=ORIENTED_EDGE('',*,*,#6391,.F.);
#3085=ORIENTED_EDGE('',*,*,#6393,.F.);
#3086=ORIENTED_EDGE('',*,*,#6394,.T.);
#3087=CARTESIAN_POINT('',(2.525,1.374406430719,1.435398232379));
#3088=DIRECTION('',(0.0,0.866025403784317,-0.50000000000021));
#3089=DIRECTION('',(1.0,0.0,0.0));
#3090=ORIENTED_EDGE('',*,*,#6395,.T.);
#3091=ORIENTED_EDGE('',*,*,#6396,.F.);
#3092=ORIENTED_EDGE('',*,*,#6397,.F.);
#3093=ORIENTED_EDGE('',*,*,#6394,.F.);
#3094=CARTESIAN_POINT('',(2.725,1.225,1.752598183049));
#3095=DIRECTION('',(0.0,0.50000000000021,0.866025403784317));
#3096=DIRECTION('',(1.0,-0.0,0.0));
#3097=ORIENTED_EDGE('',*,*,#6398,.F.);
#3098=ORIENTED_EDGE('',*,*,#6399,.F.);
#3099=ORIENTED_EDGE('',*,*,#6400,.F.);
#3100=ORIENTED_EDGE('',*,*,#6401,.T.);
#3101=ORIENTED_EDGE('',*,*,#6402,.F.);
#3102=ORIENTED_EDGE('',*,*,#6403,.F.);
#3103=ORIENTED_EDGE('',*,*,#6404,.T.);
#3104=ORIENTED_EDGE('',*,*,#6405,.F.);
#3105=ORIENTED_EDGE('',*,*,#6406,.F.);
#3106=ORIENTED_EDGE('',*,*,#6407,.F.);
#3107=ORIENTED_EDGE('',*,*,#6408,.T.);
#3108=ORIENTED_EDGE('',*,*,#6409,.T.);
#3109=ORIENTED_EDGE('',*,*,#6410,.T.);
#3110=ORIENTED_EDGE('',*,*,#6411,.F.);
#3111=ORIENTED_EDGE('',*,*,#6412,.F.);
#3112=ORIENTED_EDGE('',*,*,#6413,.F.);
#3113=ORIENTED_EDGE('',*,*,#6414,.T.);
#3114=ORIENTED_EDGE('',*,*,#6415,.F.);
#3115=ORIENTED_EDGE('',*,*,#6416,.F.);
#3116=ORIENTED_EDGE('',*,*,#6417,.F.);
#3117=ORIENTED_EDGE('',*,*,#6418,.F.);
#3118=ORIENTED_EDGE('',*,*,#5969,.F.);
#3119=ORIENTED_EDGE('',*,*,#6419,.F.);
#3120=ORIENTED_EDGE('',*,*,#6420,.F.);
#3121=ORIENTED_EDGE('',*,*,#6421,.F.);
#3122=ORIENTED_EDGE('',*,*,#6422,.F.);
#3123=ORIENTED_EDGE('',*,*,#6423,.F.);
#3124=ORIENTED_EDGE('',*,*,#5971,.F.);
#3125=ORIENTED_EDGE('',*,*,#6424,.F.);
#3126=ORIENTED_EDGE('',*,*,#6425,.F.);
#3127=ORIENTED_EDGE('',*,*,#6426,.F.);
#3128=ORIENTED_EDGE('',*,*,#6427,.T.);
#3129=ORIENTED_EDGE('',*,*,#6428,.T.);
#3130=ORIENTED_EDGE('',*,*,#6429,.F.);
#3131=ORIENTED_EDGE('',*,*,#6384,.F.);
#3132=ORIENTED_EDGE('',*,*,#6430,.F.);
#3133=ORIENTED_EDGE('',*,*,#6431,.F.);
#3134=ORIENTED_EDGE('',*,*,#5977,.F.);
#3135=ORIENTED_EDGE('',*,*,#6432,.F.);
#3136=ORIENTED_EDGE('',*,*,#6433,.F.);
#3137=ORIENTED_EDGE('',*,*,#6434,.F.);
#3138=ORIENTED_EDGE('',*,*,#6435,.F.);
#3139=ORIENTED_EDGE('',*,*,#6436,.F.);
#3140=ORIENTED_EDGE('',*,*,#5979,.F.);
#3141=ORIENTED_EDGE('',*,*,#6437,.F.);
#3142=ORIENTED_EDGE('',*,*,#6438,.F.);
#3143=ORIENTED_EDGE('',*,*,#6378,.F.);
#3144=ORIENTED_EDGE('',*,*,#6389,.T.);
#3145=ORIENTED_EDGE('',*,*,#6392,.T.);
#3146=ORIENTED_EDGE('',*,*,#6397,.T.);
#3147=ORIENTED_EDGE('',*,*,#6439,.T.);
#3148=ORIENTED_EDGE('',*,*,#6440,.F.);
#3149=ORIENTED_EDGE('',*,*,#6441,.F.);
#3150=ORIENTED_EDGE('',*,*,#6442,.F.);
#3151=ORIENTED_EDGE('',*,*,#6443,.F.);
#3152=ORIENTED_EDGE('',*,*,#6444,.F.);
#3153=ORIENTED_EDGE('',*,*,#6445,.F.);
#3154=ORIENTED_EDGE('',*,*,#6446,.F.);
#3155=CARTESIAN_POINT('',(3.2,1.225,-2.35));
#3156=DIRECTION('',(-0.0,1.0,0.0));
#3157=DIRECTION('',(1.0,0.0,0.0));
#3158=ORIENTED_EDGE('',*,*,#6447,.T.);
#3159=ORIENTED_EDGE('',*,*,#6386,.T.);
#3160=ORIENTED_EDGE('',*,*,#6440,.T.);
#3161=ORIENTED_EDGE('',*,*,#6448,.T.);
#3162=CARTESIAN_POINT('',(2.025,0.0,0.0));
#3163=DIRECTION('',(-1.0,0.0,0.0));
#3164=DIRECTION('',(0.0,0.0,1.0));
#3165=ORIENTED_EDGE('',*,*,#6448,.F.);
#3166=ORIENTED_EDGE('',*,*,#6439,.F.);
#3167=ORIENTED_EDGE('',*,*,#6396,.T.);
#3168=ORIENTED_EDGE('',*,*,#6449,.F.);
#3169=CARTESIAN_POINT('',(2.225,1.111328977094,1.587286071047));
#3170=DIRECTION('',(0.0,-0.866025403784317,0.50000000000021));
#3171=DIRECTION('',(-1.0,0.0,0.0));
#3172=ORIENTED_EDGE('',*,*,#6390,.T.);
#3173=ORIENTED_EDGE('',*,*,#6387,.T.);
#3174=ORIENTED_EDGE('',*,*,#6447,.F.);
#3175=ORIENTED_EDGE('',*,*,#6449,.T.);
#3176=ORIENTED_EDGE('',*,*,#6395,.F.);
#3177=ORIENTED_EDGE('',*,*,#6393,.T.);
#3178=CARTESIAN_POINT('',(2.725,1.455,1.619807621135));
#3179=DIRECTION('',(0.0,0.866025403784317,-0.50000000000021));
#3180=DIRECTION('',(-1.0,0.0,0.0));
#3181=ORIENTED_EDGE('',*,*,#6450,.T.);
#3182=ORIENTED_EDGE('',*,*,#6363,.F.);
#3183=ORIENTED_EDGE('',*,*,#6379,.F.);
#3184=ORIENTED_EDGE('',*,*,#6438,.T.);
#3185=CARTESIAN_POINT('',(2.725,1.225,1.35));
#3186=DIRECTION('',(0.0,0.0,1.0));
#3187=DIRECTION('',(1.0,0.0,0.0));
#3188=ORIENTED_EDGE('',*,*,#5978,.T.);
#3189=ORIENTED_EDGE('',*,*,#6364,.F.);
#3190=ORIENTED_EDGE('',*,*,#6450,.F.);
#3191=ORIENTED_EDGE('',*,*,#6437,.T.);
#3192=CARTESIAN_POINT('',(2.85,1.225,1.225));
#3193=DIRECTION('',(0.0,-1.0,0.0));
#3194=DIRECTION('',(1.0,0.0,0.0));
#3195=ORIENTED_EDGE('',*,*,#6451,.T.);
#3196=ORIENTED_EDGE('',*,*,#6365,.F.);
#3197=ORIENTED_EDGE('',*,*,#5980,.F.);
#3198=ORIENTED_EDGE('',*,*,#6436,.T.);
#3199=CARTESIAN_POINT('',(2.85,1.225,1.1));
#3200=DIRECTION('',(0.0,0.0,-1.0));
#3201=DIRECTION('',(0.0,-1.0,0.0));
#3202=ORIENTED_EDGE('',*,*,#6452,.T.);
#3203=ORIENTED_EDGE('',*,*,#6366,.F.);
#3204=ORIENTED_EDGE('',*,*,#6451,.F.);
#3205=ORIENTED_EDGE('',*,*,#6435,.T.);
#3206=CARTESIAN_POINT('',(2.725,1.225,1.1));
#3207=DIRECTION('',(1.0,0.0,0.0));
#3208=DIRECTION('',(0.0,1.0,0.0));
#3209=ORIENTED_EDGE('',*,*,#6453,.T.);
#3210=ORIENTED_EDGE('',*,*,#6367,.F.);
#3211=ORIENTED_EDGE('',*,*,#6452,.F.);
#3212=ORIENTED_EDGE('',*,*,#6434,.T.);
#3213=CARTESIAN_POINT('',(2.725,1.225,-0.12));
#3214=DIRECTION('',(0.0,0.0,-1.0));
#3215=DIRECTION('',(0.0,-1.0,0.0));
#3216=ORIENTED_EDGE('',*,*,#6454,.T.);
#3217=ORIENTED_EDGE('',*,*,#6368,.F.);
#3218=ORIENTED_EDGE('',*,*,#6453,.F.);
#3219=ORIENTED_EDGE('',*,*,#6433,.T.);
#3220=CARTESIAN_POINT('',(2.025,1.225,-0.12));
#3221=DIRECTION('',(-1.0,0.0,0.0));
#3222=DIRECTION('',(0.0,0.0,1.0));
#3223=ORIENTED_EDGE('',*,*,#5976,.T.);
#3224=ORIENTED_EDGE('',*,*,#6369,.F.);
#3225=ORIENTED_EDGE('',*,*,#6454,.F.);
#3226=ORIENTED_EDGE('',*,*,#6432,.T.);
#3227=CARTESIAN_POINT('',(2.025,1.225,1.1));
#3228=DIRECTION('',(0.0,0.0,-1.0));
#3229=DIRECTION('',(0.0,-1.0,0.0));
#3230=ORIENTED_EDGE('',*,*,#5974,.T.);
#3231=ORIENTED_EDGE('',*,*,#6431,.T.);
#3232=ORIENTED_EDGE('',*,*,#6455,.T.);
#3233=ORIENTED_EDGE('',*,*,#6370,.F.);
#3234=CARTESIAN_POINT('',(1.9,1.225,1.225));
#3235=DIRECTION('',(0.0,-1.0,0.0));
#3236=DIRECTION('',(1.0,0.0,0.0));
#3237=ORIENTED_EDGE('',*,*,#6383,.T.);
#3238=ORIENTED_EDGE('',*,*,#6371,.F.);
#3239=ORIENTED_EDGE('',*,*,#6455,.F.);
#3240=ORIENTED_EDGE('',*,*,#6430,.T.);
#3241=CARTESIAN_POINT('',(1.9,1.225,1.35));
#3242=DIRECTION('',(0.0,0.0,1.0));
#3243=DIRECTION('',(1.0,0.0,0.0));
#3244=ORIENTED_EDGE('',*,*,#6456,.F.);
#3245=ORIENTED_EDGE('',*,*,#6457,.F.);
#3246=ORIENTED_EDGE('',*,*,#6429,.T.);
#3247=ORIENTED_EDGE('',*,*,#6458,.F.);
#3248=CARTESIAN_POINT('',(-2.725,1.225,1.752598183049));
#3249=DIRECTION('',(0.0,-0.50000000000021,-0.866025403784317));
#3250=DIRECTION('',(0.0,-0.866025403784317,0.50000000000021));
#3251=ORIENTED_EDGE('',*,*,#6428,.F.);
#3252=ORIENTED_EDGE('',*,*,#6459,.F.);
#3253=ORIENTED_EDGE('',*,*,#6460,.F.);
#3254=ORIENTED_EDGE('',*,*,#6458,.T.);
#3255=CARTESIAN_POINT('',(-2.225,1.374406430719,1.435398232379));
#3256=DIRECTION('',(0.0,0.866025403784317,-0.50000000000021));
#3257=DIRECTION('',(1.0,0.0,0.0));
#3258=ORIENTED_EDGE('',*,*,#6461,.T.);
#3259=ORIENTED_EDGE('',*,*,#6462,.F.);
#3260=ORIENTED_EDGE('',*,*,#6463,.F.);
#3261=ORIENTED_EDGE('',*,*,#6464,.T.);
#3262=ORIENTED_EDGE('',*,*,#6456,.T.);
#3263=ORIENTED_EDGE('',*,*,#6460,.T.);
#3264=CARTESIAN_POINT('',(-2.725,1.455,1.619807621135));
#3265=DIRECTION('',(0.0,-0.866025403784317,0.50000000000021));
#3266=DIRECTION('',(-1.0,0.0,0.0));
#3267=ORIENTED_EDGE('',*,*,#6465,.F.);
#3268=ORIENTED_EDGE('',*,*,#6414,.F.);
#3269=ORIENTED_EDGE('',*,*,#6457,.T.);
#3270=ORIENTED_EDGE('',*,*,#6464,.F.);
#3271=CARTESIAN_POINT('',(-2.525,1.111328977094,1.587286071047));
#3272=DIRECTION('',(0.0,-0.866025403784317,0.50000000000021));
#3273=DIRECTION('',(-1.0,0.0,0.0));
#3274=ORIENTED_EDGE('',*,*,#6463,.T.);
#3275=ORIENTED_EDGE('',*,*,#6466,.T.);
#3276=ORIENTED_EDGE('',*,*,#6415,.T.);
#3277=ORIENTED_EDGE('',*,*,#6465,.T.);
#3278=CARTESIAN_POINT('',(-2.725,0.0,0.0));
#3279=DIRECTION('',(-1.0,0.0,0.0));
#3280=DIRECTION('',(0.0,0.0,1.0));
#3281=ORIENTED_EDGE('',*,*,#6466,.F.);
#3282=ORIENTED_EDGE('',*,*,#6462,.T.);
#3283=ORIENTED_EDGE('',*,*,#6467,.T.);
#3284=ORIENTED_EDGE('',*,*,#6468,.T.);
#3285=ORIENTED_EDGE('',*,*,#6469,.F.);
#3286=ORIENTED_EDGE('',*,*,#6470,.F.);
#3287=CARTESIAN_POINT('',(-2.725,1.305,1.36));
#3288=DIRECTION('',(0.0,0.50000000000021,0.866025403784317));
#3289=DIRECTION('',(1.0,-0.0,0.0));
#3290=ORIENTED_EDGE('',*,*,#6360,.F.);
#3291=ORIENTED_EDGE('',*,*,#6471,.F.);
#3292=ORIENTED_EDGE('',*,*,#6416,.T.);
#3293=ORIENTED_EDGE('',*,*,#6470,.T.);
#3294=ORIENTED_EDGE('',*,*,#6472,.T.);
#3295=CARTESIAN_POINT('',(-2.725,1.225,1.35));
#3296=DIRECTION('',(-1.0,0.0,0.0));
#3297=DIRECTION('',(0.0,0.0,1.0));
#3298=ORIENTED_EDGE('',*,*,#6469,.T.);
#3299=ORIENTED_EDGE('',*,*,#6473,.T.);
#3300=ORIENTED_EDGE('',*,*,#6361,.F.);
#3301=ORIENTED_EDGE('',*,*,#6472,.F.);
#3302=CARTESIAN_POINT('',(-2.725,1.225,1.752598183049));
#3303=DIRECTION('',(1.0,-0.0,0.0));
#3304=DIRECTION('',(0.0,0.0,1.0));
#3305=ORIENTED_EDGE('',*,*,#6468,.F.);
#3306=ORIENTED_EDGE('',*,*,#6426,.T.);
#3307=ORIENTED_EDGE('',*,*,#6474,.T.);
#3308=ORIENTED_EDGE('',*,*,#6362,.F.);
#3309=ORIENTED_EDGE('',*,*,#6473,.F.);
#3310=CARTESIAN_POINT('',(-2.025,1.225,1.78));
#3311=DIRECTION('',(1.0,0.0,0.0));
#3312=DIRECTION('',(0.0,1.0,0.0));
#3313=ORIENTED_EDGE('',*,*,#6475,.T.);
#3314=ORIENTED_EDGE('',*,*,#6351,.F.);
#3315=ORIENTED_EDGE('',*,*,#6474,.F.);
#3316=ORIENTED_EDGE('',*,*,#6425,.T.);
#3317=CARTESIAN_POINT('',(-2.025,1.225,1.35));
#3318=DIRECTION('',(0.0,0.0,1.0));
#3319=DIRECTION('',(1.0,0.0,0.0));
#3320=ORIENTED_EDGE('',*,*,#5970,.T.);
#3321=ORIENTED_EDGE('',*,*,#6352,.F.);
#3322=ORIENTED_EDGE('',*,*,#6475,.F.);
#3323=ORIENTED_EDGE('',*,*,#6424,.T.);
#3324=CARTESIAN_POINT('',(-1.9,1.225,1.225));
#3325=DIRECTION('',(0.0,-1.0,0.0));
#3326=DIRECTION('',(1.0,0.0,0.0));
#3327=ORIENTED_EDGE('',*,*,#6476,.T.);
#3328=ORIENTED_EDGE('',*,*,#6353,.F.);
#3329=ORIENTED_EDGE('',*,*,#5972,.F.);
#3330=ORIENTED_EDGE('',*,*,#6423,.T.);
#3331=CARTESIAN_POINT('',(-1.9,1.225,1.1));
#3332=DIRECTION('',(0.0,0.0,-1.0));
#3333=DIRECTION('',(0.0,-1.0,0.0));
#3334=ORIENTED_EDGE('',*,*,#6477,.T.);
#3335=ORIENTED_EDGE('',*,*,#6354,.F.);
#3336=ORIENTED_EDGE('',*,*,#6476,.F.);
#3337=ORIENTED_EDGE('',*,*,#6422,.T.);
#3338=CARTESIAN_POINT('',(-2.025,1.225,1.1));
#3339=DIRECTION('',(1.0,0.0,0.0));
#3340=DIRECTION('',(0.0,1.0,0.0));
#3341=ORIENTED_EDGE('',*,*,#6478,.T.);
#3342=ORIENTED_EDGE('',*,*,#6355,.F.);
#3343=ORIENTED_EDGE('',*,*,#6477,.F.);
#3344=ORIENTED_EDGE('',*,*,#6421,.T.);
#3345=CARTESIAN_POINT('',(-2.025,1.225,-0.12));
#3346=DIRECTION('',(0.0,0.0,-1.0));
#3347=DIRECTION('',(0.0,-1.0,0.0));
#3348=ORIENTED_EDGE('',*,*,#6479,.T.);
#3349=ORIENTED_EDGE('',*,*,#6356,.F.);
#3350=ORIENTED_EDGE('',*,*,#6478,.F.);
#3351=ORIENTED_EDGE('',*,*,#6420,.T.);
#3352=CARTESIAN_POINT('',(-2.725,1.225,-0.12));
#3353=DIRECTION('',(-1.0,0.0,0.0));
#3354=DIRECTION('',(0.0,0.0,1.0));
#3355=ORIENTED_EDGE('',*,*,#5968,.T.);
#3356=ORIENTED_EDGE('',*,*,#6357,.F.);
#3357=ORIENTED_EDGE('',*,*,#6479,.F.);
#3358=ORIENTED_EDGE('',*,*,#6419,.T.);
#3359=CARTESIAN_POINT('',(-2.725,1.225,1.1));
#3360=DIRECTION('',(0.0,0.0,-1.0));
#3361=DIRECTION('',(0.0,-1.0,0.0));
#3362=ORIENTED_EDGE('',*,*,#5966,.T.);
#3363=ORIENTED_EDGE('',*,*,#6418,.T.);
#3364=ORIENTED_EDGE('',*,*,#6480,.T.);
#3365=ORIENTED_EDGE('',*,*,#6358,.F.);
#3366=CARTESIAN_POINT('',(-2.85,1.225,1.225));
#3367=DIRECTION('',(0.0,-1.0,0.0));
#3368=DIRECTION('',(1.0,0.0,0.0));
#3369=ORIENTED_EDGE('',*,*,#6471,.T.);
#3370=ORIENTED_EDGE('',*,*,#6359,.F.);
#3371=ORIENTED_EDGE('',*,*,#6480,.F.);
#3372=ORIENTED_EDGE('',*,*,#6417,.T.);
#3373=CARTESIAN_POINT('',(-2.85,1.225,1.35));
#3374=DIRECTION('',(0.0,0.0,1.0));
#3375=DIRECTION('',(1.0,0.0,0.0));
#3376=ORIENTED_EDGE('',*,*,#6427,.F.);
#3377=ORIENTED_EDGE('',*,*,#6467,.F.);
#3378=ORIENTED_EDGE('',*,*,#6461,.F.);
#3379=ORIENTED_EDGE('',*,*,#6459,.T.);
#3380=CARTESIAN_POINT('',(-2.025,0.0,0.0));
#3381=DIRECTION('',(-1.0,0.0,0.0));
#3382=DIRECTION('',(0.0,0.0,1.0));
#3383=ORIENTED_EDGE('',*,*,#6481,.F.);
#3384=ORIENTED_EDGE('',*,*,#6482,.F.);
#3385=ORIENTED_EDGE('',*,*,#6413,.T.);
#3386=ORIENTED_EDGE('',*,*,#6483,.F.);
#3387=CARTESIAN_POINT('',(-3.01491772868,0.925,-2.35));
#3388=DIRECTION('',(-1.0,0.0,-0.0));
#3389=DIRECTION('',(0.0,0.0,-1.0));
#3390=ORIENTED_EDGE('',*,*,#6412,.T.);
#3391=ORIENTED_EDGE('',*,*,#6484,.T.);
#3392=ORIENTED_EDGE('',*,*,#6334,.F.);
#3393=ORIENTED_EDGE('',*,*,#6485,.T.);
#3394=ORIENTED_EDGE('',*,*,#6486,.T.);
#3395=ORIENTED_EDGE('',*,*,#6487,.F.);
#3396=ORIENTED_EDGE('',*,*,#6488,.F.);
#3397=ORIENTED_EDGE('',*,*,#6489,.T.);
#3398=ORIENTED_EDGE('',*,*,#6490,.T.);
#3399=ORIENTED_EDGE('',*,*,#6491,.F.);
#3400=ORIENTED_EDGE('',*,*,#6483,.T.);
#3401=CARTESIAN_POINT('',(1.21,1.225,-2.35));
#3402=DIRECTION('',(-1.0,0.0,0.0));
#3403=DIRECTION('',(0.0,0.0,1.0));
#3404=ORIENTED_EDGE('',*,*,#6491,.T.);
#3405=ORIENTED_EDGE('',*,*,#6492,.T.);
#3406=ORIENTED_EDGE('',*,*,#6493,.T.);
#3407=ORIENTED_EDGE('',*,*,#6494,.T.);
#3408=ORIENTED_EDGE('',*,*,#6495,.T.);
#3409=ORIENTED_EDGE('',*,*,#6496,.T.);
#3410=ORIENTED_EDGE('',*,*,#6497,.T.);
#3411=ORIENTED_EDGE('',*,*,#6498,.T.);
#3412=ORIENTED_EDGE('',*,*,#6499,.T.);
#3413=ORIENTED_EDGE('',*,*,#6500,.T.);
#3414=ORIENTED_EDGE('',*,*,#6501,.T.);
#3415=ORIENTED_EDGE('',*,*,#6502,.T.);
#3416=ORIENTED_EDGE('',*,*,#6503,.T.);
#3417=ORIENTED_EDGE('',*,*,#6504,.T.);
#3418=ORIENTED_EDGE('',*,*,#6505,.T.);
#3419=ORIENTED_EDGE('',*,*,#6481,.T.);
#3420=CARTESIAN_POINT('',(0.0,0.0,-2.65));
#3421=DIRECTION('',(0.0,0.0,-1.0));
#3422=DIRECTION('',(0.0,-1.0,0.0));
#3423=ORIENTED_EDGE('',*,*,#6505,.F.);
#3424=ORIENTED_EDGE('',*,*,#6506,.F.);
#3425=ORIENTED_EDGE('',*,*,#6507,.T.);
#3426=ORIENTED_EDGE('',*,*,#6508,.T.);
#3427=ORIENTED_EDGE('',*,*,#6509,.F.);
#3428=ORIENTED_EDGE('',*,*,#6510,.F.);
#3429=ORIENTED_EDGE('',*,*,#6511,.T.);
#3430=ORIENTED_EDGE('',*,*,#6350,.T.);
#3431=ORIENTED_EDGE('',*,*,#6512,.F.);
#3432=ORIENTED_EDGE('',*,*,#6398,.T.);
#3433=ORIENTED_EDGE('',*,*,#6482,.T.);
#3434=CARTESIAN_POINT('',(-1.21,1.225,-1.35));
#3435=DIRECTION('',(1.0,0.0,0.0));
#3436=DIRECTION('',(0.0,1.0,0.0));
#3437=ORIENTED_EDGE('',*,*,#6512,.T.);
#3438=ORIENTED_EDGE('',*,*,#6349,.F.);
#3439=ORIENTED_EDGE('',*,*,#6513,.F.);
#3440=ORIENTED_EDGE('',*,*,#6399,.T.);
#3441=CARTESIAN_POINT('',(-2.37,1.225,-1.35));
#3442=DIRECTION('',(0.0,0.0,1.0));
#3443=DIRECTION('',(1.0,0.0,0.0));
#3444=ORIENTED_EDGE('',*,*,#6400,.T.);
#3445=ORIENTED_EDGE('',*,*,#6513,.T.);
#3446=ORIENTED_EDGE('',*,*,#6348,.F.);
#3447=ORIENTED_EDGE('',*,*,#6514,.T.);
#3448=CARTESIAN_POINT('',(-2.37,1.225,-2.35));
#3449=DIRECTION('',(-1.0,0.0,0.0));
#3450=DIRECTION('',(0.0,0.0,1.0));
#3451=ORIENTED_EDGE('',*,*,#6515,.F.);
#3452=ORIENTED_EDGE('',*,*,#6516,.F.);
#3453=ORIENTED_EDGE('',*,*,#6337,.F.);
#3454=ORIENTED_EDGE('',*,*,#6517,.T.);
#3455=ORIENTED_EDGE('',*,*,#6409,.F.);
#3456=ORIENTED_EDGE('',*,*,#6518,.F.);
#3457=ORIENTED_EDGE('',*,*,#6519,.F.);
#3458=ORIENTED_EDGE('',*,*,#6520,.T.);
#3459=CARTESIAN_POINT('',(0.0,0.0,-1.65));
#3460=DIRECTION('',(0.0,0.0,-1.0));
#3461=DIRECTION('',(0.0,-1.0,0.0));
#3462=ORIENTED_EDGE('',*,*,#6521,.F.);
#3463=ORIENTED_EDGE('',*,*,#6522,.F.);
#3464=ORIENTED_EDGE('',*,*,#6401,.F.);
#3465=ORIENTED_EDGE('',*,*,#6514,.F.);
#3466=ORIENTED_EDGE('',*,*,#6347,.F.);
#3467=ORIENTED_EDGE('',*,*,#6523,.F.);
#3468=ORIENTED_EDGE('',*,*,#6524,.F.);
#3469=ORIENTED_EDGE('',*,*,#6525,.T.);
#3470=CARTESIAN_POINT('',(0.0,0.0,-1.65));
#3471=DIRECTION('',(0.0,0.0,-1.0));
#3472=DIRECTION('',(0.0,-1.0,0.0));
#3473=ORIENTED_EDGE('',*,*,#6520,.F.);
#3474=ORIENTED_EDGE('',*,*,#6526,.F.);
#3475=ORIENTED_EDGE('',*,*,#6527,.T.);
#3476=ORIENTED_EDGE('',*,*,#6528,.F.);
#3477=CARTESIAN_POINT('',(1.6347692869,0.8604112610569,-1.75));
#3478=DIRECTION('',(-0.573576436351011,0.819152044289016,0.0));
#3479=DIRECTION('',(0.0,0.0,1.0));
#3480=ORIENTED_EDGE('',*,*,#6529,.F.);
#3481=ORIENTED_EDGE('',*,*,#6530,.T.);
#3482=ORIENTED_EDGE('',*,*,#6531,.F.);
#3483=ORIENTED_EDGE('',*,*,#6532,.T.);
#3484=ORIENTED_EDGE('',*,*,#6515,.T.);
#3485=ORIENTED_EDGE('',*,*,#6528,.T.);
#3486=CARTESIAN_POINT('',(2.262642356365,0.9069152044289,-2.35));
#3487=DIRECTION('',(0.573576436351078,-0.819152044288969,0.0));
#3488=DIRECTION('',(0.0,0.0,-1.0));
#3489=ORIENTED_EDGE('',*,*,#6338,.T.);
#3490=ORIENTED_EDGE('',*,*,#6516,.T.);
#3491=ORIENTED_EDGE('',*,*,#6532,.F.);
#3492=ORIENTED_EDGE('',*,*,#6533,.F.);
#3493=CARTESIAN_POINT('',(2.32,0.825,-2.35));
#3494=DIRECTION('',(0.0,0.0,1.0));
#3495=DIRECTION('',(-1.0,0.0,0.0));
#3496=ORIENTED_EDGE('',*,*,#6534,.T.);
#3497=ORIENTED_EDGE('',*,*,#6535,.T.);
#3498=ORIENTED_EDGE('',*,*,#6345,.T.);
#3499=ORIENTED_EDGE('',*,*,#6536,.F.);
#3500=ORIENTED_EDGE('',*,*,#6050,.F.);
#3501=ORIENTED_EDGE('',*,*,#6537,.F.);
#3502=ORIENTED_EDGE('',*,*,#6538,.F.);
#3503=ORIENTED_EDGE('',*,*,#6539,.F.);
#3504=ORIENTED_EDGE('',*,*,#6540,.F.);
#3505=ORIENTED_EDGE('',*,*,#6541,.F.);
#3506=ORIENTED_EDGE('',*,*,#6542,.F.);
#3507=ORIENTED_EDGE('',*,*,#6543,.F.);
#3508=ORIENTED_EDGE('',*,*,#6403,.T.);
#3509=ORIENTED_EDGE('',*,*,#6544,.T.);
#3510=ORIENTED_EDGE('',*,*,#6545,.T.);
#3511=ORIENTED_EDGE('',*,*,#6546,.T.);
#3512=CARTESIAN_POINT('',(0.0,0.0,-2.35));
#3513=DIRECTION('',(0.0,0.0,1.0));
#3514=DIRECTION('',(1.0,0.0,0.0));
#3515=ORIENTED_EDGE('',*,*,#6547,.T.);
#3516=ORIENTED_EDGE('',*,*,#6548,.T.);
#3517=ORIENTED_EDGE('',*,*,#6407,.T.);
#3518=ORIENTED_EDGE('',*,*,#6549,.F.);
#3519=ORIENTED_EDGE('',*,*,#6078,.F.);
#3520=ORIENTED_EDGE('',*,*,#6086,.F.);
#3521=ORIENTED_EDGE('',*,*,#6550,.F.);
#3522=ORIENTED_EDGE('',*,*,#6551,.F.);
#3523=ORIENTED_EDGE('',*,*,#6105,.F.);
#3524=ORIENTED_EDGE('',*,*,#6097,.F.);
#3525=ORIENTED_EDGE('',*,*,#6071,.F.);
#3526=ORIENTED_EDGE('',*,*,#6552,.F.);
#3527=ORIENTED_EDGE('',*,*,#6339,.T.);
#3528=ORIENTED_EDGE('',*,*,#6533,.T.);
#3529=ORIENTED_EDGE('',*,*,#6531,.T.);
#3530=ORIENTED_EDGE('',*,*,#6553,.T.);
#3531=CARTESIAN_POINT('',(0.0,0.0,-2.35));
#3532=DIRECTION('',(0.0,0.0,1.0));
#3533=DIRECTION('',(1.0,0.0,0.0));
#3534=ORIENTED_EDGE('',*,*,#6546,.F.);
#3535=ORIENTED_EDGE('',*,*,#6554,.F.);
#3536=ORIENTED_EDGE('',*,*,#6555,.T.);
#3537=ORIENTED_EDGE('',*,*,#6556,.F.);
#3538=CARTESIAN_POINT('',(-1.802342147694,0.9697817730545,-2.05));
#3539=DIRECTION('',(0.573576436351011,0.819152044289016,0.0));
#3540=DIRECTION('',(0.0,0.0,-1.0));
#3541=ORIENTED_EDGE('',*,*,#6524,.T.);
#3542=ORIENTED_EDGE('',*,*,#6557,.F.);
#3543=ORIENTED_EDGE('',*,*,#6534,.F.);
#3544=ORIENTED_EDGE('',*,*,#6556,.T.);
#3545=ORIENTED_EDGE('',*,*,#6558,.T.);
#3546=ORIENTED_EDGE('',*,*,#6559,.T.);
#3547=CARTESIAN_POINT('',(-1.737568292387,0.5392543867133,-2.35));
#3548=DIRECTION('',(-0.573576436351011,-0.819152044289016,0.0));
#3549=DIRECTION('',(-0.819152044289016,0.573576436351011,0.0));
#3550=ORIENTED_EDGE('',*,*,#6525,.F.);
#3551=ORIENTED_EDGE('',*,*,#6559,.F.);
#3552=ORIENTED_EDGE('',*,*,#6560,.T.);
#3553=ORIENTED_EDGE('',*,*,#6561,.F.);
#3554=CARTESIAN_POINT('',(-1.832124775827,0.5785584129266,-1.75));
#3555=DIRECTION('',(-0.573576436351011,-0.819152044289016,0.0));
#3556=DIRECTION('',(0.0,0.0,1.0));
#3557=ORIENTED_EDGE('',*,*,#6562,.F.);
#3558=ORIENTED_EDGE('',*,*,#6554,.T.);
#3559=ORIENTED_EDGE('',*,*,#6545,.F.);
#3560=ORIENTED_EDGE('',*,*,#6563,.T.);
#3561=ORIENTED_EDGE('',*,*,#6521,.T.);
#3562=ORIENTED_EDGE('',*,*,#6561,.T.);
#3563=CARTESIAN_POINT('',(-2.142224954954,1.188830408858,-2.35));
#3564=DIRECTION('',(0.573576436351011,0.819152044289016,0.0));
#3565=DIRECTION('',(0.0,0.0,-1.0));
#3566=ORIENTED_EDGE('',*,*,#6402,.T.);
#3567=ORIENTED_EDGE('',*,*,#6522,.T.);
#3568=ORIENTED_EDGE('',*,*,#6563,.F.);
#3569=ORIENTED_EDGE('',*,*,#6544,.F.);
#3570=CARTESIAN_POINT('',(-2.256940242224,1.025,-2.35));
#3571=DIRECTION('',(0.0,0.0,1.0));
#3572=DIRECTION('',(-1.0,0.0,0.0));
#3573=ORIENTED_EDGE('',*,*,#6558,.F.);
#3574=ORIENTED_EDGE('',*,*,#6555,.F.);
#3575=ORIENTED_EDGE('',*,*,#6562,.T.);
#3576=ORIENTED_EDGE('',*,*,#6560,.F.);
#3577=CARTESIAN_POINT('',(-1.565495361482,0.785,-2.35));
#3578=DIRECTION('',(0.819152044289016,-0.573576436351011,0.0));
#3579=DIRECTION('',(0.0,0.0,-1.0));
#3580=ORIENTED_EDGE('',*,*,#6557,.T.);
#3581=ORIENTED_EDGE('',*,*,#6523,.T.);
#3582=ORIENTED_EDGE('',*,*,#6346,.F.);
#3583=ORIENTED_EDGE('',*,*,#6535,.F.);
#3584=CARTESIAN_POINT('',(-2.32,0.825,-2.35));
#3585=DIRECTION('',(0.0,0.0,1.0));
#3586=DIRECTION('',(-1.0,0.0,0.0));
#3587=ORIENTED_EDGE('',*,*,#6404,.F.);
#3588=ORIENTED_EDGE('',*,*,#6543,.T.);
#3589=ORIENTED_EDGE('',*,*,#6564,.T.);
#3590=ORIENTED_EDGE('',*,*,#6009,.F.);
#3591=CARTESIAN_POINT('',(-3.2,0.675,-2.35));
#3592=DIRECTION('',(0.0,0.0,-1.0));
#3593=DIRECTION('',(1.0,0.0,0.0));
#3594=ORIENTED_EDGE('',*,*,#5982,.F.);
#3595=ORIENTED_EDGE('',*,*,#6032,.F.);
#3596=ORIENTED_EDGE('',*,*,#6010,.F.);
#3597=ORIENTED_EDGE('',*,*,#6564,.F.);
#3598=ORIENTED_EDGE('',*,*,#6542,.T.);
#3599=ORIENTED_EDGE('',*,*,#6565,.F.);
#3600=ORIENTED_EDGE('',*,*,#6566,.T.);
#3601=ORIENTED_EDGE('',*,*,#6061,.T.);
#3602=ORIENTED_EDGE('',*,*,#6567,.T.);
#3603=ORIENTED_EDGE('',*,*,#6568,.F.);
#3604=CARTESIAN_POINT('',(-3.75,0.675,-2.35));
#3605=DIRECTION('',(-1.0,0.0,0.0));
#3606=DIRECTION('',(0.0,0.0,1.0));
#3607=ORIENTED_EDGE('',*,*,#6541,.T.);
#3608=ORIENTED_EDGE('',*,*,#6569,.T.);
#3609=ORIENTED_EDGE('',*,*,#6570,.F.);
#3610=ORIENTED_EDGE('',*,*,#6571,.T.);
#3611=ORIENTED_EDGE('',*,*,#6565,.T.);
#3612=CARTESIAN_POINT('',(-3.2,-0.07144660940673,-2.35));
#3613=DIRECTION('',(0.0,0.0,-1.0));
#3614=DIRECTION('',(1.0,0.0,0.0));
#3615=ORIENTED_EDGE('',*,*,#6572,.T.);
#3616=ORIENTED_EDGE('',*,*,#5983,.F.);
#3617=ORIENTED_EDGE('',*,*,#6568,.T.);
#3618=ORIENTED_EDGE('',*,*,#6573,.T.);
#3619=ORIENTED_EDGE('',*,*,#6574,.T.);
#3620=CARTESIAN_POINT('',(-3.2,-0.07144660940673,-2.35));
#3621=DIRECTION('',(0.0,0.0,-1.0));
#3622=DIRECTION('',(1.0,0.0,0.0));
#3623=ORIENTED_EDGE('',*,*,#6566,.F.);
#3624=ORIENTED_EDGE('',*,*,#6571,.F.);
#3625=ORIENTED_EDGE('',*,*,#6575,.F.);
#3626=ORIENTED_EDGE('',*,*,#6576,.F.);
#3627=ORIENTED_EDGE('',*,*,#6048,.F.);
#3628=ORIENTED_EDGE('',*,*,#6062,.T.);
#3629=CARTESIAN_POINT('',(-2.377960602616,-0.175,-0.26));
#3630=DIRECTION('',(1.0,-0.0,0.0));
#3631=DIRECTION('',(0.0,1.0,0.0));
#3632=ORIENTED_EDGE('',*,*,#6577,.F.);
#3633=ORIENTED_EDGE('',*,*,#6537,.T.);
#3634=ORIENTED_EDGE('',*,*,#6049,.F.);
#3635=ORIENTED_EDGE('',*,*,#6576,.T.);
#3636=ORIENTED_EDGE('',*,*,#6578,.T.);
#3637=CARTESIAN_POINT('',(-3.2,-0.07144660940673,-2.35));
#3638=DIRECTION('',(0.0,0.0,-1.0));
#3639=DIRECTION('',(1.0,0.0,0.0));
#3640=ORIENTED_EDGE('',*,*,#5991,.F.);
#3641=ORIENTED_EDGE('',*,*,#6579,.F.);
#3642=ORIENTED_EDGE('',*,*,#6580,.F.);
#3643=ORIENTED_EDGE('',*,*,#6581,.T.);
#3644=ORIENTED_EDGE('',*,*,#6053,.F.);
#3645=CARTESIAN_POINT('',(-3.2,-0.07144660940673,-2.35));
#3646=DIRECTION('',(0.0,0.0,-1.0));
#3647=DIRECTION('',(1.0,0.0,0.0));
#3648=ORIENTED_EDGE('',*,*,#6570,.T.);
#3649=ORIENTED_EDGE('',*,*,#6582,.T.);
#3650=ORIENTED_EDGE('',*,*,#6583,.T.);
#3651=ORIENTED_EDGE('',*,*,#6584,.T.);
#3652=ORIENTED_EDGE('',*,*,#6585,.T.);
#3653=ORIENTED_EDGE('',*,*,#6142,.F.);
#3654=ORIENTED_EDGE('',*,*,#6586,.F.);
#3655=ORIENTED_EDGE('',*,*,#6587,.T.);
#3656=ORIENTED_EDGE('',*,*,#6578,.F.);
#3657=ORIENTED_EDGE('',*,*,#6575,.T.);
#3658=CARTESIAN_POINT('',(-3.75,-1.225,-0.56));
#3659=DIRECTION('',(0.0,0.0,-1.0));
#3660=DIRECTION('',(0.0,-1.0,0.0));
#3661=ORIENTED_EDGE('',*,*,#6579,.T.);
#3662=ORIENTED_EDGE('',*,*,#5990,.F.);
#3663=ORIENTED_EDGE('',*,*,#6588,.F.);
#3664=ORIENTED_EDGE('',*,*,#6589,.T.);
#3665=CARTESIAN_POINT('',(-2.773223304703,-0.8517766952966,-2.35));
#3666=DIRECTION('',(0.707106781186548,0.707106781186548,0.0));
#3667=DIRECTION('',(0.0,0.0,-1.0));
#3668=ORIENTED_EDGE('',*,*,#6538,.T.);
#3669=ORIENTED_EDGE('',*,*,#6577,.T.);
#3670=ORIENTED_EDGE('',*,*,#6587,.F.);
#3671=ORIENTED_EDGE('',*,*,#6590,.F.);
#3672=ORIENTED_EDGE('',*,*,#6591,.F.);
#3673=ORIENTED_EDGE('',*,*,#6592,.F.);
#3674=ORIENTED_EDGE('',*,*,#6593,.T.);
#3675=CARTESIAN_POINT('',(-2.773223304703,-0.8517766952966,-2.35));
#3676=DIRECTION('',(0.707106781186548,0.707106781186548,0.0));
#3677=DIRECTION('',(0.0,0.0,-1.0));
#3678=ORIENTED_EDGE('',*,*,#6580,.T.);
#3679=ORIENTED_EDGE('',*,*,#6589,.F.);
#3680=ORIENTED_EDGE('',*,*,#6594,.T.);
#3681=ORIENTED_EDGE('',*,*,#6154,.T.);
#3682=ORIENTED_EDGE('',*,*,#6595,.F.);
#3683=ORIENTED_EDGE('',*,*,#6596,.F.);
#3684=ORIENTED_EDGE('',*,*,#6597,.F.);
#3685=ORIENTED_EDGE('',*,*,#6598,.F.);
#3686=ORIENTED_EDGE('',*,*,#6574,.F.);
#3687=ORIENTED_EDGE('',*,*,#6599,.T.);
#3688=CARTESIAN_POINT('',(-2.4,-1.225,0.96));
#3689=DIRECTION('',(0.0,0.0,1.0));
#3690=DIRECTION('',(1.0,0.0,0.0));
#3691=ORIENTED_EDGE('',*,*,#6054,.F.);
#3692=ORIENTED_EDGE('',*,*,#6581,.F.);
#3693=ORIENTED_EDGE('',*,*,#6599,.F.);
#3694=ORIENTED_EDGE('',*,*,#6573,.F.);
#3695=ORIENTED_EDGE('',*,*,#6567,.F.);
#3696=ORIENTED_EDGE('',*,*,#6060,.T.);
#3697=CARTESIAN_POINT('',(-3.766262878957,-0.175,0.66));
#3698=DIRECTION('',(-1.0,0.0,0.0));
#3699=DIRECTION('',(0.0,1.0,0.0));
#3700=ORIENTED_EDGE('',*,*,#6600,.T.);
#3701=ORIENTED_EDGE('',*,*,#5984,.F.);
#3702=ORIENTED_EDGE('',*,*,#6572,.F.);
#3703=ORIENTED_EDGE('',*,*,#6598,.T.);
#3704=CARTESIAN_POINT('',(-3.588908729653,-0.4603553390593,-2.35));
#3705=DIRECTION('',(-0.707106781186548,-0.707106781186548,0.0));
#3706=DIRECTION('',(-0.707106781186548,0.707106781186548,0.0));
#3707=ORIENTED_EDGE('',*,*,#6601,.T.);
#3708=ORIENTED_EDGE('',*,*,#6602,.T.);
#3709=ORIENTED_EDGE('',*,*,#6603,.F.);
#3710=ORIENTED_EDGE('',*,*,#6604,.T.);
#3711=ORIENTED_EDGE('',*,*,#6582,.F.);
#3712=ORIENTED_EDGE('',*,*,#6569,.F.);
#3713=ORIENTED_EDGE('',*,*,#6540,.T.);
#3714=ORIENTED_EDGE('',*,*,#6605,.F.);
#3715=CARTESIAN_POINT('',(-3.588908729653,-0.4603553390593,-2.35));
#3716=DIRECTION('',(-0.707106781186548,-0.707106781186548,0.0));
#3717=DIRECTION('',(-0.707106781186548,0.707106781186548,0.0));
#3718=ORIENTED_EDGE('',*,*,#6606,.T.);
#3719=ORIENTED_EDGE('',*,*,#5985,.F.);
#3720=ORIENTED_EDGE('',*,*,#6600,.F.);
#3721=ORIENTED_EDGE('',*,*,#6597,.T.);
#3722=CARTESIAN_POINT('',(-2.596446609407,-0.675,-2.35));
#3723=DIRECTION('',(0.0,0.0,-1.0));
#3724=DIRECTION('',(1.0,0.0,0.0));
#3725=ORIENTED_EDGE('',*,*,#6607,.T.);
#3726=ORIENTED_EDGE('',*,*,#6583,.F.);
#3727=ORIENTED_EDGE('',*,*,#6604,.F.);
#3728=ORIENTED_EDGE('',*,*,#6608,.T.);
#3729=CARTESIAN_POINT('',(-2.596446609407,-0.675,-2.35));
#3730=DIRECTION('',(0.0,0.0,-1.0));
#3731=DIRECTION('',(1.0,0.0,0.0));
#3732=ORIENTED_EDGE('',*,*,#6609,.F.);
#3733=ORIENTED_EDGE('',*,*,#6610,.F.);
#3734=ORIENTED_EDGE('',*,*,#6611,.T.);
#3735=ORIENTED_EDGE('',*,*,#5986,.F.);
#3736=ORIENTED_EDGE('',*,*,#6606,.F.);
#3737=ORIENTED_EDGE('',*,*,#6596,.T.);
#3738=ORIENTED_EDGE('',*,*,#6612,.F.);
#3739=ORIENTED_EDGE('',*,*,#6613,.F.);
#3740=ORIENTED_EDGE('',*,*,#6614,.T.);
#3741=ORIENTED_EDGE('',*,*,#6615,.T.);
#3742=ORIENTED_EDGE('',*,*,#6616,.T.);
#3743=ORIENTED_EDGE('',*,*,#6617,.T.);
#3744=ORIENTED_EDGE('',*,*,#6618,.T.);
#3745=ORIENTED_EDGE('',*,*,#6619,.T.);
#3746=ORIENTED_EDGE('',*,*,#6620,.T.);
#3747=ORIENTED_EDGE('',*,*,#6621,.F.);
#3748=ORIENTED_EDGE('',*,*,#6622,.F.);
#3749=ORIENTED_EDGE('',*,*,#6584,.F.);
#3750=ORIENTED_EDGE('',*,*,#6607,.F.);
#3751=ORIENTED_EDGE('',*,*,#6623,.T.);
#3752=ORIENTED_EDGE('',*,*,#6624,.T.);
#3753=ORIENTED_EDGE('',*,*,#6625,.F.);
#3754=ORIENTED_EDGE('',*,*,#6626,.F.);
#3755=ORIENTED_EDGE('',*,*,#6627,.F.);
#3756=ORIENTED_EDGE('',*,*,#6628,.F.);
#3757=ORIENTED_EDGE('',*,*,#6629,.F.);
#3758=ORIENTED_EDGE('',*,*,#6630,.F.);
#3759=ORIENTED_EDGE('',*,*,#6631,.F.);
#3760=ORIENTED_EDGE('',*,*,#6632,.F.);
#3761=ORIENTED_EDGE('',*,*,#6633,.F.);
#3762=CARTESIAN_POINT('',(-2.596446609407,-1.225,-2.35));
#3763=DIRECTION('',(0.0,-1.0,0.0));
#3764=DIRECTION('',(0.0,0.0,-1.0));
#3765=ORIENTED_EDGE('',*,*,#6634,.F.);
#3766=ORIENTED_EDGE('',*,*,#6635,.F.);
#3767=ORIENTED_EDGE('',*,*,#6636,.F.);
#3768=ORIENTED_EDGE('',*,*,#6637,.F.);
#3769=ORIENTED_EDGE('',*,*,#6638,.F.);
#3770=ORIENTED_EDGE('',*,*,#6639,.F.);
#3771=ORIENTED_EDGE('',*,*,#6640,.F.);
#3772=ORIENTED_EDGE('',*,*,#6641,.F.);
#3773=ORIENTED_EDGE('',*,*,#6642,.T.);
#3774=ORIENTED_EDGE('',*,*,#6643,.T.);
#3775=ORIENTED_EDGE('',*,*,#6644,.T.);
#3776=ORIENTED_EDGE('',*,*,#6645,.F.);
#3777=ORIENTED_EDGE('',*,*,#6646,.F.);
#3778=ORIENTED_EDGE('',*,*,#6647,.T.);
#3779=ORIENTED_EDGE('',*,*,#6648,.T.);
#3780=ORIENTED_EDGE('',*,*,#6649,.T.);
#3781=ORIENTED_EDGE('',*,*,#6650,.T.);
#3782=ORIENTED_EDGE('',*,*,#6651,.T.);
#3783=ORIENTED_EDGE('',*,*,#6652,.T.);
#3784=ORIENTED_EDGE('',*,*,#6653,.T.);
#3785=ORIENTED_EDGE('',*,*,#6654,.F.);
#3786=ORIENTED_EDGE('',*,*,#6655,.F.);
#3787=ORIENTED_EDGE('',*,*,#6090,.F.);
#3788=ORIENTED_EDGE('',*,*,#6656,.T.);
#3789=ORIENTED_EDGE('',*,*,#6000,.F.);
#3790=ORIENTED_EDGE('',*,*,#6657,.T.);
#3791=ORIENTED_EDGE('',*,*,#6658,.T.);
#3792=ORIENTED_EDGE('',*,*,#6659,.F.);
#3793=ORIENTED_EDGE('',*,*,#6660,.F.);
#3794=ORIENTED_EDGE('',*,*,#6661,.F.);
#3795=CARTESIAN_POINT('',(-2.596446609407,-1.225,-2.35));
#3796=DIRECTION('',(0.0,-1.0,0.0));
#3797=DIRECTION('',(0.0,0.0,-1.0));
#3798=ORIENTED_EDGE('',*,*,#6662,.T.);
#3799=ORIENTED_EDGE('',*,*,#6663,.F.);
#3800=ORIENTED_EDGE('',*,*,#6664,.F.);
#3801=ORIENTED_EDGE('',*,*,#6633,.T.);
#3802=CARTESIAN_POINT('',(-0.35,-1.225,2.0));
#3803=DIRECTION('',(-1.0,0.0,0.0));
#3804=DIRECTION('',(0.0,0.0,1.0));
#3805=ORIENTED_EDGE('',*,*,#6665,.F.);
#3806=ORIENTED_EDGE('',*,*,#6666,.F.);
#3807=ORIENTED_EDGE('',*,*,#6667,.F.);
#3808=ORIENTED_EDGE('',*,*,#6659,.T.);
#3809=CARTESIAN_POINT('',(1.5,-1.225,2.0));
#3810=DIRECTION('',(0.0,0.0,1.0));
#3811=DIRECTION('',(1.0,0.0,0.0));
#3812=ORIENTED_EDGE('',*,*,#6664,.T.);
#3813=ORIENTED_EDGE('',*,*,#6668,.F.);
#3814=ORIENTED_EDGE('',*,*,#6669,.T.);
#3815=ORIENTED_EDGE('',*,*,#6609,.T.);
#3816=CARTESIAN_POINT('',(1.5,-1.225,2.0));
#3817=DIRECTION('',(0.0,0.0,1.0));
#3818=DIRECTION('',(1.0,0.0,0.0));
#3819=ORIENTED_EDGE('',*,*,#6667,.T.);
#3820=ORIENTED_EDGE('',*,*,#6670,.F.);
#3821=ORIENTED_EDGE('',*,*,#6671,.F.);
#3822=ORIENTED_EDGE('',*,*,#6660,.T.);
#3823=CARTESIAN_POINT('',(1.5,-1.225,1.55));
#3824=DIRECTION('',(1.0,0.0,0.0));
#3825=DIRECTION('',(0.0,1.0,0.0));
#3826=ORIENTED_EDGE('',*,*,#6672,.T.);
#3827=ORIENTED_EDGE('',*,*,#6673,.F.);
#3828=ORIENTED_EDGE('',*,*,#6662,.F.);
#3829=ORIENTED_EDGE('',*,*,#6632,.T.);
#3830=CARTESIAN_POINT('',(-0.35,-1.225,1.55));
#3831=DIRECTION('',(0.0,0.0,-1.0));
#3832=DIRECTION('',(0.0,-1.0,0.0));
#3833=ORIENTED_EDGE('',*,*,#6671,.T.);
#3834=ORIENTED_EDGE('',*,*,#6674,.F.);
#3835=ORIENTED_EDGE('',*,*,#6675,.F.);
#3836=ORIENTED_EDGE('',*,*,#6661,.T.);
#3837=CARTESIAN_POINT('',(-0.35,-1.225,1.55));
#3838=DIRECTION('',(0.0,0.0,-1.0));
#3839=DIRECTION('',(0.0,-1.0,0.0));
#3840=ORIENTED_EDGE('',*,*,#6676,.F.);
#3841=ORIENTED_EDGE('',*,*,#6677,.F.);
#3842=ORIENTED_EDGE('',*,*,#6678,.T.);
#3843=ORIENTED_EDGE('',*,*,#6679,.T.);
#3844=ORIENTED_EDGE('',*,*,#6680,.T.);
#3845=ORIENTED_EDGE('',*,*,#6681,.T.);
#3846=ORIENTED_EDGE('',*,*,#6682,.T.);
#3847=ORIENTED_EDGE('',*,*,#6683,.T.);
#3848=CARTESIAN_POINT('',(0.0,-1.125,0.0));
#3849=DIRECTION('',(0.0,-1.0,0.0));
#3850=DIRECTION('',(0.0,0.0,-1.0));
#3851=ORIENTED_EDGE('',*,*,#6684,.F.);
#3852=ORIENTED_EDGE('',*,*,#6674,.T.);
#3853=ORIENTED_EDGE('',*,*,#6670,.T.);
#3854=ORIENTED_EDGE('',*,*,#6666,.T.);
#3855=ORIENTED_EDGE('',*,*,#6685,.F.);
#3856=ORIENTED_EDGE('',*,*,#6686,.T.);
#3857=ORIENTED_EDGE('',*,*,#6687,.F.);
#3858=ORIENTED_EDGE('',*,*,#6688,.F.);
#3859=CARTESIAN_POINT('',(0.0,-1.125,0.0));
#3860=DIRECTION('',(0.0,-1.0,0.0));
#3861=DIRECTION('',(0.0,0.0,-1.0));
#3862=ORIENTED_EDGE('',*,*,#6668,.T.);
#3863=ORIENTED_EDGE('',*,*,#6663,.T.);
#3864=ORIENTED_EDGE('',*,*,#6673,.T.);
#3865=ORIENTED_EDGE('',*,*,#6689,.F.);
#3866=ORIENTED_EDGE('',*,*,#6690,.T.);
#3867=ORIENTED_EDGE('',*,*,#6691,.F.);
#3868=ORIENTED_EDGE('',*,*,#6692,.F.);
#3869=ORIENTED_EDGE('',*,*,#6693,.T.);
#3870=CARTESIAN_POINT('',(0.0,-1.125,0.0));
#3871=DIRECTION('',(0.0,-1.0,0.0));
#3872=DIRECTION('',(0.0,0.0,-1.0));
#3873=ORIENTED_EDGE('',*,*,#6694,.T.);
#3874=ORIENTED_EDGE('',*,*,#6695,.T.);
#3875=ORIENTED_EDGE('',*,*,#6696,.T.);
#3876=ORIENTED_EDGE('',*,*,#6697,.F.);
#3877=ORIENTED_EDGE('',*,*,#6698,.F.);
#3878=ORIENTED_EDGE('',*,*,#6699,.F.);
#3879=ORIENTED_EDGE('',*,*,#6700,.T.);
#3880=ORIENTED_EDGE('',*,*,#6701,.F.);
#3881=CARTESIAN_POINT('',(0.0,-1.125,0.0));
#3882=DIRECTION('',(0.0,-1.0,0.0));
#3883=DIRECTION('',(0.0,0.0,-1.0));
#3884=ORIENTED_EDGE('',*,*,#6702,.F.);
#3885=ORIENTED_EDGE('',*,*,#6634,.T.);
#3886=ORIENTED_EDGE('',*,*,#6675,.T.);
#3887=ORIENTED_EDGE('',*,*,#6684,.T.);
#3888=ORIENTED_EDGE('',*,*,#6703,.T.);
#3889=ORIENTED_EDGE('',*,*,#6119,.F.);
#3890=ORIENTED_EDGE('',*,*,#6704,.F.);
#3891=ORIENTED_EDGE('',*,*,#6683,.F.);
#3892=CARTESIAN_POINT('',(0.81,-1.525,-0.4048454265099));
#3893=DIRECTION('',(1.0,0.0,0.0));
#3894=DIRECTION('',(0.0,1.0,0.0));
#3895=ORIENTED_EDGE('',*,*,#6704,.T.);
#3896=ORIENTED_EDGE('',*,*,#6118,.F.);
#3897=ORIENTED_EDGE('',*,*,#6705,.F.);
#3898=ORIENTED_EDGE('',*,*,#6676,.T.);
#3899=CARTESIAN_POINT('',(0.65,-1.525,-0.4048454265099));
#3900=DIRECTION('',(0.0,1.0,-0.0));
#3901=DIRECTION('',(1.0,0.0,0.0));
#3902=ORIENTED_EDGE('',*,*,#6705,.T.);
#3903=ORIENTED_EDGE('',*,*,#6117,.F.);
#3904=ORIENTED_EDGE('',*,*,#6706,.F.);
#3905=ORIENTED_EDGE('',*,*,#6677,.T.);
#3906=CARTESIAN_POINT('',(0.2293140352042,-1.525,-0.3097887041022));
#3907=DIRECTION('',(-0.566528822887074,0.0,-0.824041924199362));
#3908=DIRECTION('',(-0.824041924199362,0.0,0.566528822887074));
#3909=ORIENTED_EDGE('',*,*,#6706,.T.);
#3910=ORIENTED_EDGE('',*,*,#6116,.T.);
#3911=ORIENTED_EDGE('',*,*,#6707,.F.);
#3912=ORIENTED_EDGE('',*,*,#6678,.F.);
#3913=CARTESIAN_POINT('',(0.15,-1.525,-0.4251545734901));
#3914=DIRECTION('',(0.0,1.0,-0.0));
#3915=DIRECTION('',(1.0,0.0,0.0));
#3916=ORIENTED_EDGE('',*,*,#6707,.T.);
#3917=ORIENTED_EDGE('',*,*,#6115,.F.);
#3918=ORIENTED_EDGE('',*,*,#6708,.T.);
#3919=ORIENTED_EDGE('',*,*,#6638,.T.);
#3920=ORIENTED_EDGE('',*,*,#6709,.T.);
#3921=ORIENTED_EDGE('',*,*,#6679,.F.);
#3922=CARTESIAN_POINT('',(0.01,-1.525,-1.13));
#3923=DIRECTION('',(1.0,0.0,0.0));
#3924=DIRECTION('',(0.0,1.0,0.0));
#3925=ORIENTED_EDGE('',*,*,#6710,.T.);
#3926=ORIENTED_EDGE('',*,*,#6696,.F.);
#3927=ORIENTED_EDGE('',*,*,#6711,.F.);
#3928=ORIENTED_EDGE('',*,*,#6628,.T.);
#3929=CARTESIAN_POINT('',(-0.35,-1.225,-0.65));
#3930=DIRECTION('',(0.0,0.0,-1.0));
#3931=DIRECTION('',(0.0,-1.0,0.0));
#3932=ORIENTED_EDGE('',*,*,#6712,.T.);
#3933=ORIENTED_EDGE('',*,*,#6680,.F.);
#3934=ORIENTED_EDGE('',*,*,#6709,.F.);
#3935=ORIENTED_EDGE('',*,*,#6637,.T.);
#3936=CARTESIAN_POINT('',(-0.35,-1.225,-0.65));
#3937=DIRECTION('',(0.0,0.0,-1.0));
#3938=DIRECTION('',(0.0,-1.0,0.0));
#3939=ORIENTED_EDGE('',*,*,#6711,.T.);
#3940=ORIENTED_EDGE('',*,*,#6695,.F.);
#3941=ORIENTED_EDGE('',*,*,#6713,.F.);
#3942=ORIENTED_EDGE('',*,*,#6629,.T.);
#3943=CARTESIAN_POINT('',(-0.35,-1.225,-0.2));
#3944=DIRECTION('',(-1.0,0.0,0.0));
#3945=DIRECTION('',(0.0,0.0,1.0));
#3946=ORIENTED_EDGE('',*,*,#6702,.T.);
#3947=ORIENTED_EDGE('',*,*,#6682,.F.);
#3948=ORIENTED_EDGE('',*,*,#6714,.F.);
#3949=ORIENTED_EDGE('',*,*,#6635,.T.);
#3950=CARTESIAN_POINT('',(1.5,-1.225,-0.2));
#3951=DIRECTION('',(0.0,0.0,1.0));
#3952=DIRECTION('',(1.0,0.0,0.0));
#3953=ORIENTED_EDGE('',*,*,#6713,.T.);
#3954=ORIENTED_EDGE('',*,*,#6694,.F.);
#3955=ORIENTED_EDGE('',*,*,#6715,.F.);
#3956=ORIENTED_EDGE('',*,*,#6630,.T.);
#3957=CARTESIAN_POINT('',(1.5,-1.225,-0.2));
#3958=DIRECTION('',(0.0,0.0,1.0));
#3959=DIRECTION('',(1.0,0.0,0.0));
#3960=ORIENTED_EDGE('',*,*,#6714,.T.);
#3961=ORIENTED_EDGE('',*,*,#6681,.F.);
#3962=ORIENTED_EDGE('',*,*,#6712,.F.);
#3963=ORIENTED_EDGE('',*,*,#6636,.T.);
#3964=CARTESIAN_POINT('',(1.5,-1.225,-0.65));
#3965=DIRECTION('',(1.0,0.0,0.0));
#3966=DIRECTION('',(0.0,1.0,0.0));
#3967=ORIENTED_EDGE('',*,*,#6672,.F.);
#3968=ORIENTED_EDGE('',*,*,#6631,.T.);
#3969=ORIENTED_EDGE('',*,*,#6715,.T.);
#3970=ORIENTED_EDGE('',*,*,#6701,.T.);
#3971=ORIENTED_EDGE('',*,*,#6716,.T.);
#3972=ORIENTED_EDGE('',*,*,#6162,.F.);
#3973=ORIENTED_EDGE('',*,*,#6717,.F.);
#3974=ORIENTED_EDGE('',*,*,#6689,.T.);
#3975=CARTESIAN_POINT('',(0.79,-1.525,1.72484542651));
#3976=DIRECTION('',(-1.0,0.0,0.0));
#3977=DIRECTION('',(0.0,0.0,1.0));
#3978=ORIENTED_EDGE('',*,*,#6717,.T.);
#3979=ORIENTED_EDGE('',*,*,#6161,.T.);
#3980=ORIENTED_EDGE('',*,*,#6718,.F.);
#3981=ORIENTED_EDGE('',*,*,#6690,.F.);
#3982=CARTESIAN_POINT('',(0.65,-1.525,1.72484542651));
#3983=DIRECTION('',(0.0,1.0,-0.0));
#3984=DIRECTION('',(1.0,0.0,0.0));
#3985=ORIENTED_EDGE('',*,*,#6718,.T.);
#3986=ORIENTED_EDGE('',*,*,#6160,.F.);
#3987=ORIENTED_EDGE('',*,*,#6719,.F.);
#3988=ORIENTED_EDGE('',*,*,#6691,.T.);
#3989=CARTESIAN_POINT('',(0.2406446116619,-1.525,1.613307865618));
#3990=DIRECTION('',(0.566528822887074,0.0,-0.824041924199362));
#3991=DIRECTION('',(0.0,-1.0,0.0));
#3992=ORIENTED_EDGE('',*,*,#6719,.T.);
#3993=ORIENTED_EDGE('',*,*,#6159,.F.);
#3994=ORIENTED_EDGE('',*,*,#6720,.F.);
#3995=ORIENTED_EDGE('',*,*,#6692,.T.);
#3996=CARTESIAN_POINT('',(0.15,-1.525,1.74515457349));
#3997=DIRECTION('',(0.0,1.0,-0.0));
#3998=DIRECTION('',(1.0,0.0,0.0));
#3999=ORIENTED_EDGE('',*,*,#6720,.T.);
#4000=ORIENTED_EDGE('',*,*,#6158,.F.);
#4001=ORIENTED_EDGE('',*,*,#6721,.F.);
#4002=ORIENTED_EDGE('',*,*,#6722,.T.);
#4003=ORIENTED_EDGE('',*,*,#6723,.F.);
#4004=ORIENTED_EDGE('',*,*,#6724,.F.);
#4005=ORIENTED_EDGE('',*,*,#6610,.T.);
#4006=ORIENTED_EDGE('',*,*,#6669,.F.);
#4007=ORIENTED_EDGE('',*,*,#6693,.F.);
#4008=CARTESIAN_POINT('',(-0.01,-1.525,2.81));
#4009=DIRECTION('',(-1.0,0.0,0.0));
#4010=DIRECTION('',(0.0,0.0,1.0));
#4011=ORIENTED_EDGE('',*,*,#6725,.T.);
#4012=ORIENTED_EDGE('',*,*,#6726,.T.);
#4013=ORIENTED_EDGE('',*,*,#6727,.T.);
#4014=ORIENTED_EDGE('',*,*,#6728,.F.);
#4015=ORIENTED_EDGE('',*,*,#6657,.F.);
#4016=CARTESIAN_POINT('',(2.5,-1.225,2.35));
#4017=DIRECTION('',(0.0,-0.623744157346272,-0.781628573029665));
#4018=DIRECTION('',(0.0,-0.781628573029665,0.623744157346272));
#4019=ORIENTED_EDGE('',*,*,#6724,.T.);
#4020=ORIENTED_EDGE('',*,*,#6729,.T.);
#4021=ORIENTED_EDGE('',*,*,#6730,.T.);
#4022=ORIENTED_EDGE('',*,*,#6731,.F.);
#4023=ORIENTED_EDGE('',*,*,#6611,.F.);
#4024=CARTESIAN_POINT('',(2.5,-1.225,2.35));
#4025=DIRECTION('',(0.0,-0.623744157346272,-0.781628573029665));
#4026=DIRECTION('',(0.0,-0.781628573029665,0.623744157346272));
#4027=ORIENTED_EDGE('',*,*,#6665,.T.);
#4028=ORIENTED_EDGE('',*,*,#6658,.F.);
#4029=ORIENTED_EDGE('',*,*,#6728,.T.);
#4030=ORIENTED_EDGE('',*,*,#6732,.T.);
#4031=ORIENTED_EDGE('',*,*,#6733,.F.);
#4032=ORIENTED_EDGE('',*,*,#6734,.T.);
#4033=ORIENTED_EDGE('',*,*,#6123,.T.);
#4034=ORIENTED_EDGE('',*,*,#6735,.F.);
#4035=ORIENTED_EDGE('',*,*,#6685,.T.);
#4036=CARTESIAN_POINT('',(0.01,-1.525,1.74515457349));
#4037=DIRECTION('',(1.0,0.0,0.0));
#4038=DIRECTION('',(0.0,1.0,0.0));
#4039=ORIENTED_EDGE('',*,*,#6735,.T.);
#4040=ORIENTED_EDGE('',*,*,#6122,.T.);
#4041=ORIENTED_EDGE('',*,*,#6736,.F.);
#4042=ORIENTED_EDGE('',*,*,#6686,.F.);
#4043=CARTESIAN_POINT('',(0.15,-1.525,1.74515457349));
#4044=DIRECTION('',(0.0,1.0,-0.0));
#4045=DIRECTION('',(1.0,0.0,0.0));
#4046=ORIENTED_EDGE('',*,*,#6736,.T.);
#4047=ORIENTED_EDGE('',*,*,#6121,.F.);
#4048=ORIENTED_EDGE('',*,*,#6737,.F.);
#4049=ORIENTED_EDGE('',*,*,#6687,.T.);
#4050=CARTESIAN_POINT('',(0.5593553883381,-1.525,1.856692134382));
#4051=DIRECTION('',(-0.566528822887074,0.0,0.824041924199362));
#4052=DIRECTION('',(0.0,1.0,0.0));
#4053=ORIENTED_EDGE('',*,*,#6737,.T.);
#4054=ORIENTED_EDGE('',*,*,#6120,.F.);
#4055=ORIENTED_EDGE('',*,*,#6703,.F.);
#4056=ORIENTED_EDGE('',*,*,#6688,.T.);
#4057=CARTESIAN_POINT('',(0.65,-1.525,1.72484542651));
#4058=DIRECTION('',(0.0,1.0,-0.0));
#4059=DIRECTION('',(1.0,0.0,0.0));
#4060=ORIENTED_EDGE('',*,*,#6738,.F.);
#4061=ORIENTED_EDGE('',*,*,#6739,.T.);
#4062=ORIENTED_EDGE('',*,*,#6124,.T.);
#4063=ORIENTED_EDGE('',*,*,#6734,.F.);
#4064=CARTESIAN_POINT('',(2.5,-1.215,2.354813742174));
#4065=DIRECTION('',(1.0,-0.0,0.0));
#4066=DIRECTION('',(0.0,0.0,1.0));
#4067=ORIENTED_EDGE('',*,*,#6157,.T.);
#4068=ORIENTED_EDGE('',*,*,#6740,.F.);
#4069=ORIENTED_EDGE('',*,*,#6741,.F.);
#4070=ORIENTED_EDGE('',*,*,#6721,.T.);
#4071=CARTESIAN_POINT('',(2.5,-1.215,2.354813742174));
#4072=DIRECTION('',(1.0,-0.0,0.0));
#4073=DIRECTION('',(0.0,0.0,1.0));
#4074=ORIENTED_EDGE('',*,*,#6725,.F.);
#4075=ORIENTED_EDGE('',*,*,#5999,.T.);
#4076=ORIENTED_EDGE('',*,*,#6125,.F.);
#4077=ORIENTED_EDGE('',*,*,#6739,.F.);
#4078=ORIENTED_EDGE('',*,*,#6742,.F.);
#4079=ORIENTED_EDGE('',*,*,#6743,.T.);
#4080=CARTESIAN_POINT('',(2.5,0.0,0.0));
#4081=DIRECTION('',(-1.0,0.0,0.0));
#4082=DIRECTION('',(0.0,0.0,1.0));
#4083=ORIENTED_EDGE('',*,*,#6743,.F.);
#4084=ORIENTED_EDGE('',*,*,#6744,.F.);
#4085=ORIENTED_EDGE('',*,*,#6745,.T.);
#4086=ORIENTED_EDGE('',*,*,#6726,.F.);
#4087=CARTESIAN_POINT('',(2.3,4.309637701348,9.467468));
#4088=DIRECTION('',(-0.0,0.623744157346272,0.781628573029665));
#4089=DIRECTION('',(1.0,0.0,0.0));
#4090=ORIENTED_EDGE('',*,*,#6727,.F.);
#4091=ORIENTED_EDGE('',*,*,#6745,.F.);
#4092=ORIENTED_EDGE('',*,*,#6746,.T.);
#4093=ORIENTED_EDGE('',*,*,#6732,.F.);
#4094=CARTESIAN_POINT('',(2.5,-1.47,2.545511428091));
#4095=DIRECTION('',(0.0,-0.781628573029665,0.623744157346272));
#4096=DIRECTION('',(-1.0,0.0,0.0));
#4097=ORIENTED_EDGE('',*,*,#6747,.T.);
#4098=ORIENTED_EDGE('',*,*,#6748,.F.);
#4099=ORIENTED_EDGE('',*,*,#6729,.F.);
#4100=ORIENTED_EDGE('',*,*,#6723,.T.);
#4101=CARTESIAN_POINT('',(2.5,-1.47,2.545511428091));
#4102=DIRECTION('',(0.0,-0.781628573029665,0.623744157346272));
#4103=DIRECTION('',(-1.0,0.0,0.0));
#4104=ORIENTED_EDGE('',*,*,#6746,.F.);
#4105=ORIENTED_EDGE('',*,*,#6744,.T.);
#4106=ORIENTED_EDGE('',*,*,#6742,.T.);
#4107=ORIENTED_EDGE('',*,*,#6738,.T.);
#4108=ORIENTED_EDGE('',*,*,#6733,.T.);
#4109=CARTESIAN_POINT('',(2.5,-1.282876752796,2.78));
#4110=DIRECTION('',(0.0,0.623744157346272,0.781628573029665));
#4111=DIRECTION('',(1.0,-0.0,0.0));
#4112=ORIENTED_EDGE('',*,*,#6741,.T.);
#4113=ORIENTED_EDGE('',*,*,#6749,.F.);
#4114=ORIENTED_EDGE('',*,*,#6750,.T.);
#4115=ORIENTED_EDGE('',*,*,#6747,.F.);
#4116=ORIENTED_EDGE('',*,*,#6722,.F.);
#4117=CARTESIAN_POINT('',(2.5,-1.282876752796,2.78));
#4118=DIRECTION('',(0.0,0.623744157346272,0.781628573029665));
#4119=DIRECTION('',(1.0,-0.0,0.0));
#4120=ORIENTED_EDGE('',*,*,#6751,.F.);
#4121=ORIENTED_EDGE('',*,*,#6730,.F.);
#4122=ORIENTED_EDGE('',*,*,#6748,.T.);
#4123=ORIENTED_EDGE('',*,*,#6750,.F.);
#4124=CARTESIAN_POINT('',(-2.3,-5.302584,-2.577834619));
#4125=DIRECTION('',(-0.0,-0.623744157346272,-0.781628573029665));
#4126=DIRECTION('',(-1.0,0.0,0.0));
#4127=ORIENTED_EDGE('',*,*,#6749,.T.);
#4128=ORIENTED_EDGE('',*,*,#6740,.T.);
#4129=ORIENTED_EDGE('',*,*,#6156,.T.);
#4130=ORIENTED_EDGE('',*,*,#5987,.F.);
#4131=ORIENTED_EDGE('',*,*,#6731,.T.);
#4132=ORIENTED_EDGE('',*,*,#6751,.T.);
#4133=CARTESIAN_POINT('',(-2.5,0.0,0.0));
#4134=DIRECTION('',(-1.0,0.0,0.0));
#4135=DIRECTION('',(0.0,0.0,1.0));
#4136=ORIENTED_EDGE('',*,*,#6752,.T.);
#4137=ORIENTED_EDGE('',*,*,#6163,.T.);
#4138=ORIENTED_EDGE('',*,*,#6716,.F.);
#4139=ORIENTED_EDGE('',*,*,#6700,.F.);
#4140=CARTESIAN_POINT('',(0.65,-1.525,-0.4048454265099));
#4141=DIRECTION('',(0.0,1.0,-0.0));
#4142=DIRECTION('',(1.0,0.0,0.0));
#4143=ORIENTED_EDGE('',*,*,#6753,.T.);
#4144=ORIENTED_EDGE('',*,*,#6164,.F.);
#4145=ORIENTED_EDGE('',*,*,#6752,.F.);
#4146=ORIENTED_EDGE('',*,*,#6699,.T.);
#4147=CARTESIAN_POINT('',(0.5706859647958,-1.525,-0.5202112958978));
#4148=DIRECTION('',(0.566528822887074,0.0,0.824041924199362));
#4149=DIRECTION('',(0.0,-1.0,0.0));
#4150=ORIENTED_EDGE('',*,*,#6754,.T.);
#4151=ORIENTED_EDGE('',*,*,#6165,.F.);
#4152=ORIENTED_EDGE('',*,*,#6753,.F.);
#4153=ORIENTED_EDGE('',*,*,#6698,.T.);
#4154=CARTESIAN_POINT('',(0.15,-1.525,-0.4251545734901));
#4155=DIRECTION('',(0.0,1.0,-0.0));
#4156=DIRECTION('',(1.0,0.0,0.0));
#4157=ORIENTED_EDGE('',*,*,#6710,.F.);
#4158=ORIENTED_EDGE('',*,*,#6627,.T.);
#4159=ORIENTED_EDGE('',*,*,#6755,.F.);
#4160=ORIENTED_EDGE('',*,*,#6166,.F.);
#4161=ORIENTED_EDGE('',*,*,#6754,.F.);
#4162=ORIENTED_EDGE('',*,*,#6697,.T.);
#4163=CARTESIAN_POINT('',(-0.01,-1.525,-0.4251545734901));
#4164=DIRECTION('',(-1.0,0.0,0.0));
#4165=DIRECTION('',(0.0,0.0,1.0));
#4166=ORIENTED_EDGE('',*,*,#6114,.F.);
#4167=ORIENTED_EDGE('',*,*,#6756,.F.);
#4168=ORIENTED_EDGE('',*,*,#6639,.T.);
#4169=ORIENTED_EDGE('',*,*,#6708,.F.);
#4170=CARTESIAN_POINT('',(1.71,-1.225,-1.13));
#4171=DIRECTION('',(0.0,0.0,1.0));
#4172=DIRECTION('',(1.0,0.0,0.0));
#4173=ORIENTED_EDGE('',*,*,#6626,.T.);
#4174=ORIENTED_EDGE('',*,*,#6757,.T.);
#4175=ORIENTED_EDGE('',*,*,#6167,.F.);
#4176=ORIENTED_EDGE('',*,*,#6755,.T.);
#4177=CARTESIAN_POINT('',(1.71,-1.225,-1.13));
#4178=DIRECTION('',(0.0,0.0,1.0));
#4179=DIRECTION('',(1.0,0.0,0.0));
#4180=ORIENTED_EDGE('',*,*,#6758,.F.);
#4181=ORIENTED_EDGE('',*,*,#6759,.F.);
#4182=ORIENTED_EDGE('',*,*,#6640,.T.);
#4183=ORIENTED_EDGE('',*,*,#6756,.T.);
#4184=ORIENTED_EDGE('',*,*,#6113,.F.);
#4185=ORIENTED_EDGE('',*,*,#6219,.T.);
#4186=CARTESIAN_POINT('',(1.71,-1.225,-1.21));
#4187=DIRECTION('',(0.0,1.0,-0.0));
#4188=DIRECTION('',(1.0,0.0,0.0));
#4189=ORIENTED_EDGE('',*,*,#6760,.F.);
#4190=ORIENTED_EDGE('',*,*,#6641,.T.);
#4191=ORIENTED_EDGE('',*,*,#6759,.T.);
#4192=ORIENTED_EDGE('',*,*,#6761,.F.);
#4193=CARTESIAN_POINT('',(1.79,-1.225,-1.53));
#4194=DIRECTION('',(1.0,0.0,0.0));
#4195=DIRECTION('',(0.0,1.0,0.0));
#4196=ORIENTED_EDGE('',*,*,#6758,.T.);
#4197=ORIENTED_EDGE('',*,*,#6218,.T.);
#4198=ORIENTED_EDGE('',*,*,#6762,.T.);
#4199=ORIENTED_EDGE('',*,*,#6763,.T.);
#4200=ORIENTED_EDGE('',*,*,#6764,.F.);
#4201=ORIENTED_EDGE('',*,*,#6761,.T.);
#4202=CARTESIAN_POINT('',(1.79,-1.2,-1.15));
#4203=DIRECTION('',(0.0,-1.0,0.0));
#4204=DIRECTION('',(0.0,0.0,-1.0));
#4205=ORIENTED_EDGE('',*,*,#6138,.T.);
#4206=ORIENTED_EDGE('',*,*,#6111,.T.);
#4207=ORIENTED_EDGE('',*,*,#6765,.T.);
#4208=ORIENTED_EDGE('',*,*,#6766,.F.);
#4209=ORIENTED_EDGE('',*,*,#6767,.F.);
#4210=ORIENTED_EDGE('',*,*,#6642,.F.);
#4211=ORIENTED_EDGE('',*,*,#6760,.T.);
#4212=ORIENTED_EDGE('',*,*,#6764,.T.);
#4213=ORIENTED_EDGE('',*,*,#6768,.F.);
#4214=ORIENTED_EDGE('',*,*,#6623,.F.);
#4215=ORIENTED_EDGE('',*,*,#6608,.F.);
#4216=ORIENTED_EDGE('',*,*,#6603,.T.);
#4217=ORIENTED_EDGE('',*,*,#6769,.T.);
#4218=ORIENTED_EDGE('',*,*,#6770,.T.);
#4219=ORIENTED_EDGE('',*,*,#6140,.T.);
#4220=ORIENTED_EDGE('',*,*,#6771,.T.);
#4221=ORIENTED_EDGE('',*,*,#6772,.F.);
#4222=ORIENTED_EDGE('',*,*,#6172,.F.);
#4223=CARTESIAN_POINT('',(-3.75,-0.875,-1.53));
#4224=DIRECTION('',(0.0,0.0,1.0));
#4225=DIRECTION('',(1.0,0.0,0.0));
#4226=ORIENTED_EDGE('',*,*,#6773,.T.);
#4227=ORIENTED_EDGE('',*,*,#6774,.T.);
#4228=ORIENTED_EDGE('',*,*,#6775,.F.);
#4229=ORIENTED_EDGE('',*,*,#6173,.F.);
#4230=ORIENTED_EDGE('',*,*,#6772,.T.);
#4231=ORIENTED_EDGE('',*,*,#6776,.T.);
#4232=ORIENTED_EDGE('',*,*,#6777,.F.);
#4233=ORIENTED_EDGE('',*,*,#6778,.F.);
#4234=ORIENTED_EDGE('',*,*,#6779,.T.);
#4235=ORIENTED_EDGE('',*,*,#6780,.T.);
#4236=ORIENTED_EDGE('',*,*,#6781,.F.);
#4237=ORIENTED_EDGE('',*,*,#6782,.F.);
#4238=ORIENTED_EDGE('',*,*,#6783,.T.);
#4239=ORIENTED_EDGE('',*,*,#6784,.T.);
#4240=ORIENTED_EDGE('',*,*,#6785,.F.);
#4241=ORIENTED_EDGE('',*,*,#6786,.F.);
#4242=ORIENTED_EDGE('',*,*,#6787,.T.);
#4243=ORIENTED_EDGE('',*,*,#6788,.T.);
#4244=ORIENTED_EDGE('',*,*,#6789,.F.);
#4245=ORIENTED_EDGE('',*,*,#6790,.F.);
#4246=ORIENTED_EDGE('',*,*,#6791,.T.);
#4247=ORIENTED_EDGE('',*,*,#6792,.T.);
#4248=ORIENTED_EDGE('',*,*,#6793,.F.);
#4249=ORIENTED_EDGE('',*,*,#6794,.F.);
#4250=CARTESIAN_POINT('',(1.79,-0.985,-1.53));
#4251=DIRECTION('',(0.0,-1.0,0.0));
#4252=DIRECTION('',(0.0,0.0,-1.0));
#4253=ORIENTED_EDGE('',*,*,#6795,.T.);
#4254=ORIENTED_EDGE('',*,*,#6794,.T.);
#4255=ORIENTED_EDGE('',*,*,#6796,.T.);
#4256=ORIENTED_EDGE('',*,*,#6797,.T.);
#4257=CARTESIAN_POINT('',(1.175,0.0,0.0));
#4258=DIRECTION('',(1.0,0.0,0.0));
#4259=DIRECTION('',(0.0,1.0,0.0));
#4260=ORIENTED_EDGE('',*,*,#6798,.T.);
#4261=ORIENTED_EDGE('',*,*,#6799,.T.);
#4262=ORIENTED_EDGE('',*,*,#6800,.F.);
#4263=ORIENTED_EDGE('',*,*,#6801,.F.);
#4264=ORIENTED_EDGE('',*,*,#6802,.F.);
#4265=CARTESIAN_POINT('',(1.79,-1.105,-1.71));
#4266=DIRECTION('',(0.0,-1.0,0.0));
#4267=DIRECTION('',(0.0,0.0,-1.0));
#4268=ORIENTED_EDGE('',*,*,#6803,.T.);
#4269=ORIENTED_EDGE('',*,*,#6804,.T.);
#4270=ORIENTED_EDGE('',*,*,#6805,.F.);
#4271=ORIENTED_EDGE('',*,*,#6806,.F.);
#4272=ORIENTED_EDGE('',*,*,#6807,.F.);
#4273=ORIENTED_EDGE('',*,*,#6808,.F.);
#4274=CARTESIAN_POINT('',(1.79,-1.105,-1.71));
#4275=DIRECTION('',(0.0,-1.0,0.0));
#4276=DIRECTION('',(0.0,0.0,-1.0));
#4277=ORIENTED_EDGE('',*,*,#6809,.T.);
#4278=ORIENTED_EDGE('',*,*,#6810,.T.);
#4279=ORIENTED_EDGE('',*,*,#6811,.F.);
#4280=ORIENTED_EDGE('',*,*,#6812,.F.);
#4281=ORIENTED_EDGE('',*,*,#6813,.F.);
#4282=ORIENTED_EDGE('',*,*,#6814,.F.);
#4283=CARTESIAN_POINT('',(1.79,-1.105,-1.71));
#4284=DIRECTION('',(0.0,-1.0,0.0));
#4285=DIRECTION('',(0.0,0.0,-1.0));
#4286=ORIENTED_EDGE('',*,*,#6815,.T.);
#4287=ORIENTED_EDGE('',*,*,#6816,.T.);
#4288=ORIENTED_EDGE('',*,*,#6817,.F.);
#4289=ORIENTED_EDGE('',*,*,#6818,.F.);
#4290=ORIENTED_EDGE('',*,*,#6819,.F.);
#4291=ORIENTED_EDGE('',*,*,#6820,.F.);
#4292=CARTESIAN_POINT('',(1.79,-1.105,-1.71));
#4293=DIRECTION('',(0.0,-1.0,0.0));
#4294=DIRECTION('',(0.0,0.0,-1.0));
#4295=ORIENTED_EDGE('',*,*,#6821,.T.);
#4296=ORIENTED_EDGE('',*,*,#6822,.T.);
#4297=ORIENTED_EDGE('',*,*,#6823,.F.);
#4298=ORIENTED_EDGE('',*,*,#6824,.F.);
#4299=ORIENTED_EDGE('',*,*,#6825,.F.);
#4300=ORIENTED_EDGE('',*,*,#6797,.F.);
#4301=CARTESIAN_POINT('',(1.79,-1.105,-1.71));
#4302=DIRECTION('',(0.0,-1.0,0.0));
#4303=DIRECTION('',(0.0,0.0,-1.0));
#4304=ORIENTED_EDGE('',*,*,#6826,.F.);
#4305=ORIENTED_EDGE('',*,*,#6827,.F.);
#4306=ORIENTED_EDGE('',*,*,#6175,.F.);
#4307=ORIENTED_EDGE('',*,*,#6828,.T.);
#4308=ORIENTED_EDGE('',*,*,#6829,.T.);
#4309=CARTESIAN_POINT('',(1.79,-1.105,-1.71));
#4310=DIRECTION('',(0.0,-1.0,0.0));
#4311=DIRECTION('',(0.0,0.0,-1.0));
#4312=ORIENTED_EDGE('',*,*,#6830,.T.);
#4313=ORIENTED_EDGE('',*,*,#6778,.T.);
#4314=ORIENTED_EDGE('',*,*,#6831,.T.);
#4315=ORIENTED_EDGE('',*,*,#6802,.T.);
#4316=CARTESIAN_POINT('',(-1.425,0.0,0.0));
#4317=DIRECTION('',(1.0,0.0,0.0));
#4318=DIRECTION('',(0.0,1.0,0.0));
#4319=ORIENTED_EDGE('',*,*,#6777,.T.);
#4320=ORIENTED_EDGE('',*,*,#6832,.T.);
#4321=ORIENTED_EDGE('',*,*,#6798,.F.);
#4322=ORIENTED_EDGE('',*,*,#6831,.F.);
#4323=CARTESIAN_POINT('',(1.79,-0.985,-1.71));
#4324=DIRECTION('',(0.0,0.0,1.0));
#4325=DIRECTION('',(1.0,0.0,0.0));
#4326=ORIENTED_EDGE('',*,*,#6781,.T.);
#4327=ORIENTED_EDGE('',*,*,#6833,.T.);
#4328=ORIENTED_EDGE('',*,*,#6803,.F.);
#4329=ORIENTED_EDGE('',*,*,#6834,.F.);
#4330=CARTESIAN_POINT('',(1.79,-0.985,-1.71));
#4331=DIRECTION('',(0.0,0.0,1.0));
#4332=DIRECTION('',(1.0,0.0,0.0));
#4333=ORIENTED_EDGE('',*,*,#6785,.T.);
#4334=ORIENTED_EDGE('',*,*,#6835,.T.);
#4335=ORIENTED_EDGE('',*,*,#6809,.F.);
#4336=ORIENTED_EDGE('',*,*,#6836,.F.);
#4337=CARTESIAN_POINT('',(1.79,-0.985,-1.71));
#4338=DIRECTION('',(0.0,0.0,1.0));
#4339=DIRECTION('',(1.0,0.0,0.0));
#4340=ORIENTED_EDGE('',*,*,#6789,.T.);
#4341=ORIENTED_EDGE('',*,*,#6837,.T.);
#4342=ORIENTED_EDGE('',*,*,#6815,.F.);
#4343=ORIENTED_EDGE('',*,*,#6838,.F.);
#4344=CARTESIAN_POINT('',(1.79,-0.985,-1.71));
#4345=DIRECTION('',(0.0,0.0,1.0));
#4346=DIRECTION('',(1.0,0.0,0.0));
#4347=ORIENTED_EDGE('',*,*,#6793,.T.);
#4348=ORIENTED_EDGE('',*,*,#6839,.T.);
#4349=ORIENTED_EDGE('',*,*,#6821,.F.);
#4350=ORIENTED_EDGE('',*,*,#6796,.F.);
#4351=CARTESIAN_POINT('',(1.79,-0.985,-1.71));
#4352=DIRECTION('',(0.0,0.0,1.0));
#4353=DIRECTION('',(1.0,0.0,0.0));
#4354=ORIENTED_EDGE('',*,*,#6828,.F.);
#4355=ORIENTED_EDGE('',*,*,#6174,.F.);
#4356=ORIENTED_EDGE('',*,*,#6775,.T.);
#4357=ORIENTED_EDGE('',*,*,#6840,.T.);
#4358=CARTESIAN_POINT('',(1.79,-0.985,-1.71));
#4359=DIRECTION('',(0.0,0.0,1.0));
#4360=DIRECTION('',(1.0,0.0,0.0));
#4361=ORIENTED_EDGE('',*,*,#6841,.F.);
#4362=ORIENTED_EDGE('',*,*,#6799,.F.);
#4363=ORIENTED_EDGE('',*,*,#6832,.F.);
#4364=ORIENTED_EDGE('',*,*,#6776,.F.);
#4365=ORIENTED_EDGE('',*,*,#6771,.F.);
#4366=ORIENTED_EDGE('',*,*,#6170,.T.);
#4367=ORIENTED_EDGE('',*,*,#6216,.F.);
#4368=ORIENTED_EDGE('',*,*,#6186,.F.);
#4369=CARTESIAN_POINT('',(-1.79,-1.225,-1.21));
#4370=DIRECTION('',(-1.0,0.0,0.0));
#4371=DIRECTION('',(0.0,0.0,1.0));
#4372=ORIENTED_EDGE('',*,*,#6842,.F.);
#4373=ORIENTED_EDGE('',*,*,#6843,.F.);
#4374=ORIENTED_EDGE('',*,*,#6844,.F.);
#4375=ORIENTED_EDGE('',*,*,#6845,.F.);
#4376=ORIENTED_EDGE('',*,*,#6846,.F.);
#4377=ORIENTED_EDGE('',*,*,#6847,.F.);
#4378=ORIENTED_EDGE('',*,*,#6848,.F.);
#4379=ORIENTED_EDGE('',*,*,#6849,.T.);
#4380=ORIENTED_EDGE('',*,*,#6850,.F.);
#4381=ORIENTED_EDGE('',*,*,#6851,.F.);
#4382=ORIENTED_EDGE('',*,*,#6852,.F.);
#4383=CARTESIAN_POINT('',(0.0,0.0,-2.35));
#4384=DIRECTION('',(0.0,0.0,1.0));
#4385=DIRECTION('',(1.0,0.0,0.0));
#4386=ORIENTED_EDGE('',*,*,#6853,.F.);
#4387=ORIENTED_EDGE('',*,*,#6854,.F.);
#4388=ORIENTED_EDGE('',*,*,#6855,.F.);
#4389=ORIENTED_EDGE('',*,*,#6856,.F.);
#4390=ORIENTED_EDGE('',*,*,#6857,.F.);
#4391=ORIENTED_EDGE('',*,*,#6858,.T.);
#4392=ORIENTED_EDGE('',*,*,#6859,.F.);
#4393=ORIENTED_EDGE('',*,*,#6860,.F.);
#4394=ORIENTED_EDGE('',*,*,#6861,.F.);
#4395=ORIENTED_EDGE('',*,*,#6862,.F.);
#4396=ORIENTED_EDGE('',*,*,#6863,.F.);
#4397=CARTESIAN_POINT('',(0.0,0.0,-2.35));
#4398=DIRECTION('',(0.0,0.0,1.0));
#4399=DIRECTION('',(1.0,0.0,0.0));
#4400=ORIENTED_EDGE('',*,*,#6864,.F.);
#4401=ORIENTED_EDGE('',*,*,#6824,.T.);
#4402=ORIENTED_EDGE('',*,*,#6865,.F.);
#4403=ORIENTED_EDGE('',*,*,#6818,.T.);
#4404=ORIENTED_EDGE('',*,*,#6866,.F.);
#4405=ORIENTED_EDGE('',*,*,#6812,.T.);
#4406=ORIENTED_EDGE('',*,*,#6867,.F.);
#4407=ORIENTED_EDGE('',*,*,#6806,.T.);
#4408=ORIENTED_EDGE('',*,*,#6868,.F.);
#4409=ORIENTED_EDGE('',*,*,#6800,.T.);
#4410=ORIENTED_EDGE('',*,*,#6841,.T.);
#4411=ORIENTED_EDGE('',*,*,#6185,.F.);
#4412=ORIENTED_EDGE('',*,*,#6869,.T.);
#4413=ORIENTED_EDGE('',*,*,#6870,.F.);
#4414=ORIENTED_EDGE('',*,*,#6871,.F.);
#4415=ORIENTED_EDGE('',*,*,#6178,.F.);
#4416=ORIENTED_EDGE('',*,*,#6176,.F.);
#4417=ORIENTED_EDGE('',*,*,#6827,.T.);
#4418=CARTESIAN_POINT('',(0.0,0.0,-2.35));
#4419=DIRECTION('',(0.0,0.0,1.0));
#4420=DIRECTION('',(1.0,0.0,0.0));
#4421=ORIENTED_EDGE('',*,*,#6872,.T.);
#4422=ORIENTED_EDGE('',*,*,#6852,.T.);
#4423=ORIENTED_EDGE('',*,*,#6873,.T.);
#4424=ORIENTED_EDGE('',*,*,#6492,.F.);
#4425=ORIENTED_EDGE('',*,*,#6490,.F.);
#4426=CARTESIAN_POINT('',(1.21,0.575,-2.35));
#4427=DIRECTION('',(0.500000000000017,0.866025403784429,0.0));
#4428=DIRECTION('',(0.0,0.0,-1.0));
#4429=ORIENTED_EDGE('',*,*,#6851,.T.);
#4430=ORIENTED_EDGE('',*,*,#6874,.T.);
#4431=ORIENTED_EDGE('',*,*,#6493,.F.);
#4432=ORIENTED_EDGE('',*,*,#6873,.F.);
#4433=CARTESIAN_POINT('',(1.902820323028,0.175,-2.35));
#4434=DIRECTION('',(-0.0,1.0,0.0));
#4435=DIRECTION('',(1.0,0.0,0.0));
#4436=ORIENTED_EDGE('',*,*,#6850,.T.);
#4437=ORIENTED_EDGE('',*,*,#6875,.T.);
#4438=ORIENTED_EDGE('',*,*,#6494,.F.);
#4439=ORIENTED_EDGE('',*,*,#6874,.F.);
#4440=CARTESIAN_POINT('',(2.45,-0.375,-2.35));
#4441=DIRECTION('',(0.0,0.0,1.0));
#4442=DIRECTION('',(-1.0,0.0,0.0));
#4443=ORIENTED_EDGE('',*,*,#6495,.F.);
#4444=ORIENTED_EDGE('',*,*,#6875,.F.);
#4445=ORIENTED_EDGE('',*,*,#6849,.F.);
#4446=ORIENTED_EDGE('',*,*,#6876,.T.);
#4447=ORIENTED_EDGE('',*,*,#6877,.T.);
#4448=ORIENTED_EDGE('',*,*,#6878,.F.);
#4449=ORIENTED_EDGE('',*,*,#6879,.F.);
#4450=ORIENTED_EDGE('',*,*,#6880,.T.);
#4451=CARTESIAN_POINT('',(3.0,-0.375,-2.35));
#4452=DIRECTION('',(1.0,0.0,0.0));
#4453=DIRECTION('',(0.0,1.0,0.0));
#4454=ORIENTED_EDGE('',*,*,#6881,.F.);
#4455=ORIENTED_EDGE('',*,*,#6496,.F.);
#4456=ORIENTED_EDGE('',*,*,#6880,.F.);
#4457=ORIENTED_EDGE('',*,*,#6882,.T.);
#4458=CARTESIAN_POINT('',(3.015514631548,-0.925,-2.35));
#4459=DIRECTION('',(1.0,-0.0,0.0));
#4460=DIRECTION('',(0.0,0.0,-1.0));
#4461=ORIENTED_EDGE('',*,*,#6883,.T.);
#4462=ORIENTED_EDGE('',*,*,#6884,.T.);
#4463=ORIENTED_EDGE('',*,*,#6885,.T.);
#4464=ORIENTED_EDGE('',*,*,#6886,.T.);
#4465=ORIENTED_EDGE('',*,*,#6882,.F.);
#4466=ORIENTED_EDGE('',*,*,#6879,.T.);
#4467=CARTESIAN_POINT('',(0.0,-1.225,0.0));
#4468=DIRECTION('',(0.0,-1.0,0.0));
#4469=DIRECTION('',(0.0,0.0,-1.0));
#4470=ORIENTED_EDGE('',*,*,#6887,.T.);
#4471=ORIENTED_EDGE('',*,*,#6888,.T.);
#4472=ORIENTED_EDGE('',*,*,#6889,.T.);
#4473=ORIENTED_EDGE('',*,*,#6890,.T.);
#4474=ORIENTED_EDGE('',*,*,#6891,.F.);
#4475=ORIENTED_EDGE('',*,*,#6892,.T.);
#4476=CARTESIAN_POINT('',(0.0,-1.225,0.0));
#4477=DIRECTION('',(0.0,-1.0,0.0));
#4478=DIRECTION('',(0.0,0.0,-1.0));
#4479=ORIENTED_EDGE('',*,*,#6871,.T.);
#4480=ORIENTED_EDGE('',*,*,#6893,.T.);
#4481=ORIENTED_EDGE('',*,*,#6497,.F.);
#4482=ORIENTED_EDGE('',*,*,#6881,.T.);
#4483=ORIENTED_EDGE('',*,*,#6886,.F.);
#4484=ORIENTED_EDGE('',*,*,#6894,.T.);
#4485=ORIENTED_EDGE('',*,*,#6895,.T.);
#4486=ORIENTED_EDGE('',*,*,#6896,.T.);
#4487=CARTESIAN_POINT('',(1.925,-1.225,-2.35));
#4488=DIRECTION('',(-1.0,0.0,0.0));
#4489=DIRECTION('',(0.0,0.0,1.0));
#4490=ORIENTED_EDGE('',*,*,#6511,.F.);
#4491=ORIENTED_EDGE('',*,*,#6897,.F.);
#4492=ORIENTED_EDGE('',*,*,#6485,.F.);
#4493=ORIENTED_EDGE('',*,*,#6333,.T.);
#4494=CARTESIAN_POINT('',(0.0,0.0,-2.35));
#4495=DIRECTION('',(0.0,0.0,-1.0));
#4496=DIRECTION('',(0.0,-1.0,0.0));
#4497=ORIENTED_EDGE('',*,*,#6872,.F.);
#4498=ORIENTED_EDGE('',*,*,#6489,.F.);
#4499=ORIENTED_EDGE('',*,*,#6898,.F.);
#4500=CARTESIAN_POINT('',(0.0,0.0,-2.35));
#4501=DIRECTION('',(0.0,0.0,-1.0));
#4502=DIRECTION('',(0.0,-1.0,0.0));
#4503=ORIENTED_EDGE('',*,*,#6899,.F.);
#4504=ORIENTED_EDGE('',*,*,#6900,.F.);
#4505=ORIENTED_EDGE('',*,*,#6507,.F.);
#4506=CARTESIAN_POINT('',(0.0,0.0,-2.35));
#4507=DIRECTION('',(0.0,0.0,-1.0));
#4508=DIRECTION('',(0.0,-1.0,0.0));
#4509=ORIENTED_EDGE('',*,*,#6876,.F.);
#4510=ORIENTED_EDGE('',*,*,#6901,.F.);
#4511=ORIENTED_EDGE('',*,*,#6902,.F.);
#4512=ORIENTED_EDGE('',*,*,#6179,.F.);
#4513=ORIENTED_EDGE('',*,*,#6896,.F.);
#4514=ORIENTED_EDGE('',*,*,#6903,.F.);
#4515=CARTESIAN_POINT('',(0.0,0.0,-2.35));
#4516=DIRECTION('',(0.0,0.0,-1.0));
#4517=DIRECTION('',(0.0,-1.0,0.0));
#4518=ORIENTED_EDGE('',*,*,#6904,.F.);
#4519=ORIENTED_EDGE('',*,*,#6184,.F.);
#4520=ORIENTED_EDGE('',*,*,#6905,.F.);
#4521=ORIENTED_EDGE('',*,*,#6906,.T.);
#4522=ORIENTED_EDGE('',*,*,#6907,.F.);
#4523=ORIENTED_EDGE('',*,*,#6908,.F.);
#4524=CARTESIAN_POINT('',(0.0,0.0,-2.35));
#4525=DIRECTION('',(0.0,0.0,-1.0));
#4526=DIRECTION('',(0.0,-1.0,0.0));
#4527=ORIENTED_EDGE('',*,*,#6909,.F.);
#4528=ORIENTED_EDGE('',*,*,#6910,.T.);
#4529=ORIENTED_EDGE('',*,*,#6225,.F.);
#4530=ORIENTED_EDGE('',*,*,#6911,.F.);
#4531=ORIENTED_EDGE('',*,*,#6844,.T.);
#4532=ORIENTED_EDGE('',*,*,#6912,.T.);
#4533=ORIENTED_EDGE('',*,*,#6913,.T.);
#4534=ORIENTED_EDGE('',*,*,#6486,.F.);
#4535=ORIENTED_EDGE('',*,*,#6897,.T.);
#4536=ORIENTED_EDGE('',*,*,#6510,.T.);
#4537=ORIENTED_EDGE('',*,*,#6914,.T.);
#4538=ORIENTED_EDGE('',*,*,#6915,.F.);
#4539=ORIENTED_EDGE('',*,*,#6857,.T.);
#4540=ORIENTED_EDGE('',*,*,#6916,.T.);
#4541=ORIENTED_EDGE('',*,*,#6210,.F.);
#4542=ORIENTED_EDGE('',*,*,#6323,.T.);
#4543=ORIENTED_EDGE('',*,*,#6326,.F.);
#4544=ORIENTED_EDGE('',*,*,#6331,.F.);
#4545=CARTESIAN_POINT('',(3.095,0.92,-2.35));
#4546=DIRECTION('',(-0.0,1.0,0.0));
#4547=DIRECTION('',(1.0,0.0,0.0));
#4548=ORIENTED_EDGE('',*,*,#6917,.T.);
#4549=ORIENTED_EDGE('',*,*,#6211,.F.);
#4550=ORIENTED_EDGE('',*,*,#6916,.F.);
#4551=ORIENTED_EDGE('',*,*,#6856,.T.);
#4552=CARTESIAN_POINT('',(-3.095,0.57,-2.35));
#4553=DIRECTION('',(0.0,0.0,-1.0));
#4554=DIRECTION('',(1.0,0.0,0.0));
#4555=ORIENTED_EDGE('',*,*,#6918,.T.);
#4556=ORIENTED_EDGE('',*,*,#6212,.F.);
#4557=ORIENTED_EDGE('',*,*,#6917,.F.);
#4558=ORIENTED_EDGE('',*,*,#6855,.T.);
#4559=CARTESIAN_POINT('',(-3.445,0.57,-2.35));
#4560=DIRECTION('',(-1.0,0.0,0.0));
#4561=DIRECTION('',(0.0,0.0,1.0));
#4562=ORIENTED_EDGE('',*,*,#6919,.T.);
#4563=ORIENTED_EDGE('',*,*,#6213,.F.);
#4564=ORIENTED_EDGE('',*,*,#6918,.F.);
#4565=ORIENTED_EDGE('',*,*,#6854,.T.);
#4566=CARTESIAN_POINT('',(-3.195,-0.06937554159486,-2.35));
#4567=DIRECTION('',(0.0,0.0,-1.0));
#4568=DIRECTION('',(1.0,0.0,0.0));
#4569=ORIENTED_EDGE('',*,*,#6920,.T.);
#4570=ORIENTED_EDGE('',*,*,#6214,.F.);
#4571=ORIENTED_EDGE('',*,*,#6919,.F.);
#4572=ORIENTED_EDGE('',*,*,#6853,.T.);
#4573=ORIENTED_EDGE('',*,*,#6906,.F.);
#4574=CARTESIAN_POINT('',(-3.371776695297,-0.2461522368915,-2.35));
#4575=DIRECTION('',(-0.707106781186548,-0.707106781186548,0.0));
#4576=DIRECTION('',(-0.707106781186548,0.707106781186548,0.0));
#4577=ORIENTED_EDGE('',*,*,#6183,.T.);
#4578=ORIENTED_EDGE('',*,*,#6215,.F.);
#4579=ORIENTED_EDGE('',*,*,#6920,.F.);
#4580=ORIENTED_EDGE('',*,*,#6905,.T.);
#4581=CARTESIAN_POINT('',(-2.594375541595,-0.67,-2.35));
#4582=DIRECTION('',(0.0,0.0,-1.0));
#4583=DIRECTION('',(1.0,0.0,0.0));
#4584=ORIENTED_EDGE('',*,*,#6915,.T.);
#4585=ORIENTED_EDGE('',*,*,#6921,.F.);
#4586=ORIENTED_EDGE('',*,*,#6922,.F.);
#4587=ORIENTED_EDGE('',*,*,#6858,.F.);
#4588=CARTESIAN_POINT('',(-2.37,0.5,-2.35));
#4589=DIRECTION('',(-1.0,0.0,0.0));
#4590=DIRECTION('',(0.0,0.0,1.0));
#4591=ORIENTED_EDGE('',*,*,#6859,.T.);
#4592=ORIENTED_EDGE('',*,*,#6922,.T.);
#4593=ORIENTED_EDGE('',*,*,#6923,.F.);
#4594=ORIENTED_EDGE('',*,*,#6508,.F.);
#4595=ORIENTED_EDGE('',*,*,#6900,.T.);
#4596=CARTESIAN_POINT('',(-1.21,0.5,-2.35));
#4597=DIRECTION('',(0.0,-1.0,0.0));
#4598=DIRECTION('',(0.0,0.0,-1.0));
#4599=ORIENTED_EDGE('',*,*,#6924,.T.);
#4600=ORIENTED_EDGE('',*,*,#6925,.T.);
#4601=ORIENTED_EDGE('',*,*,#6487,.T.);
#4602=ORIENTED_EDGE('',*,*,#6913,.F.);
#4603=CARTESIAN_POINT('',(0.0,0.0,-1.63));
#4604=DIRECTION('',(0.0,0.0,-1.0));
#4605=DIRECTION('',(0.0,-1.0,0.0));
#4606=ORIENTED_EDGE('',*,*,#6509,.T.);
#4607=ORIENTED_EDGE('',*,*,#6923,.T.);
#4608=ORIENTED_EDGE('',*,*,#6921,.T.);
#4609=ORIENTED_EDGE('',*,*,#6914,.F.);
#4610=CARTESIAN_POINT('',(0.0,0.0,-1.63));
#4611=DIRECTION('',(0.0,0.0,-1.0));
#4612=DIRECTION('',(0.0,-1.0,0.0));
#4613=ORIENTED_EDGE('',*,*,#6488,.T.);
#4614=ORIENTED_EDGE('',*,*,#6925,.F.);
#4615=ORIENTED_EDGE('',*,*,#6926,.F.);
#4616=ORIENTED_EDGE('',*,*,#6842,.T.);
#4617=ORIENTED_EDGE('',*,*,#6898,.T.);
#4618=CARTESIAN_POINT('',(2.37,0.5,-2.35));
#4619=DIRECTION('',(0.0,-1.0,0.0));
#4620=DIRECTION('',(0.0,0.0,-1.0));
#4621=ORIENTED_EDGE('',*,*,#6926,.T.);
#4622=ORIENTED_EDGE('',*,*,#6924,.F.);
#4623=ORIENTED_EDGE('',*,*,#6912,.F.);
#4624=ORIENTED_EDGE('',*,*,#6843,.T.);
#4625=CARTESIAN_POINT('',(2.37,0.92,-2.35));
#4626=DIRECTION('',(1.0,0.0,0.0));
#4627=DIRECTION('',(0.0,1.0,0.0));
#4628=ORIENTED_EDGE('',*,*,#6911,.T.);
#4629=ORIENTED_EDGE('',*,*,#6224,.F.);
#4630=ORIENTED_EDGE('',*,*,#6927,.F.);
#4631=ORIENTED_EDGE('',*,*,#6845,.T.);
#4632=CARTESIAN_POINT('',(3.095,0.57,-2.35));
#4633=DIRECTION('',(0.0,0.0,-1.0));
#4634=DIRECTION('',(1.0,0.0,0.0));
#4635=ORIENTED_EDGE('',*,*,#6927,.T.);
#4636=ORIENTED_EDGE('',*,*,#6223,.F.);
#4637=ORIENTED_EDGE('',*,*,#6928,.F.);
#4638=ORIENTED_EDGE('',*,*,#6846,.T.);
#4639=CARTESIAN_POINT('',(3.445,-0.06937554159486,-2.35));
#4640=DIRECTION('',(1.0,0.0,0.0));
#4641=DIRECTION('',(0.0,1.0,0.0));
#4642=ORIENTED_EDGE('',*,*,#6928,.T.);
#4643=ORIENTED_EDGE('',*,*,#6222,.F.);
#4644=ORIENTED_EDGE('',*,*,#6929,.F.);
#4645=ORIENTED_EDGE('',*,*,#6847,.T.);
#4646=CARTESIAN_POINT('',(3.195,-0.06937554159486,-2.35));
#4647=DIRECTION('',(0.0,0.0,-1.0));
#4648=DIRECTION('',(1.0,0.0,0.0));
#4649=ORIENTED_EDGE('',*,*,#6848,.T.);
#4650=ORIENTED_EDGE('',*,*,#6929,.T.);
#4651=ORIENTED_EDGE('',*,*,#6221,.F.);
#4652=ORIENTED_EDGE('',*,*,#6930,.F.);
#4653=ORIENTED_EDGE('',*,*,#6901,.T.);
#4654=CARTESIAN_POINT('',(2.771152236891,-0.8467766952966,-2.35));
#4655=DIRECTION('',(0.707106781186548,-0.707106781186548,0.0));
#4656=DIRECTION('',(0.0,0.0,-1.0));
#4657=ORIENTED_EDGE('',*,*,#6930,.T.);
#4658=ORIENTED_EDGE('',*,*,#6220,.F.);
#4659=ORIENTED_EDGE('',*,*,#6180,.F.);
#4660=ORIENTED_EDGE('',*,*,#6902,.T.);
#4661=CARTESIAN_POINT('',(2.594375541595,-0.67,-2.35));
#4662=DIRECTION('',(0.0,0.0,-1.0));
#4663=DIRECTION('',(1.0,0.0,0.0));
#4664=ORIENTED_EDGE('',*,*,#6931,.T.);
#4665=ORIENTED_EDGE('',*,*,#6316,.F.);
#4666=ORIENTED_EDGE('',*,*,#6226,.F.);
#4667=ORIENTED_EDGE('',*,*,#6910,.F.);
#4668=ORIENTED_EDGE('',*,*,#6932,.T.);
#4669=CARTESIAN_POINT('',(0.46,0.7825,-1.2));
#4670=DIRECTION('',(-0.707106781186548,0.0,0.707106781186548));
#4671=DIRECTION('',(0.0,1.0,0.0));
#4672=ORIENTED_EDGE('',*,*,#6376,.T.);
#4673=ORIENTED_EDGE('',*,*,#6933,.T.);
#4674=ORIENTED_EDGE('',*,*,#6932,.F.);
#4675=ORIENTED_EDGE('',*,*,#6909,.T.);
#4676=ORIENTED_EDGE('',*,*,#6330,.T.);
#4677=CARTESIAN_POINT('',(0.41,0.0,0.0));
#4678=DIRECTION('',(1.0,0.0,0.0));
#4679=DIRECTION('',(0.0,1.0,0.0));
#4680=ORIENTED_EDGE('',*,*,#6934,.T.);
#4681=ORIENTED_EDGE('',*,*,#6935,.F.);
#4682=ORIENTED_EDGE('',*,*,#6933,.F.);
#4683=ORIENTED_EDGE('',*,*,#6375,.F.);
#4684=ORIENTED_EDGE('',*,*,#6327,.T.);
#4685=ORIENTED_EDGE('',*,*,#6936,.T.);
#4686=CARTESIAN_POINT('',(-0.41,0.925,-1.38));
#4687=DIRECTION('',(-1.0,0.0,-0.0));
#4688=DIRECTION('',(0.0,0.0,-1.0));
#4689=ORIENTED_EDGE('',*,*,#6937,.F.);
#4690=ORIENTED_EDGE('',*,*,#6938,.F.);
#4691=ORIENTED_EDGE('',*,*,#6446,.T.);
#4692=ORIENTED_EDGE('',*,*,#6939,.F.);
#4693=CARTESIAN_POINT('',(-0.41,1.225,-1.5));
#4694=DIRECTION('',(-1.0,0.0,0.0));
#4695=DIRECTION('',(0.0,0.0,1.0));
#4696=ORIENTED_EDGE('',*,*,#6324,.F.);
#4697=ORIENTED_EDGE('',*,*,#6321,.F.);
#4698=ORIENTED_EDGE('',*,*,#6940,.F.);
#4699=ORIENTED_EDGE('',*,*,#6941,.T.);
#4700=ORIENTED_EDGE('',*,*,#6936,.F.);
#4701=CARTESIAN_POINT('',(-0.41,1.225,-1.5));
#4702=DIRECTION('',(-1.0,0.0,0.0));
#4703=DIRECTION('',(0.0,0.0,1.0));
#4704=ORIENTED_EDGE('',*,*,#6445,.T.);
#4705=ORIENTED_EDGE('',*,*,#6942,.F.);
#4706=ORIENTED_EDGE('',*,*,#6943,.F.);
#4707=ORIENTED_EDGE('',*,*,#6939,.T.);
#4708=CARTESIAN_POINT('',(-0.41,1.025,-1.2));
#4709=DIRECTION('',(-1.0,0.0,-0.0));
#4710=DIRECTION('',(0.0,0.0,-1.0));
#4711=ORIENTED_EDGE('',*,*,#6937,.T.);
#4712=ORIENTED_EDGE('',*,*,#6943,.T.);
#4713=ORIENTED_EDGE('',*,*,#6944,.F.);
#4714=ORIENTED_EDGE('',*,*,#6945,.T.);
#4715=ORIENTED_EDGE('',*,*,#6946,.T.);
#4716=ORIENTED_EDGE('',*,*,#6947,.T.);
#4717=CARTESIAN_POINT('',(-0.41,1.025,-1.75));
#4718=DIRECTION('',(-0.0,1.0,0.0));
#4719=DIRECTION('',(1.0,0.0,0.0));
#4720=ORIENTED_EDGE('',*,*,#6940,.T.);
#4721=ORIENTED_EDGE('',*,*,#6320,.F.);
#4722=ORIENTED_EDGE('',*,*,#6948,.F.);
#4723=ORIENTED_EDGE('',*,*,#6949,.T.);
#4724=CARTESIAN_POINT('',(-0.16,1.225,-1.5));
#4725=DIRECTION('',(0.0,-1.0,0.0));
#4726=DIRECTION('',(1.0,0.0,0.0));
#4727=ORIENTED_EDGE('',*,*,#6950,.F.);
#4728=ORIENTED_EDGE('',*,*,#6441,.T.);
#4729=ORIENTED_EDGE('',*,*,#6938,.T.);
#4730=ORIENTED_EDGE('',*,*,#6947,.F.);
#4731=CARTESIAN_POINT('',(-0.16,1.225,-1.5));
#4732=DIRECTION('',(0.0,-1.0,0.0));
#4733=DIRECTION('',(1.0,0.0,0.0));
#4734=ORIENTED_EDGE('',*,*,#6951,.F.);
#4735=ORIENTED_EDGE('',*,*,#6952,.F.);
#4736=ORIENTED_EDGE('',*,*,#6953,.T.);
#4737=ORIENTED_EDGE('',*,*,#6934,.F.);
#4738=ORIENTED_EDGE('',*,*,#6941,.F.);
#4739=ORIENTED_EDGE('',*,*,#6949,.F.);
#4740=CARTESIAN_POINT('',(-0.41,0.725,-1.38));
#4741=DIRECTION('',(0.0,-1.0,0.0));
#4742=DIRECTION('',(0.0,0.0,-1.0));
#4743=ORIENTED_EDGE('',*,*,#6444,.T.);
#4744=ORIENTED_EDGE('',*,*,#6954,.T.);
#4745=ORIENTED_EDGE('',*,*,#6944,.T.);
#4746=ORIENTED_EDGE('',*,*,#6942,.T.);
#4747=CARTESIAN_POINT('',(0.41,1.225,-1.1));
#4748=DIRECTION('',(1.0,0.0,0.0));
#4749=DIRECTION('',(0.0,1.0,0.0));
#4750=ORIENTED_EDGE('',*,*,#6953,.F.);
#4751=ORIENTED_EDGE('',*,*,#6955,.T.);
#4752=ORIENTED_EDGE('',*,*,#6317,.F.);
#4753=ORIENTED_EDGE('',*,*,#6931,.F.);
#4754=ORIENTED_EDGE('',*,*,#6935,.T.);
#4755=CARTESIAN_POINT('',(0.41,1.225,-1.1));
#4756=DIRECTION('',(1.0,0.0,0.0));
#4757=DIRECTION('',(0.0,1.0,0.0));
#4758=ORIENTED_EDGE('',*,*,#6956,.T.);
#4759=ORIENTED_EDGE('',*,*,#6318,.F.);
#4760=ORIENTED_EDGE('',*,*,#6955,.F.);
#4761=ORIENTED_EDGE('',*,*,#6952,.T.);
#4762=CARTESIAN_POINT('',(0.16,1.225,-1.5));
#4763=DIRECTION('',(0.0,-1.0,0.0));
#4764=DIRECTION('',(1.0,0.0,0.0));
#4765=ORIENTED_EDGE('',*,*,#6954,.F.);
#4766=ORIENTED_EDGE('',*,*,#6443,.T.);
#4767=ORIENTED_EDGE('',*,*,#6957,.T.);
#4768=ORIENTED_EDGE('',*,*,#6945,.F.);
#4769=CARTESIAN_POINT('',(0.16,1.225,-1.5));
#4770=DIRECTION('',(0.0,-1.0,0.0));
#4771=DIRECTION('',(1.0,0.0,0.0));
#4772=ORIENTED_EDGE('',*,*,#6948,.T.);
#4773=ORIENTED_EDGE('',*,*,#6319,.F.);
#4774=ORIENTED_EDGE('',*,*,#6956,.F.);
#4775=ORIENTED_EDGE('',*,*,#6951,.T.);
#4776=CARTESIAN_POINT('',(0.16,1.225,-1.75));
#4777=DIRECTION('',(0.0,0.0,-1.0));
#4778=DIRECTION('',(0.0,-1.0,0.0));
#4779=ORIENTED_EDGE('',*,*,#6957,.F.);
#4780=ORIENTED_EDGE('',*,*,#6442,.T.);
#4781=ORIENTED_EDGE('',*,*,#6950,.T.);
#4782=ORIENTED_EDGE('',*,*,#6946,.F.);
#4783=CARTESIAN_POINT('',(0.16,1.225,-1.75));
#4784=DIRECTION('',(0.0,0.0,-1.0));
#4785=DIRECTION('',(0.0,-1.0,0.0));
#4786=ORIENTED_EDGE('',*,*,#6860,.T.);
#4787=ORIENTED_EDGE('',*,*,#6899,.T.);
#4788=ORIENTED_EDGE('',*,*,#6506,.T.);
#4789=ORIENTED_EDGE('',*,*,#6504,.F.);
#4790=ORIENTED_EDGE('',*,*,#6958,.F.);
#4791=CARTESIAN_POINT('',(-1.902820323028,0.175,-2.35));
#4792=DIRECTION('',(-0.500000000000017,0.866025403784429,0.0));
#4793=DIRECTION('',(0.0,0.0,1.0));
#4794=ORIENTED_EDGE('',*,*,#6861,.T.);
#4795=ORIENTED_EDGE('',*,*,#6958,.T.);
#4796=ORIENTED_EDGE('',*,*,#6503,.F.);
#4797=ORIENTED_EDGE('',*,*,#6959,.F.);
#4798=CARTESIAN_POINT('',(-2.45,0.175,-2.35));
#4799=DIRECTION('',(-0.0,1.0,0.0));
#4800=DIRECTION('',(1.0,0.0,0.0));
#4801=ORIENTED_EDGE('',*,*,#6862,.T.);
#4802=ORIENTED_EDGE('',*,*,#6959,.T.);
#4803=ORIENTED_EDGE('',*,*,#6502,.F.);
#4804=ORIENTED_EDGE('',*,*,#6960,.F.);
#4805=CARTESIAN_POINT('',(-2.45,-0.375,-2.35));
#4806=DIRECTION('',(0.0,0.0,1.0));
#4807=DIRECTION('',(-1.0,0.0,0.0));
#4808=ORIENTED_EDGE('',*,*,#6863,.T.);
#4809=ORIENTED_EDGE('',*,*,#6960,.T.);
#4810=ORIENTED_EDGE('',*,*,#6501,.F.);
#4811=ORIENTED_EDGE('',*,*,#6961,.T.);
#4812=ORIENTED_EDGE('',*,*,#6890,.F.);
#4813=ORIENTED_EDGE('',*,*,#6962,.T.);
#4814=ORIENTED_EDGE('',*,*,#6963,.T.);
#4815=ORIENTED_EDGE('',*,*,#6907,.T.);
#4816=CARTESIAN_POINT('',(-3.0,-1.225,-2.35));
#4817=DIRECTION('',(-1.0,0.0,0.0));
#4818=DIRECTION('',(0.0,0.0,1.0));
#4819=ORIENTED_EDGE('',*,*,#6895,.F.);
#4820=ORIENTED_EDGE('',*,*,#6964,.F.);
#4821=ORIENTED_EDGE('',*,*,#6965,.F.);
#4822=ORIENTED_EDGE('',*,*,#6966,.F.);
#4823=ORIENTED_EDGE('',*,*,#6877,.F.);
#4824=ORIENTED_EDGE('',*,*,#6903,.T.);
#4825=CARTESIAN_POINT('',(0.0,-0.925,0.0));
#4826=DIRECTION('',(0.0,-1.0,0.0));
#4827=DIRECTION('',(0.0,0.0,-1.0));
#4828=ORIENTED_EDGE('',*,*,#6963,.F.);
#4829=ORIENTED_EDGE('',*,*,#6967,.F.);
#4830=ORIENTED_EDGE('',*,*,#6968,.F.);
#4831=ORIENTED_EDGE('',*,*,#6969,.F.);
#4832=ORIENTED_EDGE('',*,*,#6970,.F.);
#4833=ORIENTED_EDGE('',*,*,#6908,.T.);
#4834=CARTESIAN_POINT('',(0.0,-0.925,0.0));
#4835=DIRECTION('',(0.0,-1.0,0.0));
#4836=DIRECTION('',(0.0,0.0,-1.0));
#4837=ORIENTED_EDGE('',*,*,#6878,.T.);
#4838=ORIENTED_EDGE('',*,*,#6966,.T.);
#4839=ORIENTED_EDGE('',*,*,#6971,.F.);
#4840=ORIENTED_EDGE('',*,*,#6883,.F.);
#4841=CARTESIAN_POINT('',(2.8,-1.225,-1.95));
#4842=DIRECTION('',(0.0,1.0,-0.0));
#4843=DIRECTION('',(1.0,0.0,0.0));
#4844=ORIENTED_EDGE('',*,*,#6971,.T.);
#4845=ORIENTED_EDGE('',*,*,#6965,.T.);
#4846=ORIENTED_EDGE('',*,*,#6972,.F.);
#4847=ORIENTED_EDGE('',*,*,#6884,.F.);
#4848=CARTESIAN_POINT('',(2.8,-1.225,-1.75));
#4849=DIRECTION('',(0.0,0.0,1.0));
#4850=DIRECTION('',(1.0,0.0,0.0));
#4851=ORIENTED_EDGE('',*,*,#6972,.T.);
#4852=ORIENTED_EDGE('',*,*,#6964,.T.);
#4853=ORIENTED_EDGE('',*,*,#6894,.F.);
#4854=ORIENTED_EDGE('',*,*,#6885,.F.);
#4855=CARTESIAN_POINT('',(2.125,-1.225,-1.95));
#4856=DIRECTION('',(0.0,1.0,-0.0));
#4857=DIRECTION('',(1.0,0.0,0.0));
#4858=ORIENTED_EDGE('',*,*,#6499,.F.);
#4859=ORIENTED_EDGE('',*,*,#6973,.F.);
#4860=ORIENTED_EDGE('',*,*,#6869,.F.);
#4861=ORIENTED_EDGE('',*,*,#6904,.T.);
#4862=ORIENTED_EDGE('',*,*,#6970,.T.);
#4863=ORIENTED_EDGE('',*,*,#6974,.F.);
#4864=ORIENTED_EDGE('',*,*,#6892,.F.);
#4865=ORIENTED_EDGE('',*,*,#6975,.T.);
#4866=CARTESIAN_POINT('',(-1.925,-0.725,-2.35));
#4867=DIRECTION('',(1.0,0.0,0.0));
#4868=DIRECTION('',(0.0,1.0,0.0));
#4869=ORIENTED_EDGE('',*,*,#6961,.F.);
#4870=ORIENTED_EDGE('',*,*,#6500,.F.);
#4871=ORIENTED_EDGE('',*,*,#6975,.F.);
#4872=ORIENTED_EDGE('',*,*,#6891,.T.);
#4873=CARTESIAN_POINT('',(-1.909485368452,-0.925,-2.35));
#4874=DIRECTION('',(1.0,-0.0,0.0));
#4875=DIRECTION('',(0.0,0.0,-1.0));
#4876=ORIENTED_EDGE('',*,*,#6974,.T.);
#4877=ORIENTED_EDGE('',*,*,#6969,.T.);
#4878=ORIENTED_EDGE('',*,*,#6976,.F.);
#4879=ORIENTED_EDGE('',*,*,#6887,.F.);
#4880=CARTESIAN_POINT('',(-2.125,-1.225,-1.95));
#4881=DIRECTION('',(0.0,1.0,-0.0));
#4882=DIRECTION('',(1.0,0.0,0.0));
#4883=ORIENTED_EDGE('',*,*,#6976,.T.);
#4884=ORIENTED_EDGE('',*,*,#6968,.T.);
#4885=ORIENTED_EDGE('',*,*,#6977,.F.);
#4886=ORIENTED_EDGE('',*,*,#6888,.F.);
#4887=CARTESIAN_POINT('',(-2.125,-1.225,-1.75));
#4888=DIRECTION('',(0.0,0.0,1.0));
#4889=DIRECTION('',(1.0,0.0,0.0));
#4890=ORIENTED_EDGE('',*,*,#6977,.T.);
#4891=ORIENTED_EDGE('',*,*,#6967,.T.);
#4892=ORIENTED_EDGE('',*,*,#6962,.F.);
#4893=ORIENTED_EDGE('',*,*,#6889,.F.);
#4894=CARTESIAN_POINT('',(-2.8,-1.225,-1.95));
#4895=DIRECTION('',(0.0,1.0,-0.0));
#4896=DIRECTION('',(1.0,0.0,0.0));
#4897=ORIENTED_EDGE('',*,*,#6870,.T.);
#4898=ORIENTED_EDGE('',*,*,#6973,.T.);
#4899=ORIENTED_EDGE('',*,*,#6498,.F.);
#4900=ORIENTED_EDGE('',*,*,#6893,.F.);
#4901=CARTESIAN_POINT('',(1.925,-0.725,-2.35));
#4902=DIRECTION('',(0.0,-1.0,0.0));
#4903=DIRECTION('',(0.0,0.0,-1.0));
#4904=ORIENTED_EDGE('',*,*,#6868,.T.);
#4905=ORIENTED_EDGE('',*,*,#6978,.F.);
#4906=ORIENTED_EDGE('',*,*,#6979,.F.);
#4907=ORIENTED_EDGE('',*,*,#6980,.T.);
#4908=CARTESIAN_POINT('',(-1.425,-1.105,-2.65));
#4909=DIRECTION('',(-0.0,1.0,0.0));
#4910=DIRECTION('',(1.0,0.0,0.0));
#4911=ORIENTED_EDGE('',*,*,#6981,.F.);
#4912=ORIENTED_EDGE('',*,*,#6982,.F.);
#4913=ORIENTED_EDGE('',*,*,#6983,.F.);
#4914=ORIENTED_EDGE('',*,*,#6984,.F.);
#4915=ORIENTED_EDGE('',*,*,#6801,.T.);
#4916=ORIENTED_EDGE('',*,*,#6980,.F.);
#4917=CARTESIAN_POINT('',(-1.425,0.0,0.0));
#4918=DIRECTION('',(1.0,0.0,0.0));
#4919=DIRECTION('',(0.0,1.0,0.0));
#4920=ORIENTED_EDGE('',*,*,#6830,.F.);
#4921=ORIENTED_EDGE('',*,*,#6984,.T.);
#4922=ORIENTED_EDGE('',*,*,#6985,.T.);
#4923=ORIENTED_EDGE('',*,*,#6986,.F.);
#4924=ORIENTED_EDGE('',*,*,#6987,.T.);
#4925=ORIENTED_EDGE('',*,*,#6779,.F.);
#4926=CARTESIAN_POINT('',(-1.425,-0.985,-1.85));
#4927=DIRECTION('',(0.0,-0.258819045102493,0.965925826289076));
#4928=DIRECTION('',(-1.0,0.0,0.0));
#4929=ORIENTED_EDGE('',*,*,#6833,.F.);
#4930=ORIENTED_EDGE('',*,*,#6780,.F.);
#4931=ORIENTED_EDGE('',*,*,#6987,.F.);
#4932=ORIENTED_EDGE('',*,*,#6804,.F.);
#4933=CARTESIAN_POINT('',(-1.175,0.0,0.0));
#4934=DIRECTION('',(1.0,0.0,0.0));
#4935=DIRECTION('',(0.0,1.0,0.0));
#4936=ORIENTED_EDGE('',*,*,#6805,.T.);
#4937=ORIENTED_EDGE('',*,*,#6986,.T.);
#4938=ORIENTED_EDGE('',*,*,#6988,.T.);
#4939=ORIENTED_EDGE('',*,*,#6989,.T.);
#4940=ORIENTED_EDGE('',*,*,#6990,.T.);
#4941=ORIENTED_EDGE('',*,*,#6978,.T.);
#4942=CARTESIAN_POINT('',(-1.175,0.0,0.0));
#4943=DIRECTION('',(1.0,0.0,0.0));
#4944=DIRECTION('',(0.0,1.0,0.0));
#4945=ORIENTED_EDGE('',*,*,#6979,.T.);
#4946=ORIENTED_EDGE('',*,*,#6990,.F.);
#4947=ORIENTED_EDGE('',*,*,#6991,.F.);
#4948=ORIENTED_EDGE('',*,*,#6981,.T.);
#4949=CARTESIAN_POINT('',(-1.425,-1.255,-2.65));
#4950=DIRECTION('',(0.0,0.0,-1.0));
#4951=DIRECTION('',(0.0,-1.0,0.0));
#4952=ORIENTED_EDGE('',*,*,#6991,.T.);
#4953=ORIENTED_EDGE('',*,*,#6989,.F.);
#4954=ORIENTED_EDGE('',*,*,#6992,.F.);
#4955=ORIENTED_EDGE('',*,*,#6982,.T.);
#4956=CARTESIAN_POINT('',(-1.425,-1.255,-1.999078980754));
#4957=DIRECTION('',(0.0,-1.0,0.0));
#4958=DIRECTION('',(0.0,0.0,-1.0));
#4959=ORIENTED_EDGE('',*,*,#6992,.T.);
#4960=ORIENTED_EDGE('',*,*,#6988,.F.);
#4961=ORIENTED_EDGE('',*,*,#6985,.F.);
#4962=ORIENTED_EDGE('',*,*,#6983,.T.);
#4963=CARTESIAN_POINT('',(-1.425,-1.155,-1.999078980754));
#4964=DIRECTION('',(-1.0,0.0,-0.0));
#4965=DIRECTION('',(0.0,0.0,-1.0));
#4966=ORIENTED_EDGE('',*,*,#6867,.T.);
#4967=ORIENTED_EDGE('',*,*,#6993,.F.);
#4968=ORIENTED_EDGE('',*,*,#6994,.F.);
#4969=ORIENTED_EDGE('',*,*,#6995,.T.);
#4970=CARTESIAN_POINT('',(-0.775,-1.105,-2.65));
#4971=DIRECTION('',(-0.0,1.0,0.0));
#4972=DIRECTION('',(1.0,0.0,0.0));
#4973=ORIENTED_EDGE('',*,*,#6996,.F.);
#4974=ORIENTED_EDGE('',*,*,#6997,.F.);
#4975=ORIENTED_EDGE('',*,*,#6998,.F.);
#4976=ORIENTED_EDGE('',*,*,#6999,.F.);
#4977=ORIENTED_EDGE('',*,*,#6807,.T.);
#4978=ORIENTED_EDGE('',*,*,#6995,.F.);
#4979=CARTESIAN_POINT('',(-0.775,0.0,0.0));
#4980=DIRECTION('',(1.0,0.0,0.0));
#4981=DIRECTION('',(0.0,1.0,0.0));
#4982=ORIENTED_EDGE('',*,*,#7000,.F.);
#4983=ORIENTED_EDGE('',*,*,#6999,.T.);
#4984=ORIENTED_EDGE('',*,*,#7001,.T.);
#4985=ORIENTED_EDGE('',*,*,#7002,.F.);
#4986=ORIENTED_EDGE('',*,*,#7003,.T.);
#4987=ORIENTED_EDGE('',*,*,#6783,.F.);
#4988=CARTESIAN_POINT('',(-0.775,-0.985,-1.85));
#4989=DIRECTION('',(0.0,-0.258819045102493,0.965925826289076));
#4990=DIRECTION('',(-1.0,0.0,0.0));
#4991=ORIENTED_EDGE('',*,*,#6835,.F.);
#4992=ORIENTED_EDGE('',*,*,#6784,.F.);
#4993=ORIENTED_EDGE('',*,*,#7003,.F.);
#4994=ORIENTED_EDGE('',*,*,#6810,.F.);
#4995=CARTESIAN_POINT('',(-0.525,0.0,0.0));
#4996=DIRECTION('',(1.0,0.0,0.0));
#4997=DIRECTION('',(0.0,1.0,0.0));
#4998=ORIENTED_EDGE('',*,*,#6811,.T.);
#4999=ORIENTED_EDGE('',*,*,#7002,.T.);
#5000=ORIENTED_EDGE('',*,*,#7004,.T.);
#5001=ORIENTED_EDGE('',*,*,#7005,.T.);
#5002=ORIENTED_EDGE('',*,*,#7006,.T.);
#5003=ORIENTED_EDGE('',*,*,#6993,.T.);
#5004=CARTESIAN_POINT('',(-0.525,0.0,0.0));
#5005=DIRECTION('',(1.0,0.0,0.0));
#5006=DIRECTION('',(0.0,1.0,0.0));
#5007=ORIENTED_EDGE('',*,*,#6994,.T.);
#5008=ORIENTED_EDGE('',*,*,#7006,.F.);
#5009=ORIENTED_EDGE('',*,*,#7007,.F.);
#5010=ORIENTED_EDGE('',*,*,#6996,.T.);
#5011=CARTESIAN_POINT('',(-0.775,-1.255,-2.65));
#5012=DIRECTION('',(0.0,0.0,-1.0));
#5013=DIRECTION('',(0.0,-1.0,0.0));
#5014=ORIENTED_EDGE('',*,*,#7007,.T.);
#5015=ORIENTED_EDGE('',*,*,#7005,.F.);
#5016=ORIENTED_EDGE('',*,*,#7008,.F.);
#5017=ORIENTED_EDGE('',*,*,#6997,.T.);
#5018=CARTESIAN_POINT('',(-0.775,-1.255,-1.999078980754));
#5019=DIRECTION('',(0.0,-1.0,0.0));
#5020=DIRECTION('',(0.0,0.0,-1.0));
#5021=ORIENTED_EDGE('',*,*,#7008,.T.);
#5022=ORIENTED_EDGE('',*,*,#7004,.F.);
#5023=ORIENTED_EDGE('',*,*,#7001,.F.);
#5024=ORIENTED_EDGE('',*,*,#6998,.T.);
#5025=CARTESIAN_POINT('',(-0.775,-1.155,-1.999078980754));
#5026=DIRECTION('',(-1.0,0.0,-0.0));
#5027=DIRECTION('',(0.0,0.0,-1.0));
#5028=ORIENTED_EDGE('',*,*,#7000,.T.);
#5029=ORIENTED_EDGE('',*,*,#6782,.T.);
#5030=ORIENTED_EDGE('',*,*,#6834,.T.);
#5031=ORIENTED_EDGE('',*,*,#6808,.T.);
#5032=CARTESIAN_POINT('',(-0.775,0.0,0.0));
#5033=DIRECTION('',(1.0,0.0,0.0));
#5034=DIRECTION('',(0.0,1.0,0.0));
#5035=ORIENTED_EDGE('',*,*,#6866,.T.);
#5036=ORIENTED_EDGE('',*,*,#7009,.F.);
#5037=ORIENTED_EDGE('',*,*,#7010,.F.);
#5038=ORIENTED_EDGE('',*,*,#7011,.T.);
#5039=CARTESIAN_POINT('',(-0.125,-1.105,-2.65));
#5040=DIRECTION('',(-0.0,1.0,0.0));
#5041=DIRECTION('',(1.0,0.0,0.0));
#5042=ORIENTED_EDGE('',*,*,#7012,.F.);
#5043=ORIENTED_EDGE('',*,*,#7013,.F.);
#5044=ORIENTED_EDGE('',*,*,#7014,.F.);
#5045=ORIENTED_EDGE('',*,*,#7015,.F.);
#5046=ORIENTED_EDGE('',*,*,#6813,.T.);
#5047=ORIENTED_EDGE('',*,*,#7011,.F.);
#5048=CARTESIAN_POINT('',(-0.125,0.0,0.0));
#5049=DIRECTION('',(1.0,0.0,0.0));
#5050=DIRECTION('',(0.0,1.0,0.0));
#5051=ORIENTED_EDGE('',*,*,#7016,.F.);
#5052=ORIENTED_EDGE('',*,*,#7015,.T.);
#5053=ORIENTED_EDGE('',*,*,#7017,.T.);
#5054=ORIENTED_EDGE('',*,*,#7018,.F.);
#5055=ORIENTED_EDGE('',*,*,#7019,.T.);
#5056=ORIENTED_EDGE('',*,*,#6787,.F.);
#5057=CARTESIAN_POINT('',(-0.125,-0.985,-1.85));
#5058=DIRECTION('',(0.0,-0.258819045102493,0.965925826289076));
#5059=DIRECTION('',(-1.0,0.0,0.0));
#5060=ORIENTED_EDGE('',*,*,#6837,.F.);
#5061=ORIENTED_EDGE('',*,*,#6788,.F.);
#5062=ORIENTED_EDGE('',*,*,#7019,.F.);
#5063=ORIENTED_EDGE('',*,*,#6816,.F.);
#5064=CARTESIAN_POINT('',(0.125,0.0,0.0));
#5065=DIRECTION('',(1.0,0.0,0.0));
#5066=DIRECTION('',(0.0,1.0,0.0));
#5067=ORIENTED_EDGE('',*,*,#6817,.T.);
#5068=ORIENTED_EDGE('',*,*,#7018,.T.);
#5069=ORIENTED_EDGE('',*,*,#7020,.T.);
#5070=ORIENTED_EDGE('',*,*,#7021,.T.);
#5071=ORIENTED_EDGE('',*,*,#7022,.T.);
#5072=ORIENTED_EDGE('',*,*,#7009,.T.);
#5073=CARTESIAN_POINT('',(0.125,0.0,0.0));
#5074=DIRECTION('',(1.0,0.0,0.0));
#5075=DIRECTION('',(0.0,1.0,0.0));
#5076=ORIENTED_EDGE('',*,*,#7010,.T.);
#5077=ORIENTED_EDGE('',*,*,#7022,.F.);
#5078=ORIENTED_EDGE('',*,*,#7023,.F.);
#5079=ORIENTED_EDGE('',*,*,#7012,.T.);
#5080=CARTESIAN_POINT('',(-0.125,-1.255,-2.65));
#5081=DIRECTION('',(0.0,0.0,-1.0));
#5082=DIRECTION('',(0.0,-1.0,0.0));
#5083=ORIENTED_EDGE('',*,*,#7023,.T.);
#5084=ORIENTED_EDGE('',*,*,#7021,.F.);
#5085=ORIENTED_EDGE('',*,*,#7024,.F.);
#5086=ORIENTED_EDGE('',*,*,#7013,.T.);
#5087=CARTESIAN_POINT('',(-0.125,-1.255,-1.999078980754));
#5088=DIRECTION('',(0.0,-1.0,0.0));
#5089=DIRECTION('',(0.0,0.0,-1.0));
#5090=ORIENTED_EDGE('',*,*,#7024,.T.);
#5091=ORIENTED_EDGE('',*,*,#7020,.F.);
#5092=ORIENTED_EDGE('',*,*,#7017,.F.);
#5093=ORIENTED_EDGE('',*,*,#7014,.T.);
#5094=CARTESIAN_POINT('',(-0.125,-1.155,-1.999078980754));
#5095=DIRECTION('',(-1.0,0.0,-0.0));
#5096=DIRECTION('',(0.0,0.0,-1.0));
#5097=ORIENTED_EDGE('',*,*,#7016,.T.);
#5098=ORIENTED_EDGE('',*,*,#6786,.T.);
#5099=ORIENTED_EDGE('',*,*,#6836,.T.);
#5100=ORIENTED_EDGE('',*,*,#6814,.T.);
#5101=CARTESIAN_POINT('',(-0.125,0.0,0.0));
#5102=DIRECTION('',(1.0,0.0,0.0));
#5103=DIRECTION('',(0.0,1.0,0.0));
#5104=ORIENTED_EDGE('',*,*,#6865,.T.);
#5105=ORIENTED_EDGE('',*,*,#7025,.F.);
#5106=ORIENTED_EDGE('',*,*,#7026,.F.);
#5107=ORIENTED_EDGE('',*,*,#7027,.T.);
#5108=CARTESIAN_POINT('',(0.525,-1.105,-2.65));
#5109=DIRECTION('',(-0.0,1.0,0.0));
#5110=DIRECTION('',(1.0,0.0,0.0));
#5111=ORIENTED_EDGE('',*,*,#7028,.F.);
#5112=ORIENTED_EDGE('',*,*,#7029,.F.);
#5113=ORIENTED_EDGE('',*,*,#7030,.F.);
#5114=ORIENTED_EDGE('',*,*,#7031,.F.);
#5115=ORIENTED_EDGE('',*,*,#6819,.T.);
#5116=ORIENTED_EDGE('',*,*,#7027,.F.);
#5117=CARTESIAN_POINT('',(0.525,0.0,0.0));
#5118=DIRECTION('',(1.0,0.0,0.0));
#5119=DIRECTION('',(0.0,1.0,0.0));
#5120=ORIENTED_EDGE('',*,*,#7032,.F.);
#5121=ORIENTED_EDGE('',*,*,#7031,.T.);
#5122=ORIENTED_EDGE('',*,*,#7033,.T.);
#5123=ORIENTED_EDGE('',*,*,#7034,.F.);
#5124=ORIENTED_EDGE('',*,*,#7035,.T.);
#5125=ORIENTED_EDGE('',*,*,#6791,.F.);
#5126=CARTESIAN_POINT('',(0.525,-0.985,-1.85));
#5127=DIRECTION('',(0.0,-0.258819045102493,0.965925826289076));
#5128=DIRECTION('',(-1.0,0.0,0.0));
#5129=ORIENTED_EDGE('',*,*,#6839,.F.);
#5130=ORIENTED_EDGE('',*,*,#6792,.F.);
#5131=ORIENTED_EDGE('',*,*,#7035,.F.);
#5132=ORIENTED_EDGE('',*,*,#6822,.F.);
#5133=CARTESIAN_POINT('',(0.775,0.0,0.0));
#5134=DIRECTION('',(1.0,0.0,0.0));
#5135=DIRECTION('',(0.0,1.0,0.0));
#5136=ORIENTED_EDGE('',*,*,#6823,.T.);
#5137=ORIENTED_EDGE('',*,*,#7034,.T.);
#5138=ORIENTED_EDGE('',*,*,#7036,.T.);
#5139=ORIENTED_EDGE('',*,*,#7037,.T.);
#5140=ORIENTED_EDGE('',*,*,#7038,.T.);
#5141=ORIENTED_EDGE('',*,*,#7025,.T.);
#5142=CARTESIAN_POINT('',(0.775,0.0,0.0));
#5143=DIRECTION('',(1.0,0.0,0.0));
#5144=DIRECTION('',(0.0,1.0,0.0));
#5145=ORIENTED_EDGE('',*,*,#7026,.T.);
#5146=ORIENTED_EDGE('',*,*,#7038,.F.);
#5147=ORIENTED_EDGE('',*,*,#7039,.F.);
#5148=ORIENTED_EDGE('',*,*,#7028,.T.);
#5149=CARTESIAN_POINT('',(0.525,-1.255,-2.65));
#5150=DIRECTION('',(0.0,0.0,-1.0));
#5151=DIRECTION('',(0.0,-1.0,0.0));
#5152=ORIENTED_EDGE('',*,*,#7039,.T.);
#5153=ORIENTED_EDGE('',*,*,#7037,.F.);
#5154=ORIENTED_EDGE('',*,*,#7040,.F.);
#5155=ORIENTED_EDGE('',*,*,#7029,.T.);
#5156=CARTESIAN_POINT('',(0.525,-1.255,-1.999078980754));
#5157=DIRECTION('',(0.0,-1.0,0.0));
#5158=DIRECTION('',(0.0,0.0,-1.0));
#5159=ORIENTED_EDGE('',*,*,#7040,.T.);
#5160=ORIENTED_EDGE('',*,*,#7036,.F.);
#5161=ORIENTED_EDGE('',*,*,#7033,.F.);
#5162=ORIENTED_EDGE('',*,*,#7030,.T.);
#5163=CARTESIAN_POINT('',(0.525,-1.155,-1.999078980754));
#5164=DIRECTION('',(-1.0,0.0,-0.0));
#5165=DIRECTION('',(0.0,0.0,-1.0));
#5166=ORIENTED_EDGE('',*,*,#7032,.T.);
#5167=ORIENTED_EDGE('',*,*,#6790,.T.);
#5168=ORIENTED_EDGE('',*,*,#6838,.T.);
#5169=ORIENTED_EDGE('',*,*,#6820,.T.);
#5170=CARTESIAN_POINT('',(0.525,0.0,0.0));
#5171=DIRECTION('',(1.0,0.0,0.0));
#5172=DIRECTION('',(0.0,1.0,0.0));
#5173=ORIENTED_EDGE('',*,*,#6864,.T.);
#5174=ORIENTED_EDGE('',*,*,#7041,.F.);
#5175=ORIENTED_EDGE('',*,*,#7042,.F.);
#5176=ORIENTED_EDGE('',*,*,#7043,.T.);
#5177=CARTESIAN_POINT('',(1.175,-1.105,-2.65));
#5178=DIRECTION('',(-0.0,1.0,0.0));
#5179=DIRECTION('',(1.0,0.0,0.0));
#5180=ORIENTED_EDGE('',*,*,#7044,.F.);
#5181=ORIENTED_EDGE('',*,*,#7045,.F.);
#5182=ORIENTED_EDGE('',*,*,#7046,.F.);
#5183=ORIENTED_EDGE('',*,*,#7047,.F.);
#5184=ORIENTED_EDGE('',*,*,#6825,.T.);
#5185=ORIENTED_EDGE('',*,*,#7043,.F.);
#5186=CARTESIAN_POINT('',(1.175,0.0,0.0));
#5187=DIRECTION('',(1.0,0.0,0.0));
#5188=DIRECTION('',(0.0,1.0,0.0));
#5189=ORIENTED_EDGE('',*,*,#6795,.F.);
#5190=ORIENTED_EDGE('',*,*,#7047,.T.);
#5191=ORIENTED_EDGE('',*,*,#7048,.T.);
#5192=ORIENTED_EDGE('',*,*,#7049,.F.);
#5193=ORIENTED_EDGE('',*,*,#7050,.T.);
#5194=ORIENTED_EDGE('',*,*,#6773,.F.);
#5195=CARTESIAN_POINT('',(1.175,-0.985,-1.85));
#5196=DIRECTION('',(0.0,-0.258819045102493,0.965925826289076));
#5197=DIRECTION('',(-1.0,0.0,0.0));
#5198=ORIENTED_EDGE('',*,*,#6840,.F.);
#5199=ORIENTED_EDGE('',*,*,#6774,.F.);
#5200=ORIENTED_EDGE('',*,*,#7050,.F.);
#5201=ORIENTED_EDGE('',*,*,#6829,.F.);
#5202=CARTESIAN_POINT('',(1.425,0.0,0.0));
#5203=DIRECTION('',(1.0,0.0,0.0));
#5204=DIRECTION('',(0.0,1.0,0.0));
#5205=ORIENTED_EDGE('',*,*,#6826,.T.);
#5206=ORIENTED_EDGE('',*,*,#7049,.T.);
#5207=ORIENTED_EDGE('',*,*,#7051,.T.);
#5208=ORIENTED_EDGE('',*,*,#7052,.T.);
#5209=ORIENTED_EDGE('',*,*,#7053,.T.);
#5210=ORIENTED_EDGE('',*,*,#7041,.T.);
#5211=CARTESIAN_POINT('',(1.425,0.0,0.0));
#5212=DIRECTION('',(1.0,0.0,0.0));
#5213=DIRECTION('',(0.0,1.0,0.0));
#5214=ORIENTED_EDGE('',*,*,#7042,.T.);
#5215=ORIENTED_EDGE('',*,*,#7053,.F.);
#5216=ORIENTED_EDGE('',*,*,#7054,.F.);
#5217=ORIENTED_EDGE('',*,*,#7044,.T.);
#5218=CARTESIAN_POINT('',(1.175,-1.255,-2.65));
#5219=DIRECTION('',(0.0,0.0,-1.0));
#5220=DIRECTION('',(0.0,-1.0,0.0));
#5221=ORIENTED_EDGE('',*,*,#7054,.T.);
#5222=ORIENTED_EDGE('',*,*,#7052,.F.);
#5223=ORIENTED_EDGE('',*,*,#7055,.F.);
#5224=ORIENTED_EDGE('',*,*,#7045,.T.);
#5225=CARTESIAN_POINT('',(1.175,-1.255,-1.999078980754));
#5226=DIRECTION('',(0.0,-1.0,0.0));
#5227=DIRECTION('',(0.0,0.0,-1.0));
#5228=ORIENTED_EDGE('',*,*,#7055,.T.);
#5229=ORIENTED_EDGE('',*,*,#7051,.F.);
#5230=ORIENTED_EDGE('',*,*,#7048,.F.);
#5231=ORIENTED_EDGE('',*,*,#7046,.T.);
#5232=CARTESIAN_POINT('',(1.175,-1.155,-1.999078980754));
#5233=DIRECTION('',(-1.0,0.0,-0.0));
#5234=DIRECTION('',(0.0,0.0,-1.0));
#5235=ORIENTED_EDGE('',*,*,#6588,.T.);
#5236=ORIENTED_EDGE('',*,*,#5989,.F.);
#5237=ORIENTED_EDGE('',*,*,#6155,.F.);
#5238=ORIENTED_EDGE('',*,*,#6594,.F.);
#5239=CARTESIAN_POINT('',(-2.596446609407,-0.675,-2.35));
#5240=DIRECTION('',(0.0,0.0,-1.0));
#5241=DIRECTION('',(1.0,0.0,0.0));
#5242=ORIENTED_EDGE('',*,*,#7056,.T.);
#5243=ORIENTED_EDGE('',*,*,#6590,.T.);
#5244=ORIENTED_EDGE('',*,*,#6586,.T.);
#5245=ORIENTED_EDGE('',*,*,#6141,.F.);
#5246=ORIENTED_EDGE('',*,*,#6770,.F.);
#5247=CARTESIAN_POINT('',(-2.596446609407,-0.675,-2.35));
#5248=DIRECTION('',(0.0,0.0,-1.0));
#5249=DIRECTION('',(1.0,0.0,0.0));
#5250=ORIENTED_EDGE('',*,*,#7057,.T.);
#5251=ORIENTED_EDGE('',*,*,#6591,.T.);
#5252=ORIENTED_EDGE('',*,*,#7056,.F.);
#5253=ORIENTED_EDGE('',*,*,#6769,.F.);
#5254=ORIENTED_EDGE('',*,*,#6602,.F.);
#5255=CARTESIAN_POINT('',(-3.75,-0.875,-1.68));
#5256=DIRECTION('',(-1.0,0.0,-0.0));
#5257=DIRECTION('',(0.0,0.0,-1.0));
#5258=ORIENTED_EDGE('',*,*,#6765,.F.);
#5259=ORIENTED_EDGE('',*,*,#6110,.F.);
#5260=ORIENTED_EDGE('',*,*,#6102,.F.);
#5261=ORIENTED_EDGE('',*,*,#7058,.T.);
#5262=ORIENTED_EDGE('',*,*,#7059,.T.);
#5263=CARTESIAN_POINT('',(-3.75,-0.875,-1.68));
#5264=DIRECTION('',(-1.0,0.0,-0.0));
#5265=DIRECTION('',(0.0,0.0,-1.0));
#5266=ORIENTED_EDGE('',*,*,#7060,.T.);
#5267=ORIENTED_EDGE('',*,*,#6592,.T.);
#5268=ORIENTED_EDGE('',*,*,#7057,.F.);
#5269=ORIENTED_EDGE('',*,*,#6601,.F.);
#5270=CARTESIAN_POINT('',(-3.75,-0.725,-2.2));
#5271=DIRECTION('',(-0.0,1.0,0.0));
#5272=DIRECTION('',(1.0,0.0,0.0));
#5273=ORIENTED_EDGE('',*,*,#7058,.F.);
#5274=ORIENTED_EDGE('',*,*,#6101,.F.);
#5275=ORIENTED_EDGE('',*,*,#7061,.T.);
#5276=ORIENTED_EDGE('',*,*,#7062,.T.);
#5277=CARTESIAN_POINT('',(-3.75,-0.725,-2.2));
#5278=DIRECTION('',(-0.0,1.0,0.0));
#5279=DIRECTION('',(1.0,0.0,0.0));
#5280=ORIENTED_EDGE('',*,*,#6593,.F.);
#5281=ORIENTED_EDGE('',*,*,#7060,.F.);
#5282=ORIENTED_EDGE('',*,*,#6605,.T.);
#5283=ORIENTED_EDGE('',*,*,#6539,.T.);
#5284=CARTESIAN_POINT('',(-3.75,-0.575,-2.2));
#5285=DIRECTION('',(-1.0,0.0,-0.0));
#5286=DIRECTION('',(0.0,0.0,-1.0));
#5287=ORIENTED_EDGE('',*,*,#7063,.F.);
#5288=ORIENTED_EDGE('',*,*,#7061,.F.);
#5289=ORIENTED_EDGE('',*,*,#6106,.T.);
#5290=ORIENTED_EDGE('',*,*,#6551,.T.);
#5291=CARTESIAN_POINT('',(-3.75,-0.575,-2.2));
#5292=DIRECTION('',(-1.0,0.0,-0.0));
#5293=DIRECTION('',(0.0,0.0,-1.0));
#5294=ORIENTED_EDGE('',*,*,#6083,.T.);
#5295=ORIENTED_EDGE('',*,*,#6002,.F.);
#5296=ORIENTED_EDGE('',*,*,#7064,.F.);
#5297=ORIENTED_EDGE('',*,*,#6088,.T.);
#5298=CARTESIAN_POINT('',(2.985355339059,-1.063908729653,-2.35));
#5299=DIRECTION('',(0.707106781186548,-0.707106781186548,0.0));
#5300=DIRECTION('',(0.0,0.0,-1.0));
#5301=ORIENTED_EDGE('',*,*,#6550,.T.);
#5302=ORIENTED_EDGE('',*,*,#6085,.T.);
#5303=ORIENTED_EDGE('',*,*,#7065,.F.);
#5304=ORIENTED_EDGE('',*,*,#7066,.F.);
#5305=ORIENTED_EDGE('',*,*,#6766,.T.);
#5306=ORIENTED_EDGE('',*,*,#7059,.F.);
#5307=ORIENTED_EDGE('',*,*,#7062,.F.);
#5308=ORIENTED_EDGE('',*,*,#7063,.T.);
#5309=CARTESIAN_POINT('',(2.985355339059,-1.063908729653,-2.35));
#5310=DIRECTION('',(0.707106781186548,-0.707106781186548,0.0));
#5311=DIRECTION('',(0.0,0.0,-1.0));
#5312=ORIENTED_EDGE('',*,*,#7064,.T.);
#5313=ORIENTED_EDGE('',*,*,#6001,.F.);
#5314=ORIENTED_EDGE('',*,*,#6656,.F.);
#5315=ORIENTED_EDGE('',*,*,#6089,.T.);
#5316=CARTESIAN_POINT('',(2.596446609407,-0.675,-2.35));
#5317=DIRECTION('',(0.0,0.0,-1.0));
#5318=DIRECTION('',(1.0,0.0,0.0));
#5319=ORIENTED_EDGE('',*,*,#7066,.T.);
#5320=ORIENTED_EDGE('',*,*,#7067,.F.);
#5321=ORIENTED_EDGE('',*,*,#6643,.F.);
#5322=ORIENTED_EDGE('',*,*,#6767,.T.);
#5323=CARTESIAN_POINT('',(2.596446609407,-0.675,-2.35));
#5324=DIRECTION('',(0.0,0.0,-1.0));
#5325=DIRECTION('',(1.0,0.0,0.0));
#5326=ORIENTED_EDGE('',*,*,#6099,.F.);
#5327=ORIENTED_EDGE('',*,*,#6104,.T.);
#5328=ORIENTED_EDGE('',*,*,#6109,.F.);
#5329=ORIENTED_EDGE('',*,*,#6137,.T.);
#5330=ORIENTED_EDGE('',*,*,#7068,.F.);
#5331=ORIENTED_EDGE('',*,*,#6644,.F.);
#5332=ORIENTED_EDGE('',*,*,#7067,.T.);
#5333=ORIENTED_EDGE('',*,*,#7065,.T.);
#5334=ORIENTED_EDGE('',*,*,#6087,.T.);
#5335=ORIENTED_EDGE('',*,*,#6075,.T.);
#5336=CARTESIAN_POINT('',(2.4,-1.225,-0.56));
#5337=DIRECTION('',(0.0,0.0,-1.0));
#5338=DIRECTION('',(0.0,-1.0,0.0));
#5339=ORIENTED_EDGE('',*,*,#7068,.T.);
#5340=ORIENTED_EDGE('',*,*,#6136,.F.);
#5341=ORIENTED_EDGE('',*,*,#7069,.F.);
#5342=ORIENTED_EDGE('',*,*,#6645,.T.);
#5343=CARTESIAN_POINT('',(2.4,-1.225,-0.41));
#5344=DIRECTION('',(0.0,1.0,-0.0));
#5345=DIRECTION('',(1.0,0.0,0.0));
#5346=ORIENTED_EDGE('',*,*,#6127,.F.);
#5347=ORIENTED_EDGE('',*,*,#7070,.F.);
#5348=ORIENTED_EDGE('',*,*,#6654,.T.);
#5349=ORIENTED_EDGE('',*,*,#7071,.F.);
#5350=CARTESIAN_POINT('',(2.25,-1.225,0.81));
#5351=DIRECTION('',(-1.0,0.0,0.0));
#5352=DIRECTION('',(0.0,0.0,1.0));
#5353=ORIENTED_EDGE('',*,*,#6646,.T.);
#5354=ORIENTED_EDGE('',*,*,#7069,.T.);
#5355=ORIENTED_EDGE('',*,*,#6135,.F.);
#5356=ORIENTED_EDGE('',*,*,#7072,.T.);
#5357=CARTESIAN_POINT('',(2.25,-1.225,0.81));
#5358=DIRECTION('',(-1.0,0.0,0.0));
#5359=DIRECTION('',(0.0,0.0,1.0));
#5360=ORIENTED_EDGE('',*,*,#6653,.F.);
#5361=ORIENTED_EDGE('',*,*,#7073,.T.);
#5362=ORIENTED_EDGE('',*,*,#6128,.T.);
#5363=ORIENTED_EDGE('',*,*,#7071,.T.);
#5364=CARTESIAN_POINT('',(2.4,-1.225,0.8));
#5365=DIRECTION('',(0.0,1.0,-0.0));
#5366=DIRECTION('',(1.0,0.0,0.0));
#5367=ORIENTED_EDGE('',*,*,#7074,.T.);
#5368=ORIENTED_EDGE('',*,*,#6129,.T.);
#5369=ORIENTED_EDGE('',*,*,#7073,.F.);
#5370=ORIENTED_EDGE('',*,*,#6652,.F.);
#5371=CARTESIAN_POINT('',(3.7,-1.225,0.65));
#5372=DIRECTION('',(0.0,0.0,1.0));
#5373=DIRECTION('',(1.0,0.0,0.0));
#5374=ORIENTED_EDGE('',*,*,#7075,.T.);
#5375=ORIENTED_EDGE('',*,*,#6130,.T.);
#5376=ORIENTED_EDGE('',*,*,#7074,.F.);
#5377=ORIENTED_EDGE('',*,*,#6651,.F.);
#5378=CARTESIAN_POINT('',(3.7,-1.225,0.45));
#5379=DIRECTION('',(0.0,1.0,-0.0));
#5380=DIRECTION('',(1.0,0.0,0.0));
#5381=ORIENTED_EDGE('',*,*,#7076,.T.);
#5382=ORIENTED_EDGE('',*,*,#6131,.T.);
#5383=ORIENTED_EDGE('',*,*,#7075,.F.);
#5384=ORIENTED_EDGE('',*,*,#6650,.F.);
#5385=CARTESIAN_POINT('',(3.9,-1.225,-0.05));
#5386=DIRECTION('',(1.0,0.0,0.0));
#5387=DIRECTION('',(0.0,1.0,0.0));
#5388=ORIENTED_EDGE('',*,*,#7077,.T.);
#5389=ORIENTED_EDGE('',*,*,#6132,.T.);
#5390=ORIENTED_EDGE('',*,*,#7076,.F.);
#5391=ORIENTED_EDGE('',*,*,#6649,.F.);
#5392=CARTESIAN_POINT('',(3.7,-1.225,-0.05));
#5393=DIRECTION('',(0.0,1.0,-0.0));
#5394=DIRECTION('',(1.0,0.0,0.0));
#5395=ORIENTED_EDGE('',*,*,#7078,.T.);
#5396=ORIENTED_EDGE('',*,*,#6133,.T.);
#5397=ORIENTED_EDGE('',*,*,#7077,.F.);
#5398=ORIENTED_EDGE('',*,*,#6648,.F.);
#5399=CARTESIAN_POINT('',(2.4,-1.225,-0.25));
#5400=DIRECTION('',(0.0,0.0,-1.0));
#5401=DIRECTION('',(0.0,-1.0,0.0));
#5402=ORIENTED_EDGE('',*,*,#6134,.T.);
#5403=ORIENTED_EDGE('',*,*,#7078,.F.);
#5404=ORIENTED_EDGE('',*,*,#6647,.F.);
#5405=ORIENTED_EDGE('',*,*,#7072,.F.);
#5406=CARTESIAN_POINT('',(2.4,-1.225,-0.4));
#5407=DIRECTION('',(0.0,1.0,-0.0));
#5408=DIRECTION('',(1.0,0.0,0.0));
#5409=ORIENTED_EDGE('',*,*,#7070,.T.);
#5410=ORIENTED_EDGE('',*,*,#6126,.F.);
#5411=ORIENTED_EDGE('',*,*,#6091,.F.);
#5412=ORIENTED_EDGE('',*,*,#6655,.T.);
#5413=CARTESIAN_POINT('',(2.4,-1.225,0.81));
#5414=DIRECTION('',(0.0,1.0,-0.0));
#5415=DIRECTION('',(1.0,0.0,0.0));
#5416=ORIENTED_EDGE('',*,*,#7079,.F.);
#5417=ORIENTED_EDGE('',*,*,#6624,.F.);
#5418=ORIENTED_EDGE('',*,*,#6768,.T.);
#5419=ORIENTED_EDGE('',*,*,#6763,.F.);
#5420=CARTESIAN_POINT('',(-1.79,-1.225,-1.21));
#5421=DIRECTION('',(-1.0,0.0,0.0));
#5422=DIRECTION('',(0.0,0.0,1.0));
#5423=ORIENTED_EDGE('',*,*,#6168,.F.);
#5424=ORIENTED_EDGE('',*,*,#6757,.F.);
#5425=ORIENTED_EDGE('',*,*,#6625,.T.);
#5426=ORIENTED_EDGE('',*,*,#7079,.T.);
#5427=ORIENTED_EDGE('',*,*,#6762,.F.);
#5428=ORIENTED_EDGE('',*,*,#6217,.F.);
#5429=CARTESIAN_POINT('',(-1.71,-1.225,-1.21));
#5430=DIRECTION('',(0.0,1.0,-0.0));
#5431=DIRECTION('',(1.0,0.0,0.0));
#5432=ORIENTED_EDGE('',*,*,#7080,.T.);
#5433=ORIENTED_EDGE('',*,*,#6143,.F.);
#5434=ORIENTED_EDGE('',*,*,#6585,.F.);
#5435=ORIENTED_EDGE('',*,*,#6622,.T.);
#5436=CARTESIAN_POINT('',(-2.4,-1.225,-0.41));
#5437=DIRECTION('',(0.0,1.0,-0.0));
#5438=DIRECTION('',(1.0,0.0,0.0));
#5439=ORIENTED_EDGE('',*,*,#6144,.F.);
#5440=ORIENTED_EDGE('',*,*,#7080,.F.);
#5441=ORIENTED_EDGE('',*,*,#6621,.T.);
#5442=ORIENTED_EDGE('',*,*,#7081,.F.);
#5443=CARTESIAN_POINT('',(-2.25,-1.225,-0.41));
#5444=DIRECTION('',(1.0,0.0,0.0));
#5445=DIRECTION('',(0.0,1.0,0.0));
#5446=ORIENTED_EDGE('',*,*,#6613,.T.);
#5447=ORIENTED_EDGE('',*,*,#7082,.T.);
#5448=ORIENTED_EDGE('',*,*,#6152,.F.);
#5449=ORIENTED_EDGE('',*,*,#7083,.T.);
#5450=CARTESIAN_POINT('',(-2.25,-1.225,-0.41));
#5451=DIRECTION('',(1.0,0.0,0.0));
#5452=DIRECTION('',(0.0,1.0,0.0));
#5453=ORIENTED_EDGE('',*,*,#6620,.F.);
#5454=ORIENTED_EDGE('',*,*,#7084,.T.);
#5455=ORIENTED_EDGE('',*,*,#6145,.T.);
#5456=ORIENTED_EDGE('',*,*,#7081,.T.);
#5457=CARTESIAN_POINT('',(-2.4,-1.225,-0.4));
#5458=DIRECTION('',(0.0,1.0,-0.0));
#5459=DIRECTION('',(1.0,0.0,0.0));
#5460=ORIENTED_EDGE('',*,*,#7085,.T.);
#5461=ORIENTED_EDGE('',*,*,#6146,.T.);
#5462=ORIENTED_EDGE('',*,*,#7084,.F.);
#5463=ORIENTED_EDGE('',*,*,#6619,.F.);
#5464=CARTESIAN_POINT('',(-3.7,-1.225,-0.25));
#5465=DIRECTION('',(0.0,0.0,-1.0));
#5466=DIRECTION('',(0.0,-1.0,0.0));
#5467=ORIENTED_EDGE('',*,*,#7086,.T.);
#5468=ORIENTED_EDGE('',*,*,#6147,.T.);
#5469=ORIENTED_EDGE('',*,*,#7085,.F.);
#5470=ORIENTED_EDGE('',*,*,#6618,.F.);
#5471=CARTESIAN_POINT('',(-3.7,-1.225,-0.05));
#5472=DIRECTION('',(0.0,1.0,-0.0));
#5473=DIRECTION('',(1.0,0.0,0.0));
#5474=ORIENTED_EDGE('',*,*,#7087,.T.);
#5475=ORIENTED_EDGE('',*,*,#6148,.T.);
#5476=ORIENTED_EDGE('',*,*,#7086,.F.);
#5477=ORIENTED_EDGE('',*,*,#6617,.F.);
#5478=CARTESIAN_POINT('',(-3.9,-1.225,0.45));
#5479=DIRECTION('',(-1.0,0.0,0.0));
#5480=DIRECTION('',(0.0,0.0,1.0));
#5481=ORIENTED_EDGE('',*,*,#7088,.T.);
#5482=ORIENTED_EDGE('',*,*,#6149,.T.);
#5483=ORIENTED_EDGE('',*,*,#7087,.F.);
#5484=ORIENTED_EDGE('',*,*,#6616,.F.);
#5485=CARTESIAN_POINT('',(-3.7,-1.225,0.45));
#5486=DIRECTION('',(0.0,1.0,-0.0));
#5487=DIRECTION('',(1.0,0.0,0.0));
#5488=ORIENTED_EDGE('',*,*,#7089,.T.);
#5489=ORIENTED_EDGE('',*,*,#6150,.T.);
#5490=ORIENTED_EDGE('',*,*,#7088,.F.);
#5491=ORIENTED_EDGE('',*,*,#6615,.F.);
#5492=CARTESIAN_POINT('',(-2.4,-1.225,0.65));
#5493=DIRECTION('',(0.0,0.0,1.0));
#5494=DIRECTION('',(1.0,0.0,0.0));
#5495=ORIENTED_EDGE('',*,*,#6151,.T.);
#5496=ORIENTED_EDGE('',*,*,#7089,.F.);
#5497=ORIENTED_EDGE('',*,*,#6614,.F.);
#5498=ORIENTED_EDGE('',*,*,#7083,.F.);
#5499=CARTESIAN_POINT('',(-2.4,-1.225,0.8));
#5500=DIRECTION('',(0.0,1.0,-0.0));
#5501=DIRECTION('',(1.0,0.0,0.0));
#5502=ORIENTED_EDGE('',*,*,#6595,.T.);
#5503=ORIENTED_EDGE('',*,*,#6153,.F.);
#5504=ORIENTED_EDGE('',*,*,#7082,.F.);
#5505=ORIENTED_EDGE('',*,*,#6612,.T.);
#5506=CARTESIAN_POINT('',(-2.4,-1.225,0.81));
#5507=DIRECTION('',(0.0,1.0,-0.0));
#5508=DIRECTION('',(1.0,0.0,0.0));
#5509=ORIENTED_EDGE('',*,*,#6051,.F.);
#5510=ORIENTED_EDGE('',*,*,#6536,.T.);
#5511=ORIENTED_EDGE('',*,*,#6344,.T.);
#5512=ORIENTED_EDGE('',*,*,#6007,.F.);
#5513=CARTESIAN_POINT('',(-3.2,0.675,-2.35));
#5514=DIRECTION('',(0.0,0.0,-1.0));
#5515=DIRECTION('',(1.0,0.0,0.0));
#5516=ORIENTED_EDGE('',*,*,#6553,.F.);
#5517=ORIENTED_EDGE('',*,*,#6530,.F.);
#5518=ORIENTED_EDGE('',*,*,#7090,.T.);
#5519=ORIENTED_EDGE('',*,*,#7091,.F.);
#5520=CARTESIAN_POINT('',(1.992212732749,0.6986184754694,-2.05));
#5521=DIRECTION('',(0.573576436351011,-0.819152044289016,0.0));
#5522=DIRECTION('',(0.0,0.0,-1.0));
#5523=ORIENTED_EDGE('',*,*,#6519,.T.);
#5524=ORIENTED_EDGE('',*,*,#7092,.F.);
#5525=ORIENTED_EDGE('',*,*,#6547,.F.);
#5526=ORIENTED_EDGE('',*,*,#7091,.T.);
#5527=ORIENTED_EDGE('',*,*,#7093,.T.);
#5528=ORIENTED_EDGE('',*,*,#6526,.T.);
#5529=CARTESIAN_POINT('',(1.565495361482,0.785,-2.35));
#5530=DIRECTION('',(-0.573576436351011,0.819152044289016,0.0));
#5531=DIRECTION('',(0.0,0.0,1.0));
#5532=ORIENTED_EDGE('',*,*,#7093,.F.);
#5533=ORIENTED_EDGE('',*,*,#7090,.F.);
#5534=ORIENTED_EDGE('',*,*,#6529,.T.);
#5535=ORIENTED_EDGE('',*,*,#6527,.F.);
#5536=CARTESIAN_POINT('',(1.737568292387,0.5392543867133,-2.35));
#5537=DIRECTION('',(-0.819152044289016,-0.573576436351011,0.0));
#5538=DIRECTION('',(-0.573576436351011,0.819152044289016,0.0));
#5539=ORIENTED_EDGE('',*,*,#7092,.T.);
#5540=ORIENTED_EDGE('',*,*,#6518,.T.);
#5541=ORIENTED_EDGE('',*,*,#6408,.F.);
#5542=ORIENTED_EDGE('',*,*,#6548,.F.);
#5543=CARTESIAN_POINT('',(2.256940242224,1.025,-2.35));
#5544=DIRECTION('',(0.0,0.0,1.0));
#5545=DIRECTION('',(-1.0,0.0,0.0));
#5546=ORIENTED_EDGE('',*,*,#6340,.F.);
#5547=ORIENTED_EDGE('',*,*,#6552,.T.);
#5548=ORIENTED_EDGE('',*,*,#6070,.T.);
#5549=ORIENTED_EDGE('',*,*,#6015,.F.);
#5550=CARTESIAN_POINT('',(3.2,0.675,-2.35));
#5551=DIRECTION('',(0.0,0.0,-1.0));
#5552=DIRECTION('',(1.0,0.0,0.0));
#5553=ORIENTED_EDGE('',*,*,#6079,.F.);
#5554=ORIENTED_EDGE('',*,*,#6549,.T.);
#5555=ORIENTED_EDGE('',*,*,#6406,.T.);
#5556=ORIENTED_EDGE('',*,*,#6013,.F.);
#5557=CARTESIAN_POINT('',(3.2,0.675,-2.35));
#5558=DIRECTION('',(0.0,0.0,-1.0));
#5559=DIRECTION('',(1.0,0.0,0.0));
#5560=ORIENTED_EDGE('',*,*,#6336,.T.);
#5561=ORIENTED_EDGE('',*,*,#7094,.F.);
#5562=ORIENTED_EDGE('',*,*,#6410,.F.);
#5563=ORIENTED_EDGE('',*,*,#6517,.F.);
#5564=CARTESIAN_POINT('',(2.37,1.225,-1.35));
#5565=DIRECTION('',(1.0,0.0,0.0));
#5566=DIRECTION('',(0.0,1.0,0.0));
#5567=ORIENTED_EDGE('',*,*,#7094,.T.);
#5568=ORIENTED_EDGE('',*,*,#6335,.F.);
#5569=ORIENTED_EDGE('',*,*,#6484,.F.);
#5570=ORIENTED_EDGE('',*,*,#6411,.T.);
#5571=CARTESIAN_POINT('',(1.21,1.225,-1.35));
#5572=DIRECTION('',(0.0,0.0,1.0));
#5573=DIRECTION('',(1.0,0.0,0.0));
#5574=ORIENTED_EDGE('',*,*,#7095,.F.);
#5575=ORIENTED_EDGE('',*,*,#7096,.T.);
#5576=ORIENTED_EDGE('',*,*,#7097,.T.);
#5577=ORIENTED_EDGE('',*,*,#6405,.T.);
#5578=ORIENTED_EDGE('',*,*,#7098,.F.);
#5579=ORIENTED_EDGE('',*,*,#7099,.T.);
#5580=CARTESIAN_POINT('',(3.2,1.47,2.545511428091));
#5581=DIRECTION('',(0.0,0.623744157346272,-0.781628573029665));
#5582=DIRECTION('',(-1.0,0.0,0.0));
#5583=ORIENTED_EDGE('',*,*,#7100,.F.);
#5584=ORIENTED_EDGE('',*,*,#7101,.F.);
#5585=ORIENTED_EDGE('',*,*,#7102,.T.);
#5586=ORIENTED_EDGE('',*,*,#7099,.F.);
#5587=CARTESIAN_POINT('',(-3.0,-4.309637701348,9.467468));
#5588=DIRECTION('',(0.0,-0.623744157346272,0.781628573029665));
#5589=DIRECTION('',(-1.0,0.0,0.0));
#5590=ORIENTED_EDGE('',*,*,#7103,.F.);
#5591=ORIENTED_EDGE('',*,*,#7104,.F.);
#5592=ORIENTED_EDGE('',*,*,#7095,.T.);
#5593=ORIENTED_EDGE('',*,*,#7102,.F.);
#5594=CARTESIAN_POINT('',(3.2,1.282876752796,2.78));
#5595=DIRECTION('',(0.0,0.781628573029665,0.623744157346272));
#5596=DIRECTION('',(1.0,0.0,-0.0));
#5597=ORIENTED_EDGE('',*,*,#7105,.F.);
#5598=ORIENTED_EDGE('',*,*,#7096,.F.);
#5599=ORIENTED_EDGE('',*,*,#7104,.T.);
#5600=ORIENTED_EDGE('',*,*,#7106,.F.);
#5601=CARTESIAN_POINT('',(3.0,5.302584,-2.577834619));
#5602=DIRECTION('',(0.0,0.623744157346272,-0.781628573029665));
#5603=DIRECTION('',(1.0,0.0,0.0));
#5604=ORIENTED_EDGE('',*,*,#7107,.F.);
#5605=ORIENTED_EDGE('',*,*,#7108,.F.);
#5606=ORIENTED_EDGE('',*,*,#7109,.T.);
#5607=ORIENTED_EDGE('',*,*,#7106,.T.);
#5608=ORIENTED_EDGE('',*,*,#7103,.T.);
#5609=ORIENTED_EDGE('',*,*,#7101,.T.);
#5610=CARTESIAN_POINT('',(3.2,1.03411419437,2.581486028353));
#5611=DIRECTION('',(0.0,-0.623744157346272,0.781628573029665));
#5612=DIRECTION('',(-1.0,0.0,0.0));
#5613=ORIENTED_EDGE('',*,*,#7109,.F.);
#5614=ORIENTED_EDGE('',*,*,#7110,.F.);
#5615=ORIENTED_EDGE('',*,*,#6341,.F.);
#5616=ORIENTED_EDGE('',*,*,#6014,.F.);
#5617=ORIENTED_EDGE('',*,*,#7097,.F.);
#5618=ORIENTED_EDGE('',*,*,#7105,.T.);
#5619=CARTESIAN_POINT('',(3.2,0.0,0.0));
#5620=DIRECTION('',(-1.0,0.0,0.0));
#5621=DIRECTION('',(0.0,0.0,1.0));
#5622=ORIENTED_EDGE('',*,*,#7108,.T.);
#5623=ORIENTED_EDGE('',*,*,#7111,.F.);
#5624=ORIENTED_EDGE('',*,*,#6342,.F.);
#5625=ORIENTED_EDGE('',*,*,#7110,.T.);
#5626=CARTESIAN_POINT('',(3.2,1.215,2.354813742174));
#5627=DIRECTION('',(1.0,-0.0,0.0));
#5628=DIRECTION('',(0.0,0.0,1.0));
#5629=ORIENTED_EDGE('',*,*,#7098,.T.);
#5630=ORIENTED_EDGE('',*,*,#6008,.T.);
#5631=ORIENTED_EDGE('',*,*,#6343,.T.);
#5632=ORIENTED_EDGE('',*,*,#7111,.T.);
#5633=ORIENTED_EDGE('',*,*,#7107,.T.);
#5634=ORIENTED_EDGE('',*,*,#7100,.T.);
#5635=CARTESIAN_POINT('',(-3.2,0.0,0.0));
#5636=DIRECTION('',(-1.0,0.0,0.0));
#5637=DIRECTION('',(0.0,0.0,1.0));
#5638=ORIENTED_EDGE('',*,*,#7112,.F.);
#5639=ORIENTED_EDGE('',*,*,#6228,.T.);
#5640=ORIENTED_EDGE('',*,*,#6315,.T.);
#5641=ORIENTED_EDGE('',*,*,#7113,.F.);
#5642=CARTESIAN_POINT('',(1.55,0.445,-1.15));
#5643=DIRECTION('',(0.0,0.0,-1.0));
#5644=DIRECTION('',(1.0,0.0,0.0));
#5645=ORIENTED_EDGE('',*,*,#6313,.F.);
#5646=ORIENTED_EDGE('',*,*,#7114,.T.);
#5647=ORIENTED_EDGE('',*,*,#7113,.T.);
#5648=CARTESIAN_POINT('',(1.55,0.445,1.35));
#5649=DIRECTION('',(0.707104942283506,-0.707108620084806,0.0));
#5650=DIRECTION('',(0.707108620084806,0.707104942283506,0.0));
#5651=ORIENTED_EDGE('',*,*,#7115,.T.);
#5652=ORIENTED_EDGE('',*,*,#7116,.T.);
#5653=ORIENTED_EDGE('',*,*,#7114,.F.);
#5654=ORIENTED_EDGE('',*,*,#6248,.F.);
#5655=CARTESIAN_POINT('',(1.55,0.2294853684516,1.35));
#5656=DIRECTION('',(0.0,-1.0,0.0));
#5657=DIRECTION('',(0.0,0.0,1.0));
#5658=ORIENTED_EDGE('',*,*,#7117,.F.);
#5659=ORIENTED_EDGE('',*,*,#6229,.T.);
#5660=ORIENTED_EDGE('',*,*,#7112,.T.);
#5661=ORIENTED_EDGE('',*,*,#7116,.F.);
#5662=CARTESIAN_POINT('',(1.75,0.245,-1.15));
#5663=DIRECTION('',(1.0,0.0,0.0));
#5664=DIRECTION('',(0.0,1.0,0.0));
#5665=ORIENTED_EDGE('',*,*,#6302,.F.);
#5666=ORIENTED_EDGE('',*,*,#6230,.T.);
#5667=ORIENTED_EDGE('',*,*,#7117,.T.);
#5668=ORIENTED_EDGE('',*,*,#7118,.F.);
#5669=CARTESIAN_POINT('',(1.55,0.245,-1.15));
#5670=DIRECTION('',(0.0,0.0,-1.0));
#5671=DIRECTION('',(1.0,0.0,0.0));
#5672=ORIENTED_EDGE('',*,*,#7115,.F.);
#5673=ORIENTED_EDGE('',*,*,#6283,.T.);
#5674=ORIENTED_EDGE('',*,*,#7118,.T.);
#5675=CARTESIAN_POINT('',(1.55,0.245,1.35));
#5676=DIRECTION('',(-0.707108620084806,-0.707104942283506,0.0));
#5677=DIRECTION('',(0.707104942283506,-0.707108620084806,0.0));
#5678=ORIENTED_EDGE('',*,*,#7119,.T.);
#5679=ORIENTED_EDGE('',*,*,#6256,.F.);
#5680=ORIENTED_EDGE('',*,*,#6273,.T.);
#5681=ORIENTED_EDGE('',*,*,#6296,.F.);
#5682=ORIENTED_EDGE('',*,*,#6199,.T.);
#5683=ORIENTED_EDGE('',*,*,#7120,.T.);
#5684=ORIENTED_EDGE('',*,*,#7121,.F.);
#5685=CARTESIAN_POINT('',(-0.835,0.0,0.0));
#5686=DIRECTION('',(1.0,0.0,0.0));
#5687=DIRECTION('',(0.0,1.0,0.0));
#5688=ORIENTED_EDGE('',*,*,#7122,.T.);
#5689=ORIENTED_EDGE('',*,*,#7123,.F.);
#5690=ORIENTED_EDGE('',*,*,#7124,.F.);
#5691=ORIENTED_EDGE('',*,*,#7121,.T.);
#5692=CARTESIAN_POINT('',(-0.835,0.265,1.05));
#5693=DIRECTION('',(-1.0,0.0,-0.0));
#5694=DIRECTION('',(0.0,0.0,-1.0));
#5695=ORIENTED_EDGE('',*,*,#7125,.T.);
#5696=ORIENTED_EDGE('',*,*,#6257,.F.);
#5697=ORIENTED_EDGE('',*,*,#7119,.F.);
#5698=ORIENTED_EDGE('',*,*,#7124,.T.);
#5699=CARTESIAN_POINT('',(-0.835,0.265,-1.15));
#5700=DIRECTION('',(-0.0,1.0,0.0));
#5701=DIRECTION('',(1.0,0.0,0.0));
#5702=ORIENTED_EDGE('',*,*,#7126,.F.);
#5703=ORIENTED_EDGE('',*,*,#6197,.F.);
#5704=ORIENTED_EDGE('',*,*,#6297,.T.);
#5705=ORIENTED_EDGE('',*,*,#6274,.F.);
#5706=ORIENTED_EDGE('',*,*,#6258,.T.);
#5707=ORIENTED_EDGE('',*,*,#7125,.F.);
#5708=ORIENTED_EDGE('',*,*,#7123,.T.);
#5709=CARTESIAN_POINT('',(-0.465,0.0,0.0));
#5710=DIRECTION('',(1.0,0.0,0.0));
#5711=DIRECTION('',(0.0,1.0,0.0));
#5712=ORIENTED_EDGE('',*,*,#7126,.T.);
#5713=ORIENTED_EDGE('',*,*,#7122,.F.);
#5714=ORIENTED_EDGE('',*,*,#7120,.F.);
#5715=ORIENTED_EDGE('',*,*,#6198,.T.);
#5716=CARTESIAN_POINT('',(-0.835,0.165,1.05));
#5717=DIRECTION('',(0.0,-1.0,0.0));
#5718=DIRECTION('',(0.0,0.0,-1.0));
#5719=ORIENTED_EDGE('',*,*,#7127,.T.);
#5720=ORIENTED_EDGE('',*,*,#6260,.F.);
#5721=ORIENTED_EDGE('',*,*,#6276,.T.);
#5722=ORIENTED_EDGE('',*,*,#6298,.F.);
#5723=ORIENTED_EDGE('',*,*,#6195,.T.);
#5724=ORIENTED_EDGE('',*,*,#7128,.T.);
#5725=ORIENTED_EDGE('',*,*,#7129,.F.);
#5726=CARTESIAN_POINT('',(-0.185,0.0,0.0));
#5727=DIRECTION('',(1.0,0.0,0.0));
#5728=DIRECTION('',(0.0,1.0,0.0));
#5729=ORIENTED_EDGE('',*,*,#7130,.T.);
#5730=ORIENTED_EDGE('',*,*,#7131,.F.);
#5731=ORIENTED_EDGE('',*,*,#7132,.F.);
#5732=ORIENTED_EDGE('',*,*,#7129,.T.);
#5733=CARTESIAN_POINT('',(-0.185,0.265,1.05));
#5734=DIRECTION('',(-1.0,0.0,-0.0));
#5735=DIRECTION('',(0.0,0.0,-1.0));
#5736=ORIENTED_EDGE('',*,*,#7133,.T.);
#5737=ORIENTED_EDGE('',*,*,#6261,.F.);
#5738=ORIENTED_EDGE('',*,*,#7127,.F.);
#5739=ORIENTED_EDGE('',*,*,#7132,.T.);
#5740=CARTESIAN_POINT('',(-0.185,0.265,-1.15));
#5741=DIRECTION('',(-0.0,1.0,0.0));
#5742=DIRECTION('',(1.0,0.0,0.0));
#5743=ORIENTED_EDGE('',*,*,#7134,.F.);
#5744=ORIENTED_EDGE('',*,*,#6193,.F.);
#5745=ORIENTED_EDGE('',*,*,#6299,.T.);
#5746=ORIENTED_EDGE('',*,*,#6277,.F.);
#5747=ORIENTED_EDGE('',*,*,#6262,.T.);
#5748=ORIENTED_EDGE('',*,*,#7133,.F.);
#5749=ORIENTED_EDGE('',*,*,#7131,.T.);
#5750=CARTESIAN_POINT('',(0.185,0.0,0.0));
#5751=DIRECTION('',(1.0,0.0,0.0));
#5752=DIRECTION('',(0.0,1.0,0.0));
#5753=ORIENTED_EDGE('',*,*,#7134,.T.);
#5754=ORIENTED_EDGE('',*,*,#7130,.F.);
#5755=ORIENTED_EDGE('',*,*,#7128,.F.);
#5756=ORIENTED_EDGE('',*,*,#6194,.T.);
#5757=CARTESIAN_POINT('',(-0.185,0.165,1.05));
#5758=DIRECTION('',(0.0,-1.0,0.0));
#5759=DIRECTION('',(0.0,0.0,-1.0));
#5760=ORIENTED_EDGE('',*,*,#7135,.T.);
#5761=ORIENTED_EDGE('',*,*,#6264,.F.);
#5762=ORIENTED_EDGE('',*,*,#6279,.T.);
#5763=ORIENTED_EDGE('',*,*,#6300,.F.);
#5764=ORIENTED_EDGE('',*,*,#6191,.T.);
#5765=ORIENTED_EDGE('',*,*,#7136,.T.);
#5766=ORIENTED_EDGE('',*,*,#7137,.F.);
#5767=CARTESIAN_POINT('',(0.465,0.0,0.0));
#5768=DIRECTION('',(1.0,0.0,0.0));
#5769=DIRECTION('',(0.0,1.0,0.0));
#5770=ORIENTED_EDGE('',*,*,#7138,.T.);
#5771=ORIENTED_EDGE('',*,*,#7139,.F.);
#5772=ORIENTED_EDGE('',*,*,#7140,.F.);
#5773=ORIENTED_EDGE('',*,*,#7137,.T.);
#5774=CARTESIAN_POINT('',(0.465,0.265,1.05));
#5775=DIRECTION('',(-1.0,0.0,-0.0));
#5776=DIRECTION('',(0.0,0.0,-1.0));
#5777=ORIENTED_EDGE('',*,*,#7141,.T.);
#5778=ORIENTED_EDGE('',*,*,#6265,.F.);
#5779=ORIENTED_EDGE('',*,*,#7135,.F.);
#5780=ORIENTED_EDGE('',*,*,#7140,.T.);
#5781=CARTESIAN_POINT('',(0.465,0.265,-1.15));
#5782=DIRECTION('',(-0.0,1.0,0.0));
#5783=DIRECTION('',(1.0,0.0,0.0));
#5784=ORIENTED_EDGE('',*,*,#7142,.F.);
#5785=ORIENTED_EDGE('',*,*,#6189,.F.);
#5786=ORIENTED_EDGE('',*,*,#6301,.T.);
#5787=ORIENTED_EDGE('',*,*,#6280,.F.);
#5788=ORIENTED_EDGE('',*,*,#6266,.T.);
#5789=ORIENTED_EDGE('',*,*,#7141,.F.);
#5790=ORIENTED_EDGE('',*,*,#7139,.T.);
#5791=CARTESIAN_POINT('',(0.835,0.0,0.0));
#5792=DIRECTION('',(1.0,0.0,0.0));
#5793=DIRECTION('',(0.0,1.0,0.0));
#5794=ORIENTED_EDGE('',*,*,#7142,.T.);
#5795=ORIENTED_EDGE('',*,*,#7138,.F.);
#5796=ORIENTED_EDGE('',*,*,#7136,.F.);
#5797=ORIENTED_EDGE('',*,*,#6190,.T.);
#5798=CARTESIAN_POINT('',(0.465,0.165,1.05));
#5799=DIRECTION('',(0.0,-1.0,0.0));
#5800=DIRECTION('',(0.0,0.0,-1.0));
#5801=ORIENTED_EDGE('',*,*,#6234,.F.);
#5802=ORIENTED_EDGE('',*,*,#6232,.F.);
#5803=ORIENTED_EDGE('',*,*,#6303,.T.);
#5804=ORIENTED_EDGE('',*,*,#6284,.F.);
#5805=ORIENTED_EDGE('',*,*,#6246,.T.);
#5806=ORIENTED_EDGE('',*,*,#6244,.F.);
#5807=ORIENTED_EDGE('',*,*,#6242,.T.);
#5808=CARTESIAN_POINT('',(1.485,0.0,0.0));
#5809=DIRECTION('',(1.0,0.0,0.0));
#5810=DIRECTION('',(0.0,1.0,0.0));
#5811=ORIENTED_EDGE('',*,*,#6293,.T.);
#5812=ORIENTED_EDGE('',*,*,#6289,.F.);
#5813=ORIENTED_EDGE('',*,*,#6287,.F.);
#5814=ORIENTED_EDGE('',*,*,#6202,.T.);
#5815=CARTESIAN_POINT('',(-1.485,0.165,1.05));
#5816=DIRECTION('',(0.0,-1.0,0.0));
#5817=DIRECTION('',(0.0,0.0,-1.0));
#5818=ORIENTED_EDGE('',*,*,#7143,.F.);
#5819=ORIENTED_EDGE('',*,*,#7144,.T.);
#5820=ORIENTED_EDGE('',*,*,#6026,.F.);
#5821=ORIENTED_EDGE('',*,*,#6080,.F.);
#5822=ORIENTED_EDGE('',*,*,#6043,.T.);
#5823=ORIENTED_EDGE('',*,*,#7145,.T.);
#5824=CARTESIAN_POINT('',(3.75,0.025,2.35));
#5825=DIRECTION('',(0.638509636539807,0.0,-0.769613827868109));
#5826=DIRECTION('',(0.0,-1.0,0.0));
#5827=ORIENTED_EDGE('',*,*,#6047,.F.);
#5828=ORIENTED_EDGE('',*,*,#7146,.F.);
#5829=ORIENTED_EDGE('',*,*,#7147,.T.);
#5830=ORIENTED_EDGE('',*,*,#7145,.F.);
#5831=CARTESIAN_POINT('',(-2.009677173804,0.425,9.467468));
#5832=DIRECTION('',(-0.638509636539807,0.0,0.769613827868109));
#5833=DIRECTION('',(0.0,1.0,0.0));
#5834=ORIENTED_EDGE('',*,*,#7148,.F.);
#5835=ORIENTED_EDGE('',*,*,#7149,.F.);
#5836=ORIENTED_EDGE('',*,*,#7143,.T.);
#5837=ORIENTED_EDGE('',*,*,#7147,.F.);
#5838=CARTESIAN_POINT('',(3.99,0.025,2.54911585164));
#5839=DIRECTION('',(0.769613827868109,0.0,0.638509636539807));
#5840=DIRECTION('',(0.0,-1.0,0.0));
#5841=ORIENTED_EDGE('',*,*,#6027,.F.);
#5842=ORIENTED_EDGE('',*,*,#7144,.F.);
#5843=ORIENTED_EDGE('',*,*,#7149,.T.);
#5844=ORIENTED_EDGE('',*,*,#7150,.F.);
#5845=CARTESIAN_POINT('',(13.34293153943,0.225,-9.037468));
#5846=DIRECTION('',(0.638509636539807,0.0,-0.769613827868109));
#5847=DIRECTION('',(0.0,-1.0,0.0));
#5848=ORIENTED_EDGE('',*,*,#6046,.T.);
#5849=ORIENTED_EDGE('',*,*,#7151,.F.);
#5850=ORIENTED_EDGE('',*,*,#6023,.F.);
#5851=ORIENTED_EDGE('',*,*,#7150,.T.);
#5852=ORIENTED_EDGE('',*,*,#7148,.T.);
#5853=ORIENTED_EDGE('',*,*,#7146,.T.);
#5854=CARTESIAN_POINT('',(3.798447109038,0.025,2.78));
#5855=DIRECTION('',(-0.638509636539807,0.0,0.769613827868109));
#5856=DIRECTION('',(0.0,1.0,0.0));
#5857=ORIENTED_EDGE('',*,*,#7151,.T.);
#5858=ORIENTED_EDGE('',*,*,#6045,.T.);
#5859=ORIENTED_EDGE('',*,*,#6069,.F.);
#5860=ORIENTED_EDGE('',*,*,#6024,.F.);
#5861=CARTESIAN_POINT('',(3.74,0.025,2.354697035713));
#5862=DIRECTION('',(0.0,1.0,-0.0));
#5863=DIRECTION('',(1.0,0.0,0.0));
#5864=ORIENTED_EDGE('',*,*,#6052,.T.);
#5865=ORIENTED_EDGE('',*,*,#6041,.T.);
#5866=ORIENTED_EDGE('',*,*,#6039,.F.);
#5867=ORIENTED_EDGE('',*,*,#6020,.F.);
#5868=CARTESIAN_POINT('',(-3.74,0.025,2.354697035713));
#5869=DIRECTION('',(0.0,1.0,-0.0));
#5870=DIRECTION('',(1.0,0.0,0.0));
#5871=ORIENTED_EDGE('',*,*,#6033,.F.);
#5872=ORIENTED_EDGE('',*,*,#6029,.F.);
#5873=ORIENTED_EDGE('',*,*,#6038,.T.);
#5874=ORIENTED_EDGE('',*,*,#6036,.F.);
#5875=CARTESIAN_POINT('',(-3.798447109038,0.025,2.78));
#5876=DIRECTION('',(-0.769613827868109,0.0,0.638509636539807));
#5877=DIRECTION('',(0.0,1.0,0.0));
#5878=CARTESIAN_POINT('',(4.2,-1.225,0.85));
#5879=VECTOR('',#7152,1.65);
#5880=CARTESIAN_POINT('',(2.55,-1.225,0.85));
#5881=VECTOR('',#7153,1.3);
#5882=CARTESIAN_POINT('',(2.55,-1.225,-0.45));
#5883=VECTOR('',#7154,1.65);
#5884=CARTESIAN_POINT('',(4.2,-1.225,-0.45));
#5885=VECTOR('',#7155,1.3);
#5886=CARTESIAN_POINT('',(-2.55,-1.225,0.85));
#5887=VECTOR('',#7156,1.65);
#5888=CARTESIAN_POINT('',(-4.2,-1.225,0.85));
#5889=VECTOR('',#7157,1.3);
#5890=CARTESIAN_POINT('',(-4.2,-1.225,-0.45));
#5891=VECTOR('',#7158,1.65);
#5892=CARTESIAN_POINT('',(-2.55,-1.225,-0.45));
#5893=VECTOR('',#7159,1.3);
#5894=CARTESIAN_POINT('',(1.525,-1.225,-1.77));
#5895=VECTOR('',#7160,0.45);
#5896=CARTESIAN_POINT('',(1.075,-1.225,-1.77));
#5897=VECTOR('',#7161,1.38);
#5898=CARTESIAN_POINT('',(1.075,-1.225,-3.15));
#5899=VECTOR('',#7162,0.45);
#5900=CARTESIAN_POINT('',(1.525,-1.225,-3.15));
#5901=VECTOR('',#7163,1.38);
#5902=CARTESIAN_POINT('',(0.875,-1.225,-1.77));
#5903=VECTOR('',#7164,0.45);
#5904=CARTESIAN_POINT('',(0.425,-1.225,-1.77));
#5905=VECTOR('',#7165,1.38);
#5906=CARTESIAN_POINT('',(0.425,-1.225,-3.15));
#5907=VECTOR('',#7166,0.45);
#5908=CARTESIAN_POINT('',(0.875,-1.225,-3.15));
#5909=VECTOR('',#7167,1.38);
#5910=CARTESIAN_POINT('',(0.225,-1.225,-1.77));
#5911=VECTOR('',#7168,0.45);
#5912=CARTESIAN_POINT('',(-0.225,-1.225,-1.77));
#5913=VECTOR('',#7169,1.38);
#5914=CARTESIAN_POINT('',(-0.225,-1.225,-3.15));
#5915=VECTOR('',#7170,0.45);
#5916=CARTESIAN_POINT('',(0.225,-1.225,-3.15));
#5917=VECTOR('',#7171,1.38);
#5918=CARTESIAN_POINT('',(-0.425,-1.225,-1.77));
#5919=VECTOR('',#7172,0.45);
#5920=CARTESIAN_POINT('',(-0.875,-1.225,-1.77));
#5921=VECTOR('',#7173,1.38);
#5922=CARTESIAN_POINT('',(-0.875,-1.225,-3.15));
#5923=VECTOR('',#7174,0.45);
#5924=CARTESIAN_POINT('',(-0.425,-1.225,-3.15));
#5925=VECTOR('',#7175,1.38);
#5926=CARTESIAN_POINT('',(-1.075,-1.225,-1.77));
#5927=VECTOR('',#7176,0.45);
#5928=CARTESIAN_POINT('',(-1.525,-1.225,-1.77));
#5929=VECTOR('',#7177,1.38);
#5930=CARTESIAN_POINT('',(-1.525,-1.225,-3.15));
#5931=VECTOR('',#7178,0.45);
#5932=CARTESIAN_POINT('',(-1.075,-1.225,-3.15));
#5933=VECTOR('',#7179,1.38);
#5934=CARTESIAN_POINT('',(1.775,-1.225,-3.15));
#5935=VECTOR('',#7180,1.425);
#5936=CARTESIAN_POINT('',(3.2,-1.225,-3.15));
#5937=VECTOR('',#7181,1.55);
#5938=CARTESIAN_POINT('',(3.2,-1.225,-1.6));
#5939=VECTOR('',#7182,1.425);
#5940=CARTESIAN_POINT('',(1.775,-1.225,-1.6));
#5941=VECTOR('',#7183,1.55);
#5942=CARTESIAN_POINT('',(-1.775,-1.225,-3.15));
#5943=VECTOR('',#7184,1.55);
#5944=CARTESIAN_POINT('',(-1.775,-1.225,-1.6));
#5945=VECTOR('',#7185,1.425);
#5946=CARTESIAN_POINT('',(-3.2,-1.225,-1.6));
#5947=VECTOR('',#7186,1.55);
#5948=CARTESIAN_POINT('',(-3.2,-1.225,-3.15));
#5949=VECTOR('',#7187,1.425);
#5950=CARTESIAN_POINT('',(2.05,-1.225,1.15));
#5951=VECTOR('',#7188,1.0);
#5952=CARTESIAN_POINT('',(1.05,-1.225,1.15));
#5953=VECTOR('',#7189,1.9);
#5954=CARTESIAN_POINT('',(1.05,-1.225,-0.75));
#5955=VECTOR('',#7190,1.0);
#5956=CARTESIAN_POINT('',(2.05,-1.225,-0.75));
#5957=VECTOR('',#7191,1.9);
#5958=CARTESIAN_POINT('',(-0.25,-1.225,1.15));
#5959=VECTOR('',#7192,1.8);
#5960=CARTESIAN_POINT('',(-2.05,-1.225,1.15));
#5961=VECTOR('',#7193,1.9);
#5962=CARTESIAN_POINT('',(-2.05,-1.225,-0.75));
#5963=VECTOR('',#7194,1.8);
#5964=CARTESIAN_POINT('',(-0.25,-1.225,-0.75));
#5965=VECTOR('',#7195,1.9);
#5966=EDGE_CURVE('',#7196,#7197,#7198,.T.);
#5967=EDGE_CURVE('',#7199,#7196,#7200,.T.);
#5968=EDGE_CURVE('',#7201,#7199,#7202,.T.);
#5969=EDGE_CURVE('',#7201,#7197,#7203,.T.);
#5970=EDGE_CURVE('',#7204,#7205,#7206,.T.);
#5971=EDGE_CURVE('',#7204,#7207,#7208,.T.);
#5972=EDGE_CURVE('',#7207,#7209,#7210,.T.);
#5973=EDGE_CURVE('',#7205,#7209,#7211,.T.);
#5974=EDGE_CURVE('',#7212,#7213,#7214,.T.);
#5975=EDGE_CURVE('',#7215,#7212,#7216,.T.);
#5976=EDGE_CURVE('',#7217,#7215,#7218,.T.);
#5977=EDGE_CURVE('',#7217,#7213,#7219,.T.);
#5978=EDGE_CURVE('',#7220,#7221,#7222,.T.);
#5979=EDGE_CURVE('',#7220,#7223,#7224,.T.);
#5980=EDGE_CURVE('',#7223,#7225,#7226,.T.);
#5981=EDGE_CURVE('',#7221,#7225,#7227,.T.);
#5982=EDGE_CURVE('',#7228,#7229,#7230,.T.);
#5983=EDGE_CURVE('',#7229,#7231,#7232,.T.);
#5984=EDGE_CURVE('',#7231,#7233,#7234,.T.);
#5985=EDGE_CURVE('',#7233,#7235,#7236,.T.);
#5986=EDGE_CURVE('',#7235,#7237,#7238,.T.);
#5987=EDGE_CURVE('',#7237,#7239,#7240,.T.);
#5988=EDGE_CURVE('',#7239,#7241,#7242,.T.);
#5989=EDGE_CURVE('',#7241,#7243,#7244,.T.);
#5990=EDGE_CURVE('',#7243,#7245,#7246,.T.);
#5991=EDGE_CURVE('',#7245,#7247,#7248,.T.);
#5992=EDGE_CURVE('',#7247,#7249,#7250,.T.);
#5993=EDGE_CURVE('',#7228,#7249,#7251,.T.);
#5994=EDGE_CURVE('',#7252,#7253,#7254,.T.);
#5995=EDGE_CURVE('',#7253,#7255,#7256,.T.);
#5996=EDGE_CURVE('',#7255,#7257,#7258,.T.);
#5997=EDGE_CURVE('',#7257,#7259,#7260,.T.);
#5998=EDGE_CURVE('',#7259,#7261,#7262,.T.);
#5999=EDGE_CURVE('',#7263,#7261,#7264,.T.);
#6000=EDGE_CURVE('',#7263,#7265,#7266,.T.);
#6001=EDGE_CURVE('',#7265,#7267,#7268,.T.);
#6002=EDGE_CURVE('',#7267,#7269,#7270,.T.);
#6003=EDGE_CURVE('',#7269,#7271,#7272,.T.);
#6004=EDGE_CURVE('',#7271,#7273,#7274,.T.);
#6005=EDGE_CURVE('',#7252,#7273,#7275,.T.);
#6006=EDGE_CURVE('',#7276,#7277,#7278,.T.);
#6007=EDGE_CURVE('',#7277,#7279,#7280,.T.);
#6008=EDGE_CURVE('',#7281,#7279,#7282,.T.);
#6009=EDGE_CURVE('',#7281,#7283,#7284,.T.);
#6010=EDGE_CURVE('',#7283,#7285,#7286,.T.);
#6011=EDGE_CURVE('',#7285,#7276,#7287,.T.);
#6012=EDGE_CURVE('',#7288,#7289,#7290,.T.);
#6013=EDGE_CURVE('',#7289,#7291,#7292,.T.);
#6014=EDGE_CURVE('',#7291,#7293,#7294,.T.);
#6015=EDGE_CURVE('',#7293,#7295,#7296,.T.);
#6016=EDGE_CURVE('',#7295,#7297,#7298,.T.);
#6017=EDGE_CURVE('',#7297,#7288,#7299,.T.);
#6018=EDGE_CURVE('',#7300,#7228,#7301,.T.);
#6019=EDGE_CURVE('',#7249,#7302,#7303,.T.);
#6020=EDGE_CURVE('',#7302,#7304,#7305,.T.);
#6021=EDGE_CURVE('',#7304,#7306,#7307,.T.);
#6022=EDGE_CURVE('',#7306,#7300,#7308,.T.);
#6023=EDGE_CURVE('',#7309,#7310,#7311,.T.);
#6024=EDGE_CURVE('',#7310,#7312,#7313,.T.);
#6025=EDGE_CURVE('',#7312,#7252,#7314,.T.);
#6026=EDGE_CURVE('',#7273,#7315,#7316,.T.);
#6027=EDGE_CURVE('',#7315,#7309,#7317,.T.);
#6028=EDGE_CURVE('',#7318,#7306,#7319,.T.);
#6029=EDGE_CURVE('',#7318,#7320,#7321,.T.);
#6030=EDGE_CURVE('',#7300,#7320,#7322,.T.);
#6031=EDGE_CURVE('',#7323,#7285,#7324,.T.);
#6032=EDGE_CURVE('',#7285,#7228,#7325,.T.);
#6033=EDGE_CURVE('',#7320,#7326,#7327,.T.);
#6034=EDGE_CURVE('',#7326,#7323,#7328,.T.);
#6035=EDGE_CURVE('',#7323,#7329,#7330,.T.);
#6036=EDGE_CURVE('',#7326,#7331,#7332,.T.);
#6037=EDGE_CURVE('',#7329,#7331,#7333,.T.);
#6038=EDGE_CURVE('',#7318,#7331,#7334,.T.);
#6039=EDGE_CURVE('',#7304,#7335,#7336,.T.);
#6040=EDGE_CURVE('',#7335,#7329,#7337,.T.);
#6041=EDGE_CURVE('',#7338,#7335,#7339,.T.);
#6042=EDGE_CURVE('',#7276,#7338,#7340,.T.);
#6043=EDGE_CURVE('',#7288,#7341,#7342,.T.);
#6044=EDGE_CURVE('',#7343,#7297,#7344,.T.);
#6045=EDGE_CURVE('',#7345,#7343,#7346,.T.);
#6046=EDGE_CURVE('',#7347,#7345,#7348,.T.);
#6047=EDGE_CURVE('',#7347,#7341,#7349,.T.);
#6048=EDGE_CURVE('',#7350,#7351,#7352,.T.);
#6049=EDGE_CURVE('',#7351,#7353,#7354,.T.);
#6050=EDGE_CURVE('',#7353,#7355,#7356,.T.);
#6051=EDGE_CURVE('',#7355,#7277,#7357,.T.);
#6052=EDGE_CURVE('',#7302,#7338,#7358,.T.);
#6053=EDGE_CURVE('',#7247,#7359,#7360,.T.);
#6054=EDGE_CURVE('',#7359,#7361,#7362,.T.);
#6055=EDGE_CURVE('',#7350,#7361,#7363,.T.);
#6056=EDGE_CURVE('',#7364,#7365,#7366,.T.);
#6057=EDGE_CURVE('',#7367,#7364,#7368,.T.);
#6058=EDGE_CURVE('',#7367,#7369,#7370,.T.);
#6059=EDGE_CURVE('',#7365,#7369,#7371,.T.);
#6060=EDGE_CURVE('',#7372,#7361,#7373,.T.);
#6061=EDGE_CURVE('',#7374,#7372,#7375,.T.);
#6062=EDGE_CURVE('',#7350,#7374,#7376,.T.);
#6063=EDGE_CURVE('',#7377,#7369,#7378,.T.);
#6064=EDGE_CURVE('',#7379,#7377,#7380,.T.);
#6065=EDGE_CURVE('',#7381,#7379,#7382,.T.);
#6066=EDGE_CURVE('',#7383,#7381,#7384,.T.);
#6067=EDGE_CURVE('',#7365,#7383,#7385,.T.);
#6068=EDGE_CURVE('',#7383,#7253,#7386,.T.);
#6069=EDGE_CURVE('',#7312,#7343,#7387,.T.);
#6070=EDGE_CURVE('',#7388,#7295,#7389,.T.);
#6071=EDGE_CURVE('',#7388,#7390,#7391,.T.);
#6072=EDGE_CURVE('',#7390,#7392,#7393,.T.);
#6073=EDGE_CURVE('',#7392,#7364,#7394,.T.);
#6074=EDGE_CURVE('',#7395,#7392,#7396,.T.);
#6075=EDGE_CURVE('',#7397,#7395,#7398,.T.);
#6076=EDGE_CURVE('',#7399,#7397,#7400,.T.);
#6077=EDGE_CURVE('',#7367,#7399,#7401,.T.);
#6078=EDGE_CURVE('',#7402,#7403,#7404,.T.);
#6079=EDGE_CURVE('',#7403,#7289,#7405,.T.);
#6080=EDGE_CURVE('',#7288,#7273,#7406,.T.);
#6081=EDGE_CURVE('',#7377,#7271,#7407,.T.);
#6082=EDGE_CURVE('',#7402,#7399,#7408,.T.);
#6083=EDGE_CURVE('',#7409,#7269,#7410,.T.);
#6084=EDGE_CURVE('',#7409,#7379,#7411,.T.);
#6085=EDGE_CURVE('',#7412,#7413,#7414,.T.);
#6086=EDGE_CURVE('',#7412,#7402,#7415,.T.);
#6087=EDGE_CURVE('',#7413,#7397,#7416,.T.);
#6088=EDGE_CURVE('',#7417,#7409,#7418,.T.);
#6089=EDGE_CURVE('',#7419,#7417,#7420,.T.);
#6090=EDGE_CURVE('',#7419,#7421,#7422,.T.);
#6091=EDGE_CURVE('',#7421,#7423,#7424,.T.);
#6092=EDGE_CURVE('',#7425,#7423,#7426,.T.);
#6093=EDGE_CURVE('',#7425,#7427,#7428,.T.);
#6094=EDGE_CURVE('',#7429,#7427,#7430,.T.);
#6095=EDGE_CURVE('',#7429,#7381,#7431,.T.);
#6096=EDGE_CURVE('',#7429,#7255,#7432,.T.);
#6097=EDGE_CURVE('',#7390,#7433,#7434,.T.);
#6098=EDGE_CURVE('',#7433,#7435,#7436,.T.);
#6099=EDGE_CURVE('',#7435,#7395,#7437,.T.);
#6100=EDGE_CURVE('',#7427,#7257,#7438,.T.);
#6101=EDGE_CURVE('',#7439,#7440,#7441,.T.);
#6102=EDGE_CURVE('',#7440,#7442,#7443,.T.);
#6103=EDGE_CURVE('',#7442,#7444,#7445,.T.);
#6104=EDGE_CURVE('',#7435,#7444,#7446,.T.);
#6105=EDGE_CURVE('',#7433,#7447,#7448,.T.);
#6106=EDGE_CURVE('',#7439,#7447,#7449,.T.);
#6107=EDGE_CURVE('',#7425,#7259,#7450,.T.);
#6108=EDGE_CURVE('',#7451,#7452,#7453,.T.);
#6109=EDGE_CURVE('',#7452,#7444,#7454,.T.);
#6110=EDGE_CURVE('',#7442,#7455,#7456,.T.);
#6111=EDGE_CURVE('',#7451,#7455,#7457,.T.);
#6112=EDGE_CURVE('',#7458,#7459,#7460,.T.);
#6113=EDGE_CURVE('',#7458,#7461,#7462,.T.);
#6114=EDGE_CURVE('',#7461,#7463,#7464,.T.);
#6115=EDGE_CURVE('',#7463,#7465,#7466,.T.);
#6116=EDGE_CURVE('',#7467,#7465,#7468,.T.);
#6117=EDGE_CURVE('',#7467,#7469,#7470,.T.);
#6118=EDGE_CURVE('',#7469,#7471,#7472,.T.);
#6119=EDGE_CURVE('',#7471,#7473,#7474,.T.);
#6120=EDGE_CURVE('',#7473,#7475,#7476,.T.);
#6121=EDGE_CURVE('',#7475,#7477,#7478,.T.);
#6122=EDGE_CURVE('',#7479,#7477,#7480,.T.);
#6123=EDGE_CURVE('',#7481,#7479,#7482,.T.);
#6124=EDGE_CURVE('',#7483,#7481,#7484,.T.);
#6125=EDGE_CURVE('',#7483,#7261,#7485,.T.);
#6126=EDGE_CURVE('',#7423,#7486,#7487,.T.);
#6127=EDGE_CURVE('',#7486,#7488,#7489,.T.);
#6128=EDGE_CURVE('',#7490,#7488,#7491,.T.);
#6129=EDGE_CURVE('',#7492,#7490,#7493,.T.);
#6130=EDGE_CURVE('',#7494,#7492,#7495,.T.);
#6131=EDGE_CURVE('',#7496,#7494,#7497,.T.);
#6132=EDGE_CURVE('',#7498,#7496,#7499,.T.);
#6133=EDGE_CURVE('',#7500,#7498,#7501,.T.);
#6134=EDGE_CURVE('',#7502,#7500,#7503,.T.);
#6135=EDGE_CURVE('',#7502,#7504,#7505,.T.);
#6136=EDGE_CURVE('',#7504,#7506,#7507,.T.);
#6137=EDGE_CURVE('',#7452,#7506,#7508,.T.);
#6138=EDGE_CURVE('',#7509,#7451,#7510,.T.);
#6139=EDGE_CURVE('',#7459,#7509,#7511,.T.);
#6140=EDGE_CURVE('',#7512,#7513,#7514,.T.);
#6141=EDGE_CURVE('',#7512,#7515,#7516,.T.);
#6142=EDGE_CURVE('',#7515,#7517,#7518,.T.);
#6143=EDGE_CURVE('',#7517,#7519,#7520,.T.);
#6144=EDGE_CURVE('',#7519,#7521,#7522,.T.);
#6145=EDGE_CURVE('',#7523,#7521,#7524,.T.);
#6146=EDGE_CURVE('',#7525,#7523,#7526,.T.);
#6147=EDGE_CURVE('',#7527,#7525,#7528,.T.);
#6148=EDGE_CURVE('',#7529,#7527,#7530,.T.);
#6149=EDGE_CURVE('',#7531,#7529,#7532,.T.);
#6150=EDGE_CURVE('',#7533,#7531,#7534,.T.);
#6151=EDGE_CURVE('',#7535,#7533,#7536,.T.);
#6152=EDGE_CURVE('',#7535,#7537,#7538,.T.);
#6153=EDGE_CURVE('',#7537,#7539,#7540,.T.);
#6154=EDGE_CURVE('',#7541,#7539,#7542,.T.);
#6155=EDGE_CURVE('',#7541,#7241,#7543,.T.);
#6156=EDGE_CURVE('',#7544,#7239,#7545,.T.);
#6157=EDGE_CURVE('',#7546,#7544,#7547,.T.);
#6158=EDGE_CURVE('',#7546,#7548,#7549,.T.);
#6159=EDGE_CURVE('',#7548,#7550,#7551,.T.);
#6160=EDGE_CURVE('',#7550,#7552,#7553,.T.);
#6161=EDGE_CURVE('',#7554,#7552,#7555,.T.);
#6162=EDGE_CURVE('',#7554,#7556,#7557,.T.);
#6163=EDGE_CURVE('',#7558,#7556,#7559,.T.);
#6164=EDGE_CURVE('',#7558,#7560,#7561,.T.);
#6165=EDGE_CURVE('',#7560,#7562,#7563,.T.);
#6166=EDGE_CURVE('',#7562,#7564,#7565,.T.);
#6167=EDGE_CURVE('',#7564,#7566,#7567,.T.);
#6168=EDGE_CURVE('',#7566,#7568,#7569,.T.);
#6169=EDGE_CURVE('',#7570,#7568,#7571,.T.);
#6170=EDGE_CURVE('',#7513,#7570,#7572,.T.);
#6171=EDGE_CURVE('',#7573,#7459,#7574,.T.);
#6172=EDGE_CURVE('',#7509,#7575,#7576,.T.);
#6173=EDGE_CURVE('',#7575,#7577,#7578,.T.);
#6174=EDGE_CURVE('',#7577,#7579,#7580,.T.);
#6175=EDGE_CURVE('',#7579,#7581,#7582,.T.);
#6176=EDGE_CURVE('',#7581,#7583,#7584,.T.);
#6177=EDGE_CURVE('',#7583,#7573,#7585,.T.);
#6178=EDGE_CURVE('',#7583,#7586,#7587,.T.);
#6179=EDGE_CURVE('',#7586,#7588,#7589,.T.);
#6180=EDGE_CURVE('',#7588,#7590,#7591,.T.);
#6181=EDGE_CURVE('',#7573,#7590,#7592,.T.);
#6182=EDGE_CURVE('',#7593,#7594,#7595,.T.);
#6183=EDGE_CURVE('',#7596,#7593,#7597,.T.);
#6184=EDGE_CURVE('',#7596,#7598,#7599,.T.);
#6185=EDGE_CURVE('',#7598,#7600,#7601,.T.);
#6186=EDGE_CURVE('',#7600,#7594,#7602,.T.);
#6187=EDGE_CURVE('',#7603,#7604,#7605,.T.);
#6188=EDGE_CURVE('',#7606,#7603,#7607,.T.);
#6189=EDGE_CURVE('',#7606,#7608,#7609,.T.);
#6190=EDGE_CURVE('',#7610,#7608,#7611,.T.);
#6191=EDGE_CURVE('',#7612,#7610,#7613,.T.);
#6192=EDGE_CURVE('',#7614,#7612,#7615,.T.);
#6193=EDGE_CURVE('',#7614,#7616,#7617,.T.);
#6194=EDGE_CURVE('',#7618,#7616,#7619,.T.);
#6195=EDGE_CURVE('',#7620,#7618,#7621,.T.);
#6196=EDGE_CURVE('',#7622,#7620,#7623,.T.);
#6197=EDGE_CURVE('',#7622,#7624,#7625,.T.);
#6198=EDGE_CURVE('',#7626,#7624,#7627,.T.);
#6199=EDGE_CURVE('',#7628,#7626,#7629,.T.);
#6200=EDGE_CURVE('',#7630,#7628,#7631,.T.);
#6201=EDGE_CURVE('',#7630,#7632,#7633,.T.);
#6202=EDGE_CURVE('',#7634,#7632,#7635,.T.);
#6203=EDGE_CURVE('',#7636,#7634,#7637,.T.);
#6204=EDGE_CURVE('',#7638,#7636,#7639,.T.);
#6205=EDGE_CURVE('',#7640,#7638,#7641,.T.);
#6206=EDGE_CURVE('',#7642,#7640,#7643,.T.);
#6207=EDGE_CURVE('',#7644,#7642,#7645,.T.);
#6208=EDGE_CURVE('',#7646,#7644,#7647,.T.);
#6209=EDGE_CURVE('',#7646,#7648,#7649,.T.);
#6210=EDGE_CURVE('',#7648,#7650,#7651,.T.);
#6211=EDGE_CURVE('',#7650,#7652,#7653,.T.);
#6212=EDGE_CURVE('',#7652,#7654,#7655,.T.);
#6213=EDGE_CURVE('',#7654,#7656,#7657,.T.);
#6214=EDGE_CURVE('',#7656,#7658,#7659,.T.);
#6215=EDGE_CURVE('',#7658,#7593,#7660,.T.);
#6216=EDGE_CURVE('',#7594,#7570,#7661,.T.);
#6217=EDGE_CURVE('',#7568,#7662,#7663,.T.);
#6218=EDGE_CURVE('',#7664,#7662,#7665,.T.);
#6219=EDGE_CURVE('',#7458,#7664,#7666,.T.);
#6220=EDGE_CURVE('',#7590,#7667,#7668,.T.);
#6221=EDGE_CURVE('',#7667,#7669,#7670,.T.);
#6222=EDGE_CURVE('',#7669,#7671,#7672,.T.);
#6223=EDGE_CURVE('',#7671,#7673,#7674,.T.);
#6224=EDGE_CURVE('',#7673,#7675,#7676,.T.);
#6225=EDGE_CURVE('',#7675,#7677,#7678,.T.);
#6226=EDGE_CURVE('',#7677,#7679,#7680,.T.);
#6227=EDGE_CURVE('',#7681,#7679,#7682,.T.);
#6228=EDGE_CURVE('',#7683,#7681,#7684,.T.);
#6229=EDGE_CURVE('',#7685,#7683,#7686,.T.);
#6230=EDGE_CURVE('',#7687,#7685,#7688,.T.);
#6231=EDGE_CURVE('',#7689,#7687,#7690,.T.);
#6232=EDGE_CURVE('',#7689,#7691,#7692,.T.);
#6233=EDGE_CURVE('',#7604,#7691,#7693,.T.);
#6234=EDGE_CURVE('',#7691,#7694,#7695,.T.);
#6235=EDGE_CURVE('',#7696,#7694,#7697,.T.);
#6236=EDGE_CURVE('',#7604,#7696,#7698,.T.);
#6237=EDGE_CURVE('',#7699,#7700,#7701,.T.);
#6238=EDGE_CURVE('',#7702,#7700,#7703,.T.);
#6239=EDGE_CURVE('',#7702,#7704,#7705,.T.);
#6240=EDGE_CURVE('',#7603,#7704,#7706,.T.);
#6241=EDGE_CURVE('',#7699,#7696,#7707,.T.);
#6242=EDGE_CURVE('',#7708,#7694,#7709,.T.);
#6243=EDGE_CURVE('',#7699,#7708,#7710,.T.);
#6244=EDGE_CURVE('',#7708,#7711,#7712,.T.);
#6245=EDGE_CURVE('',#7700,#7711,#7713,.T.);
#6246=EDGE_CURVE('',#7714,#7711,#7715,.T.);
#6247=EDGE_CURVE('',#7714,#7716,#7717,.T.);
#6248=EDGE_CURVE('',#7716,#7718,#7719,.T.);
#6249=EDGE_CURVE('',#7718,#7720,#7721,.T.);
#6250=EDGE_CURVE('',#7720,#7722,#7723,.T.);
#6251=EDGE_CURVE('',#7722,#7724,#7725,.T.);
#6252=EDGE_CURVE('',#7724,#7726,#7727,.T.);
#6253=EDGE_CURVE('',#7726,#7728,#7729,.T.);
#6254=EDGE_CURVE('',#7730,#7728,#7731,.T.);
#6255=EDGE_CURVE('',#7730,#7732,#7733,.T.);
#6256=EDGE_CURVE('',#7732,#7734,#7735,.T.);
#6257=EDGE_CURVE('',#7734,#7736,#7737,.T.);
#6258=EDGE_CURVE('',#7738,#7736,#7739,.T.);
#6259=EDGE_CURVE('',#7738,#7740,#7741,.T.);
#6260=EDGE_CURVE('',#7740,#7742,#7743,.T.);
#6261=EDGE_CURVE('',#7742,#7744,#7745,.T.);
#6262=EDGE_CURVE('',#7746,#7744,#7747,.T.);
#6263=EDGE_CURVE('',#7746,#7748,#7749,.T.);
#6264=EDGE_CURVE('',#7748,#7750,#7751,.T.);
#6265=EDGE_CURVE('',#7750,#7752,#7753,.T.);
#6266=EDGE_CURVE('',#7754,#7752,#7755,.T.);
#6267=EDGE_CURVE('',#7754,#7702,#7756,.T.);
#6268=EDGE_CURVE('',#7722,#7757,#7758,.T.);
#6269=EDGE_CURVE('',#7757,#7759,#7760,.T.);
#6270=EDGE_CURVE('',#7724,#7759,#7761,.T.);
#6271=EDGE_CURVE('',#7730,#7762,#7763,.T.);
#6272=EDGE_CURVE('',#7762,#7764,#7765,.T.);
#6273=EDGE_CURVE('',#7732,#7764,#7766,.T.);
#6274=EDGE_CURVE('',#7738,#7767,#7768,.T.);
#6275=EDGE_CURVE('',#7767,#7769,#7770,.T.);
#6276=EDGE_CURVE('',#7740,#7769,#7771,.T.);
#6277=EDGE_CURVE('',#7746,#7772,#7773,.T.);
#6278=EDGE_CURVE('',#7772,#7774,#7775,.T.);
#6279=EDGE_CURVE('',#7748,#7774,#7776,.T.);
#6280=EDGE_CURVE('',#7754,#7777,#7778,.T.);
#6281=EDGE_CURVE('',#7777,#7704,#7779,.T.);
#6282=EDGE_CURVE('',#7780,#7781,#7782,.T.);
#6283=EDGE_CURVE('',#7716,#7781,#7783,.T.);
#6284=EDGE_CURVE('',#7714,#7780,#7784,.T.);
#6285=EDGE_CURVE('',#7785,#7726,#7786,.T.);
#6286=EDGE_CURVE('',#7636,#7759,#7787,.T.);
#6287=EDGE_CURVE('',#7634,#7788,#7789,.T.);
#6288=EDGE_CURVE('',#7785,#7788,#7790,.T.);
#6289=EDGE_CURVE('',#7788,#7791,#7792,.T.);
#6290=EDGE_CURVE('',#7793,#7791,#7794,.T.);
#6291=EDGE_CURVE('',#7785,#7793,#7795,.T.);
#6292=EDGE_CURVE('',#7793,#7728,#7796,.T.);
#6293=EDGE_CURVE('',#7632,#7791,#7797,.T.);
#6294=EDGE_CURVE('',#7630,#7762,#7798,.T.);
#6295=EDGE_CURVE('',#7638,#7757,#7799,.T.);
#6296=EDGE_CURVE('',#7628,#7764,#7800,.T.);
#6297=EDGE_CURVE('',#7622,#7767,#7801,.T.);
#6298=EDGE_CURVE('',#7620,#7769,#7802,.T.);
#6299=EDGE_CURVE('',#7614,#7772,#7803,.T.);
#6300=EDGE_CURVE('',#7612,#7774,#7804,.T.);
#6301=EDGE_CURVE('',#7606,#7777,#7805,.T.);
#6302=EDGE_CURVE('',#7687,#7781,#7806,.T.);
#6303=EDGE_CURVE('',#7689,#7780,#7807,.T.);
#6304=EDGE_CURVE('',#7640,#7808,#7809,.T.);
#6305=EDGE_CURVE('',#7808,#7757,#7810,.T.);
#6306=EDGE_CURVE('',#7722,#7808,#7811,.T.);
#6307=EDGE_CURVE('',#7720,#7812,#7813,.T.);
#6308=EDGE_CURVE('',#7812,#7808,#7814,.T.);
#6309=EDGE_CURVE('',#7642,#7812,#7815,.T.);
#6310=EDGE_CURVE('',#7644,#7816,#7817,.T.);
#6311=EDGE_CURVE('',#7816,#7812,#7818,.T.);
#6312=EDGE_CURVE('',#7720,#7816,#7819,.T.);
#6313=EDGE_CURVE('',#7718,#7820,#7821,.T.);
#6314=EDGE_CURVE('',#7820,#7816,#7822,.T.);
#6315=EDGE_CURVE('',#7681,#7820,#7823,.T.);
#6316=EDGE_CURVE('',#7679,#7824,#7825,.T.);
#6317=EDGE_CURVE('',#7824,#7826,#7827,.T.);
#6318=EDGE_CURVE('',#7826,#7828,#7829,.T.);
#6319=EDGE_CURVE('',#7828,#7830,#7831,.T.);
#6320=EDGE_CURVE('',#7830,#7832,#7833,.T.);
#6321=EDGE_CURVE('',#7832,#7834,#7835,.T.);
#6322=EDGE_CURVE('',#7834,#7646,#7836,.T.);
#6323=EDGE_CURVE('',#7648,#7837,#7838,.T.);
#6324=EDGE_CURVE('',#7834,#7839,#7840,.T.);
#6325=EDGE_CURVE('',#7837,#7839,#7841,.T.);
#6326=EDGE_CURVE('',#7842,#7837,#7843,.T.);
#6327=EDGE_CURVE('',#7844,#7839,#7845,.T.);
#6328=EDGE_CURVE('',#7844,#7846,#7847,.T.);
#6329=EDGE_CURVE('',#7842,#7846,#7848,.T.);
#6330=EDGE_CURVE('',#7849,#7850,#7851,.T.);
#6331=EDGE_CURVE('',#7849,#7842,#7852,.T.);
#6332=EDGE_CURVE('',#7846,#7850,#7853,.T.);
#6333=EDGE_CURVE('',#7854,#7855,#7856,.T.);
#6334=EDGE_CURVE('',#7854,#7857,#7858,.T.);
#6335=EDGE_CURVE('',#7857,#7859,#7860,.T.);
#6336=EDGE_CURVE('',#7861,#7859,#7862,.T.);
#6337=EDGE_CURVE('',#7861,#7863,#7864,.T.);
#6338=EDGE_CURVE('',#7865,#7863,#7866,.T.);
#6339=EDGE_CURVE('',#7867,#7865,#7868,.T.);
#6340=EDGE_CURVE('',#7867,#7293,#7869,.T.);
#6341=EDGE_CURVE('',#7293,#7870,#7871,.T.);
#6342=EDGE_CURVE('',#7870,#7872,#7873,.T.);
#6343=EDGE_CURVE('',#7279,#7872,#7874,.T.);
#6344=EDGE_CURVE('',#7875,#7279,#7876,.T.);
#6345=EDGE_CURVE('',#7877,#7875,#7878,.T.);
#6346=EDGE_CURVE('',#7877,#7879,#7880,.T.);
#6347=EDGE_CURVE('',#7879,#7881,#7882,.T.);
#6348=EDGE_CURVE('',#7881,#7883,#7884,.T.);
#6349=EDGE_CURVE('',#7883,#7885,#7886,.T.);
#6350=EDGE_CURVE('',#7855,#7885,#7887,.T.);
#6351=EDGE_CURVE('',#7888,#7889,#7890,.T.);
#6352=EDGE_CURVE('',#7889,#7205,#7891,.T.);
#6353=EDGE_CURVE('',#7209,#7892,#7893,.T.);
#6354=EDGE_CURVE('',#7892,#7894,#7895,.T.);
#6355=EDGE_CURVE('',#7894,#7896,#7897,.T.);
#6356=EDGE_CURVE('',#7896,#7898,#7899,.T.);
#6357=EDGE_CURVE('',#7898,#7199,#7900,.T.);
#6358=EDGE_CURVE('',#7196,#7901,#7902,.T.);
#6359=EDGE_CURVE('',#7901,#7903,#7904,.T.);
#6360=EDGE_CURVE('',#7903,#7905,#7906,.T.);
#6361=EDGE_CURVE('',#7905,#7907,#7908,.T.);
#6362=EDGE_CURVE('',#7907,#7888,#7909,.T.);
#6363=EDGE_CURVE('',#7910,#7911,#7912,.T.);
#6364=EDGE_CURVE('',#7911,#7221,#7913,.T.);
#6365=EDGE_CURVE('',#7225,#7914,#7915,.T.);
#6366=EDGE_CURVE('',#7914,#7916,#7917,.T.);
#6367=EDGE_CURVE('',#7916,#7918,#7919,.T.);
#6368=EDGE_CURVE('',#7918,#7920,#7921,.T.);
#6369=EDGE_CURVE('',#7920,#7215,#7922,.T.);
#6370=EDGE_CURVE('',#7212,#7923,#7924,.T.);
#6371=EDGE_CURVE('',#7923,#7925,#7926,.T.);
#6372=EDGE_CURVE('',#7925,#7927,#7928,.T.);
#6373=EDGE_CURVE('',#7929,#7927,#7930,.T.);
#6374=EDGE_CURVE('',#7929,#7910,#7931,.T.);
#6375=EDGE_CURVE('',#7844,#7932,#7933,.T.);
#6376=EDGE_CURVE('',#7850,#7932,#7934,.T.);
#6377=EDGE_CURVE('',#7935,#7936,#7937,.T.);
#6378=EDGE_CURVE('',#7935,#7938,#7939,.T.);
#6379=EDGE_CURVE('',#7938,#7910,#7940,.T.);
#6380=EDGE_CURVE('',#7936,#7929,#7941,.T.);
#6381=EDGE_CURVE('',#7936,#7942,#7943,.T.);
#6382=EDGE_CURVE('',#7942,#7927,#7944,.T.);
#6383=EDGE_CURVE('',#7945,#7925,#7946,.T.);
#6384=EDGE_CURVE('',#7945,#7947,#7948,.T.);
#6385=EDGE_CURVE('',#7947,#7942,#7949,.T.);
#6386=EDGE_CURVE('',#7950,#7947,#7951,.T.);
#6387=EDGE_CURVE('',#7952,#7950,#7953,.T.);
#6388=EDGE_CURVE('',#7952,#7935,#7954,.T.);
#6389=EDGE_CURVE('',#7935,#7955,#7956,.T.);
#6390=EDGE_CURVE('',#7957,#7952,#7958,.T.);
#6391=EDGE_CURVE('',#7957,#7955,#7959,.T.);
#6392=EDGE_CURVE('',#7955,#7960,#7961,.T.);
#6393=EDGE_CURVE('',#7962,#7957,#7963,.T.);
#6394=EDGE_CURVE('',#7962,#7960,#7964,.T.);
#6395=EDGE_CURVE('',#7962,#7965,#7966,.T.);
#6396=EDGE_CURVE('',#7967,#7965,#7968,.T.);
#6397=EDGE_CURVE('',#7960,#7967,#7969,.T.);
#6398=EDGE_CURVE('',#7970,#7971,#7972,.T.);
#6399=EDGE_CURVE('',#7973,#7970,#7974,.T.);
#6400=EDGE_CURVE('',#7975,#7973,#7976,.T.);
#6401=EDGE_CURVE('',#7975,#7977,#7978,.T.);
#6402=EDGE_CURVE('',#7979,#7977,#7980,.T.);
#6403=EDGE_CURVE('',#7981,#7979,#7982,.T.);
#6404=EDGE_CURVE('',#7981,#7281,#7983,.T.);
#6405=EDGE_CURVE('',#7291,#7281,#7984,.T.);
#6406=EDGE_CURVE('',#7985,#7291,#7986,.T.);
#6407=EDGE_CURVE('',#7987,#7985,#7988,.T.);
#6408=EDGE_CURVE('',#7987,#7989,#7990,.T.);
#6409=EDGE_CURVE('',#7989,#7991,#7992,.T.);
#6410=EDGE_CURVE('',#7991,#7993,#7994,.T.);
#6411=EDGE_CURVE('',#7995,#7993,#7996,.T.);
#6412=EDGE_CURVE('',#7997,#7995,#7998,.T.);
#6413=EDGE_CURVE('',#7971,#7997,#7999,.T.);
#6414=EDGE_CURVE('',#8000,#8001,#8002,.T.);
#6415=EDGE_CURVE('',#8003,#8001,#8004,.T.);
#6416=EDGE_CURVE('',#8005,#8003,#8006,.T.);
#6417=EDGE_CURVE('',#8007,#8005,#8008,.T.);
#6418=EDGE_CURVE('',#7197,#8007,#8009,.T.);
#6419=EDGE_CURVE('',#8010,#7201,#8011,.T.);
#6420=EDGE_CURVE('',#8012,#8010,#8013,.T.);
#6421=EDGE_CURVE('',#8014,#8012,#8015,.T.);
#6422=EDGE_CURVE('',#8016,#8014,#8017,.T.);
#6423=EDGE_CURVE('',#7207,#8016,#8018,.T.);
#6424=EDGE_CURVE('',#8019,#7204,#8020,.T.);
#6425=EDGE_CURVE('',#8021,#8019,#8022,.T.);
#6426=EDGE_CURVE('',#8023,#8021,#8024,.T.);
#6427=EDGE_CURVE('',#8023,#8025,#8026,.T.);
#6428=EDGE_CURVE('',#8025,#8027,#8028,.T.);
#6429=EDGE_CURVE('',#8000,#8027,#8029,.T.);
#6430=EDGE_CURVE('',#8030,#7945,#8031,.T.);
#6431=EDGE_CURVE('',#7213,#8030,#8032,.T.);
#6432=EDGE_CURVE('',#8033,#7217,#8034,.T.);
#6433=EDGE_CURVE('',#8035,#8033,#8036,.T.);
#6434=EDGE_CURVE('',#8037,#8035,#8038,.T.);
#6435=EDGE_CURVE('',#8039,#8037,#8040,.T.);
#6436=EDGE_CURVE('',#7223,#8039,#8041,.T.);
#6437=EDGE_CURVE('',#8042,#7220,#8043,.T.);
#6438=EDGE_CURVE('',#7938,#8042,#8044,.T.);
#6439=EDGE_CURVE('',#7967,#8045,#8046,.T.);
#6440=EDGE_CURVE('',#7947,#8045,#8047,.T.);
#6441=EDGE_CURVE('',#8048,#8049,#8050,.T.);
#6442=EDGE_CURVE('',#8051,#8048,#8052,.T.);
#6443=EDGE_CURVE('',#8053,#8051,#8054,.T.);
#6444=EDGE_CURVE('',#8055,#8053,#8056,.T.);
#6445=EDGE_CURVE('',#8057,#8055,#8058,.T.);
#6446=EDGE_CURVE('',#8049,#8057,#8059,.T.);
#6447=EDGE_CURVE('',#8060,#7950,#8061,.T.);
#6448=EDGE_CURVE('',#8045,#8060,#8062,.T.);
#6449=EDGE_CURVE('',#8060,#7965,#8063,.T.);
#6450=EDGE_CURVE('',#8042,#7911,#8064,.T.);
#6451=EDGE_CURVE('',#8039,#7914,#8065,.T.);
#6452=EDGE_CURVE('',#8037,#7916,#8066,.T.);
#6453=EDGE_CURVE('',#8035,#7918,#8067,.T.);
#6454=EDGE_CURVE('',#8033,#7920,#8068,.T.);
#6455=EDGE_CURVE('',#8030,#7923,#8069,.T.);
#6456=EDGE_CURVE('',#8070,#8071,#8072,.T.);
#6457=EDGE_CURVE('',#8000,#8070,#8073,.T.);
#6458=EDGE_CURVE('',#8071,#8027,#8074,.T.);
#6459=EDGE_CURVE('',#8075,#8025,#8076,.T.);
#6460=EDGE_CURVE('',#8071,#8075,#8077,.T.);
#6461=EDGE_CURVE('',#8075,#8078,#8079,.T.);
#6462=EDGE_CURVE('',#8080,#8078,#8081,.T.);
#6463=EDGE_CURVE('',#8082,#8080,#8083,.T.);
#6464=EDGE_CURVE('',#8082,#8070,#8084,.T.);
#6465=EDGE_CURVE('',#8001,#8082,#8085,.T.);
#6466=EDGE_CURVE('',#8080,#8003,#8086,.T.);
#6467=EDGE_CURVE('',#8078,#8023,#8087,.T.);
#6468=EDGE_CURVE('',#8023,#8088,#8089,.T.);
#6469=EDGE_CURVE('',#8090,#8088,#8091,.T.);
#6470=EDGE_CURVE('',#8003,#8090,#8092,.T.);
#6471=EDGE_CURVE('',#8005,#7903,#8093,.T.);
#6472=EDGE_CURVE('',#8090,#7905,#8094,.T.);
#6473=EDGE_CURVE('',#8088,#7907,#8095,.T.);
#6474=EDGE_CURVE('',#8021,#7888,#8096,.T.);
#6475=EDGE_CURVE('',#8019,#7889,#8097,.T.);
#6476=EDGE_CURVE('',#8016,#7892,#8098,.T.);
#6477=EDGE_CURVE('',#8014,#7894,#8099,.T.);
#6478=EDGE_CURVE('',#8012,#7896,#8100,.T.);
#6479=EDGE_CURVE('',#8010,#7898,#8101,.T.);
#6480=EDGE_CURVE('',#8007,#7901,#8102,.T.);
#6481=EDGE_CURVE('',#8103,#8104,#8105,.T.);
#6482=EDGE_CURVE('',#7971,#8103,#8106,.T.);
#6483=EDGE_CURVE('',#8104,#7997,#8107,.T.);
#6484=EDGE_CURVE('',#7995,#7857,#8108,.T.);
#6485=EDGE_CURVE('',#7854,#8109,#8110,.T.);
#6486=EDGE_CURVE('',#8109,#8111,#8112,.T.);
#6487=EDGE_CURVE('',#8113,#8111,#8114,.T.);
#6488=EDGE_CURVE('',#8115,#8113,#8116,.T.);
#6489=EDGE_CURVE('',#8115,#8117,#8118,.T.);
#6490=EDGE_CURVE('',#8117,#8119,#8120,.T.);
#6491=EDGE_CURVE('',#8104,#8119,#8121,.T.);
#6492=EDGE_CURVE('',#8119,#8122,#8123,.T.);
#6493=EDGE_CURVE('',#8122,#8124,#8125,.T.);
#6494=EDGE_CURVE('',#8124,#8126,#8127,.T.);
#6495=EDGE_CURVE('',#8126,#8128,#8129,.T.);
#6496=EDGE_CURVE('',#8128,#8130,#8131,.T.);
#6497=EDGE_CURVE('',#8130,#8132,#8133,.T.);
#6498=EDGE_CURVE('',#8132,#8134,#8135,.T.);
#6499=EDGE_CURVE('',#8134,#8136,#8137,.T.);
#6500=EDGE_CURVE('',#8136,#8138,#8139,.T.);
#6501=EDGE_CURVE('',#8138,#8140,#8141,.T.);
#6502=EDGE_CURVE('',#8140,#8142,#8143,.T.);
#6503=EDGE_CURVE('',#8142,#8144,#8145,.T.);
#6504=EDGE_CURVE('',#8144,#8146,#8147,.T.);
#6505=EDGE_CURVE('',#8146,#8103,#8148,.T.);
#6506=EDGE_CURVE('',#8149,#8146,#8150,.T.);
#6507=EDGE_CURVE('',#8149,#8151,#8152,.T.);
#6508=EDGE_CURVE('',#8151,#8153,#8154,.T.);
#6509=EDGE_CURVE('',#8155,#8153,#8156,.T.);
#6510=EDGE_CURVE('',#8157,#8155,#8158,.T.);
#6511=EDGE_CURVE('',#8157,#7855,#8159,.T.);
#6512=EDGE_CURVE('',#7970,#7885,#8160,.T.);
#6513=EDGE_CURVE('',#7973,#7883,#8161,.T.);
#6514=EDGE_CURVE('',#7881,#7975,#8162,.T.);
#6515=EDGE_CURVE('',#8163,#8164,#8165,.T.);
#6516=EDGE_CURVE('',#7863,#8163,#8166,.T.);
#6517=EDGE_CURVE('',#7861,#7991,#8167,.T.);
#6518=EDGE_CURVE('',#8168,#7989,#8169,.T.);
#6519=EDGE_CURVE('',#8170,#8168,#8171,.T.);
#6520=EDGE_CURVE('',#8170,#8164,#8172,.T.);
#6521=EDGE_CURVE('',#8173,#8174,#8175,.T.);
#6522=EDGE_CURVE('',#7977,#8173,#8176,.T.);
#6523=EDGE_CURVE('',#8177,#7879,#8178,.T.);
#6524=EDGE_CURVE('',#8179,#8177,#8180,.T.);
#6525=EDGE_CURVE('',#8179,#8174,#8181,.T.);
#6526=EDGE_CURVE('',#8182,#8170,#8183,.T.);
#6527=EDGE_CURVE('',#8182,#8184,#8185,.T.);
#6528=EDGE_CURVE('',#8164,#8184,#8186,.T.);
#6529=EDGE_CURVE('',#8187,#8184,#8188,.T.);
#6530=EDGE_CURVE('',#8187,#8189,#8190,.T.);
#6531=EDGE_CURVE('',#8191,#8189,#8192,.T.);
#6532=EDGE_CURVE('',#8191,#8163,#8193,.T.);
#6533=EDGE_CURVE('',#7865,#8191,#8194,.T.);
#6534=EDGE_CURVE('',#8195,#8196,#8197,.T.);
#6535=EDGE_CURVE('',#8196,#7877,#8198,.T.);
#6536=EDGE_CURVE('',#7355,#7875,#8199,.T.);
#6537=EDGE_CURVE('',#8200,#7353,#8201,.T.);
#6538=EDGE_CURVE('',#8202,#8200,#8203,.T.);
#6539=EDGE_CURVE('',#8204,#8202,#8205,.T.);
#6540=EDGE_CURVE('',#8206,#8204,#8207,.T.);
#6541=EDGE_CURVE('',#8208,#8206,#8209,.T.);
#6542=EDGE_CURVE('',#8210,#8208,#8211,.T.);
#6543=EDGE_CURVE('',#7981,#8210,#8212,.T.);
#6544=EDGE_CURVE('',#7979,#8213,#8214,.T.);
#6545=EDGE_CURVE('',#8213,#8215,#8216,.T.);
#6546=EDGE_CURVE('',#8215,#8195,#8217,.T.);
#6547=EDGE_CURVE('',#8218,#8219,#8220,.T.);
#6548=EDGE_CURVE('',#8219,#7987,#8221,.T.);
#6549=EDGE_CURVE('',#7403,#7985,#8222,.T.);
#6550=EDGE_CURVE('',#8223,#7412,#8224,.T.);
#6551=EDGE_CURVE('',#7447,#8223,#8225,.T.);
#6552=EDGE_CURVE('',#7867,#7388,#8226,.T.);
#6553=EDGE_CURVE('',#8189,#8218,#8227,.T.);
#6554=EDGE_CURVE('',#8228,#8215,#8229,.T.);
#6555=EDGE_CURVE('',#8228,#8230,#8231,.T.);
#6556=EDGE_CURVE('',#8195,#8230,#8232,.T.);
#6557=EDGE_CURVE('',#8196,#8177,#8233,.T.);
#6558=EDGE_CURVE('',#8230,#8234,#8235,.T.);
#6559=EDGE_CURVE('',#8234,#8179,#8236,.T.);
#6560=EDGE_CURVE('',#8234,#8237,#8238,.T.);
#6561=EDGE_CURVE('',#8174,#8237,#8239,.T.);
#6562=EDGE_CURVE('',#8228,#8237,#8240,.T.);
#6563=EDGE_CURVE('',#8213,#8173,#8241,.T.);
#6564=EDGE_CURVE('',#8210,#7283,#8242,.T.);
#6565=EDGE_CURVE('',#8243,#8208,#8244,.T.);
#6566=EDGE_CURVE('',#8243,#7374,#8245,.T.);
#6567=EDGE_CURVE('',#7372,#8246,#8247,.T.);
#6568=EDGE_CURVE('',#7229,#8246,#8248,.T.);
#6569=EDGE_CURVE('',#8206,#8249,#8250,.T.);
#6570=EDGE_CURVE('',#8251,#8249,#8252,.T.);
#6571=EDGE_CURVE('',#8251,#8243,#8253,.T.);
#6572=EDGE_CURVE('',#8254,#7231,#8255,.T.);
#6573=EDGE_CURVE('',#8246,#8256,#8257,.T.);
#6574=EDGE_CURVE('',#8256,#8254,#8258,.T.);
#6575=EDGE_CURVE('',#8259,#8251,#8260,.T.);
#6576=EDGE_CURVE('',#7351,#8259,#8261,.T.);
#6577=EDGE_CURVE('',#8200,#8262,#8263,.T.);
#6578=EDGE_CURVE('',#8259,#8262,#8264,.T.);
#6579=EDGE_CURVE('',#8265,#7245,#8266,.T.);
#6580=EDGE_CURVE('',#8267,#8265,#8268,.T.);
#6581=EDGE_CURVE('',#8267,#7359,#8269,.T.);
#6582=EDGE_CURVE('',#8249,#8270,#8271,.T.);
#6583=EDGE_CURVE('',#8270,#8272,#8273,.T.);
#6584=EDGE_CURVE('',#8272,#8274,#8275,.T.);
#6585=EDGE_CURVE('',#8274,#7517,#8276,.T.);
#6586=EDGE_CURVE('',#8277,#7515,#8278,.T.);
#6587=EDGE_CURVE('',#8277,#8262,#8279,.T.);
#6588=EDGE_CURVE('',#8280,#7243,#8281,.T.);
#6589=EDGE_CURVE('',#8280,#8265,#8282,.T.);
#6590=EDGE_CURVE('',#8283,#8277,#8284,.T.);
#6591=EDGE_CURVE('',#8285,#8283,#8286,.T.);
#6592=EDGE_CURVE('',#8287,#8285,#8288,.T.);
#6593=EDGE_CURVE('',#8287,#8202,#8289,.T.);
#6594=EDGE_CURVE('',#8280,#7541,#8290,.T.);
#6595=EDGE_CURVE('',#8291,#7539,#8292,.T.);
#6596=EDGE_CURVE('',#8293,#8291,#8294,.T.);
#6597=EDGE_CURVE('',#8295,#8293,#8296,.T.);
#6598=EDGE_CURVE('',#8254,#8295,#8297,.T.);
#6599=EDGE_CURVE('',#8256,#8267,#8298,.T.);
#6600=EDGE_CURVE('',#8295,#7233,#8299,.T.);
#6601=EDGE_CURVE('',#8300,#8301,#8302,.T.);
#6602=EDGE_CURVE('',#8301,#8303,#8304,.T.);
#6603=EDGE_CURVE('',#8305,#8303,#8306,.T.);
#6604=EDGE_CURVE('',#8305,#8270,#8307,.T.);
#6605=EDGE_CURVE('',#8300,#8204,#8308,.T.);
#6606=EDGE_CURVE('',#8293,#7235,#8309,.T.);
#6607=EDGE_CURVE('',#8310,#8272,#8311,.T.);
#6608=EDGE_CURVE('',#8305,#8310,#8312,.T.);
#6609=EDGE_CURVE('',#8313,#8314,#8315,.T.);
#6610=EDGE_CURVE('',#8316,#8313,#8317,.T.);
#6611=EDGE_CURVE('',#8316,#7237,#8318,.T.);
#6612=EDGE_CURVE('',#8319,#8291,#8320,.T.);
#6613=EDGE_CURVE('',#8321,#8319,#8322,.T.);
#6614=EDGE_CURVE('',#8321,#8323,#8324,.T.);
#6615=EDGE_CURVE('',#8323,#8325,#8326,.T.);
#6616=EDGE_CURVE('',#8325,#8327,#8328,.T.);
#6617=EDGE_CURVE('',#8327,#8329,#8330,.T.);
#6618=EDGE_CURVE('',#8329,#8331,#8332,.T.);
#6619=EDGE_CURVE('',#8331,#8333,#8334,.T.);
#6620=EDGE_CURVE('',#8333,#8335,#8336,.T.);
#6621=EDGE_CURVE('',#8337,#8335,#8338,.T.);
#6622=EDGE_CURVE('',#8274,#8337,#8339,.T.);
#6623=EDGE_CURVE('',#8310,#8340,#8341,.T.);
#6624=EDGE_CURVE('',#8340,#8342,#8343,.T.);
#6625=EDGE_CURVE('',#8344,#8342,#8345,.T.);
#6626=EDGE_CURVE('',#8346,#8344,#8347,.T.);
#6627=EDGE_CURVE('',#8348,#8346,#8349,.T.);
#6628=EDGE_CURVE('',#8350,#8348,#8351,.T.);
#6629=EDGE_CURVE('',#8352,#8350,#8353,.T.);
#6630=EDGE_CURVE('',#8354,#8352,#8355,.T.);
#6631=EDGE_CURVE('',#8356,#8354,#8357,.T.);
#6632=EDGE_CURVE('',#8358,#8356,#8359,.T.);
#6633=EDGE_CURVE('',#8314,#8358,#8360,.T.);
#6634=EDGE_CURVE('',#8361,#8362,#8363,.T.);
#6635=EDGE_CURVE('',#8364,#8361,#8365,.T.);
#6636=EDGE_CURVE('',#8366,#8364,#8367,.T.);
#6637=EDGE_CURVE('',#8368,#8366,#8369,.T.);
#6638=EDGE_CURVE('',#8370,#8368,#8371,.T.);
#6639=EDGE_CURVE('',#8372,#8370,#8373,.T.);
#6640=EDGE_CURVE('',#8374,#8372,#8375,.T.);
#6641=EDGE_CURVE('',#8376,#8374,#8377,.T.);
#6642=EDGE_CURVE('',#8376,#8378,#8379,.T.);
#6643=EDGE_CURVE('',#8378,#8380,#8381,.T.);
#6644=EDGE_CURVE('',#8380,#8382,#8383,.T.);
#6645=EDGE_CURVE('',#8384,#8382,#8385,.T.);
#6646=EDGE_CURVE('',#8386,#8384,#8387,.T.);
#6647=EDGE_CURVE('',#8386,#8388,#8389,.T.);
#6648=EDGE_CURVE('',#8388,#8390,#8391,.T.);
#6649=EDGE_CURVE('',#8390,#8392,#8393,.T.);
#6650=EDGE_CURVE('',#8392,#8394,#8395,.T.);
#6651=EDGE_CURVE('',#8394,#8396,#8397,.T.);
#6652=EDGE_CURVE('',#8396,#8398,#8399,.T.);
#6653=EDGE_CURVE('',#8398,#8400,#8401,.T.);
#6654=EDGE_CURVE('',#8402,#8400,#8403,.T.);
#6655=EDGE_CURVE('',#7421,#8402,#8404,.T.);
#6656=EDGE_CURVE('',#7419,#7265,#8405,.T.);
#6657=EDGE_CURVE('',#7263,#8406,#8407,.T.);
#6658=EDGE_CURVE('',#8406,#8408,#8409,.T.);
#6659=EDGE_CURVE('',#8410,#8408,#8411,.T.);
#6660=EDGE_CURVE('',#8412,#8410,#8413,.T.);
#6661=EDGE_CURVE('',#8362,#8412,#8414,.T.);
#6662=EDGE_CURVE('',#8358,#8415,#8416,.T.);
#6663=EDGE_CURVE('',#8417,#8415,#8418,.T.);
#6664=EDGE_CURVE('',#8314,#8417,#8419,.T.);
#6665=EDGE_CURVE('',#8420,#8408,#8421,.T.);
#6666=EDGE_CURVE('',#8422,#8420,#8423,.T.);
#6667=EDGE_CURVE('',#8410,#8422,#8424,.T.);
#6668=EDGE_CURVE('',#8425,#8417,#8426,.T.);
#6669=EDGE_CURVE('',#8425,#8313,#8427,.T.);
#6670=EDGE_CURVE('',#8428,#8422,#8429,.T.);
#6671=EDGE_CURVE('',#8412,#8428,#8430,.T.);
#6672=EDGE_CURVE('',#8356,#8431,#8432,.T.);
#6673=EDGE_CURVE('',#8415,#8431,#8433,.T.);
#6674=EDGE_CURVE('',#8434,#8428,#8435,.T.);
#6675=EDGE_CURVE('',#8362,#8434,#8436,.T.);
#6676=EDGE_CURVE('',#8437,#8438,#8439,.T.);
#6677=EDGE_CURVE('',#8440,#8437,#8441,.T.);
#6678=EDGE_CURVE('',#8440,#8442,#8443,.T.);
#6679=EDGE_CURVE('',#8442,#8444,#8445,.T.);
#6680=EDGE_CURVE('',#8444,#8446,#8447,.T.);
#6681=EDGE_CURVE('',#8446,#8448,#8449,.T.);
#6682=EDGE_CURVE('',#8448,#8450,#8451,.T.);
#6683=EDGE_CURVE('',#8450,#8438,#8452,.T.);
#6684=EDGE_CURVE('',#8434,#8453,#8454,.T.);
#6685=EDGE_CURVE('',#8455,#8420,#8456,.T.);
#6686=EDGE_CURVE('',#8455,#8457,#8458,.T.);
#6687=EDGE_CURVE('',#8459,#8457,#8460,.T.);
#6688=EDGE_CURVE('',#8453,#8459,#8461,.T.);
#6689=EDGE_CURVE('',#8462,#8431,#8463,.T.);
#6690=EDGE_CURVE('',#8462,#8464,#8465,.T.);
#6691=EDGE_CURVE('',#8466,#8464,#8467,.T.);
#6692=EDGE_CURVE('',#8468,#8466,#8469,.T.);
#6693=EDGE_CURVE('',#8468,#8425,#8470,.T.);
#6694=EDGE_CURVE('',#8471,#8472,#8473,.T.);
#6695=EDGE_CURVE('',#8472,#8474,#8475,.T.);
#6696=EDGE_CURVE('',#8474,#8476,#8477,.T.);
#6697=EDGE_CURVE('',#8478,#8476,#8479,.T.);
#6698=EDGE_CURVE('',#8480,#8478,#8481,.T.);
#6699=EDGE_CURVE('',#8482,#8480,#8483,.T.);
#6700=EDGE_CURVE('',#8482,#8484,#8485,.T.);
#6701=EDGE_CURVE('',#8471,#8484,#8486,.T.);
#6702=EDGE_CURVE('',#8361,#8450,#8487,.T.);
#6703=EDGE_CURVE('',#8453,#7473,#8488,.T.);
#6704=EDGE_CURVE('',#8438,#7471,#8489,.T.);
#6705=EDGE_CURVE('',#8437,#7469,#8490,.T.);
#6706=EDGE_CURVE('',#8440,#7467,#8491,.T.);
#6707=EDGE_CURVE('',#8442,#7465,#8492,.T.);
#6708=EDGE_CURVE('',#7463,#8370,#8493,.T.);
#6709=EDGE_CURVE('',#8368,#8444,#8494,.T.);
#6710=EDGE_CURVE('',#8348,#8476,#8495,.T.);
#6711=EDGE_CURVE('',#8350,#8474,#8496,.T.);
#6712=EDGE_CURVE('',#8366,#8446,#8497,.T.);
#6713=EDGE_CURVE('',#8352,#8472,#8498,.T.);
#6714=EDGE_CURVE('',#8364,#8448,#8499,.T.);
#6715=EDGE_CURVE('',#8354,#8471,#8500,.T.);
#6716=EDGE_CURVE('',#8484,#7556,#8501,.T.);
#6717=EDGE_CURVE('',#8462,#7554,#8502,.T.);
#6718=EDGE_CURVE('',#8464,#7552,#8503,.T.);
#6719=EDGE_CURVE('',#8466,#7550,#8504,.T.);
#6720=EDGE_CURVE('',#8468,#7548,#8505,.T.);
#6721=EDGE_CURVE('',#8506,#7546,#8507,.T.);
#6722=EDGE_CURVE('',#8506,#8508,#8509,.T.);
#6723=EDGE_CURVE('',#8510,#8508,#8511,.T.);
#6724=EDGE_CURVE('',#8316,#8510,#8512,.T.);
#6725=EDGE_CURVE('',#7263,#8513,#8514,.T.);
#6726=EDGE_CURVE('',#8513,#8515,#8516,.T.);
#6727=EDGE_CURVE('',#8515,#8517,#8518,.T.);
#6728=EDGE_CURVE('',#8406,#8517,#8519,.T.);
#6729=EDGE_CURVE('',#8510,#8520,#8521,.T.);
#6730=EDGE_CURVE('',#8520,#8522,#8523,.T.);
#6731=EDGE_CURVE('',#7237,#8522,#8524,.T.);
#6732=EDGE_CURVE('',#8517,#8525,#8526,.T.);
#6733=EDGE_CURVE('',#8527,#8525,#8528,.T.);
#6734=EDGE_CURVE('',#8527,#7481,#8529,.T.);
#6735=EDGE_CURVE('',#8455,#7479,#8530,.T.);
#6736=EDGE_CURVE('',#8457,#7477,#8531,.T.);
#6737=EDGE_CURVE('',#8459,#7475,#8532,.T.);
#6738=EDGE_CURVE('',#8533,#8527,#8534,.T.);
#6739=EDGE_CURVE('',#8533,#7483,#8535,.T.);
#6740=EDGE_CURVE('',#8536,#7544,#8537,.T.);
#6741=EDGE_CURVE('',#8506,#8536,#8538,.T.);
#6742=EDGE_CURVE('',#8539,#8533,#8540,.T.);
#6743=EDGE_CURVE('',#8539,#8513,#8541,.T.);
#6744=EDGE_CURVE('',#8542,#8539,#8543,.T.);
#6745=EDGE_CURVE('',#8542,#8515,#8544,.T.);
#6746=EDGE_CURVE('',#8542,#8525,#8545,.T.);
#6747=EDGE_CURVE('',#8508,#8546,#8547,.T.);
#6748=EDGE_CURVE('',#8520,#8546,#8548,.T.);
#6749=EDGE_CURVE('',#8549,#8536,#8550,.T.);
#6750=EDGE_CURVE('',#8549,#8546,#8551,.T.);
#6751=EDGE_CURVE('',#8522,#8549,#8552,.T.);
#6752=EDGE_CURVE('',#8482,#7558,#8553,.T.);
#6753=EDGE_CURVE('',#8480,#7560,#8554,.T.);
#6754=EDGE_CURVE('',#8478,#7562,#8555,.T.);
#6755=EDGE_CURVE('',#7564,#8346,#8556,.T.);
#6756=EDGE_CURVE('',#8372,#7461,#8557,.T.);
#6757=EDGE_CURVE('',#8344,#7566,#8558,.T.);
#6758=EDGE_CURVE('',#8559,#7664,#8560,.T.);
#6759=EDGE_CURVE('',#8374,#8559,#8561,.T.);
#6760=EDGE_CURVE('',#8376,#8562,#8563,.T.);
#6761=EDGE_CURVE('',#8562,#8559,#8564,.T.);
#6762=EDGE_CURVE('',#7662,#8565,#8566,.T.);
#6763=EDGE_CURVE('',#8565,#8567,#8568,.T.);
#6764=EDGE_CURVE('',#8562,#8567,#8569,.T.);
#6765=EDGE_CURVE('',#7455,#8570,#8571,.T.);
#6766=EDGE_CURVE('',#8572,#8570,#8573,.T.);
#6767=EDGE_CURVE('',#8378,#8572,#8574,.T.);
#6768=EDGE_CURVE('',#8340,#8567,#8575,.T.);
#6769=EDGE_CURVE('',#8303,#8576,#8577,.T.);
#6770=EDGE_CURVE('',#8576,#7512,#8578,.T.);
#6771=EDGE_CURVE('',#7513,#8579,#8580,.T.);
#6772=EDGE_CURVE('',#7575,#8579,#8581,.T.);
#6773=EDGE_CURVE('',#8582,#8583,#8584,.T.);
#6774=EDGE_CURVE('',#8583,#8585,#8586,.T.);
#6775=EDGE_CURVE('',#7577,#8585,#8587,.T.);
#6776=EDGE_CURVE('',#8579,#8588,#8589,.T.);
#6777=EDGE_CURVE('',#8590,#8588,#8591,.T.);
#6778=EDGE_CURVE('',#8592,#8590,#8593,.T.);
#6779=EDGE_CURVE('',#8592,#8594,#8595,.T.);
#6780=EDGE_CURVE('',#8594,#8596,#8597,.T.);
#6781=EDGE_CURVE('',#8598,#8596,#8599,.T.);
#6782=EDGE_CURVE('',#8600,#8598,#8601,.T.);
#6783=EDGE_CURVE('',#8600,#8602,#8603,.T.);
#6784=EDGE_CURVE('',#8602,#8604,#8605,.T.);
#6785=EDGE_CURVE('',#8606,#8604,#8607,.T.);
#6786=EDGE_CURVE('',#8608,#8606,#8609,.T.);
#6787=EDGE_CURVE('',#8608,#8610,#8611,.T.);
#6788=EDGE_CURVE('',#8610,#8612,#8613,.T.);
#6789=EDGE_CURVE('',#8614,#8612,#8615,.T.);
#6790=EDGE_CURVE('',#8616,#8614,#8617,.T.);
#6791=EDGE_CURVE('',#8616,#8618,#8619,.T.);
#6792=EDGE_CURVE('',#8618,#8620,#8621,.T.);
#6793=EDGE_CURVE('',#8622,#8620,#8623,.T.);
#6794=EDGE_CURVE('',#8582,#8622,#8624,.T.);
#6795=EDGE_CURVE('',#8625,#8582,#8626,.T.);
#6796=EDGE_CURVE('',#8622,#8627,#8628,.T.);
#6797=EDGE_CURVE('',#8627,#8625,#8629,.T.);
#6798=EDGE_CURVE('',#8630,#8631,#8632,.T.);
#6799=EDGE_CURVE('',#8631,#8633,#8634,.T.);
#6800=EDGE_CURVE('',#8635,#8633,#8636,.T.);
#6801=EDGE_CURVE('',#8637,#8635,#8638,.T.);
#6802=EDGE_CURVE('',#8630,#8637,#8639,.T.);
#6803=EDGE_CURVE('',#8640,#8641,#8642,.T.);
#6804=EDGE_CURVE('',#8641,#8643,#8644,.T.);
#6805=EDGE_CURVE('',#8645,#8643,#8646,.T.);
#6806=EDGE_CURVE('',#8647,#8645,#8648,.T.);
#6807=EDGE_CURVE('',#8649,#8647,#8650,.T.);
#6808=EDGE_CURVE('',#8640,#8649,#8651,.T.);
#6809=EDGE_CURVE('',#8652,#8653,#8654,.T.);
#6810=EDGE_CURVE('',#8653,#8655,#8656,.T.);
#6811=EDGE_CURVE('',#8657,#8655,#8658,.T.);
#6812=EDGE_CURVE('',#8659,#8657,#8660,.T.);
#6813=EDGE_CURVE('',#8661,#8659,#8662,.T.);
#6814=EDGE_CURVE('',#8652,#8661,#8663,.T.);
#6815=EDGE_CURVE('',#8664,#8665,#8666,.T.);
#6816=EDGE_CURVE('',#8665,#8667,#8668,.T.);
#6817=EDGE_CURVE('',#8669,#8667,#8670,.T.);
#6818=EDGE_CURVE('',#8671,#8669,#8672,.T.);
#6819=EDGE_CURVE('',#8673,#8671,#8674,.T.);
#6820=EDGE_CURVE('',#8664,#8673,#8675,.T.);
#6821=EDGE_CURVE('',#8627,#8676,#8677,.T.);
#6822=EDGE_CURVE('',#8676,#8678,#8679,.T.);
#6823=EDGE_CURVE('',#8680,#8678,#8681,.T.);
#6824=EDGE_CURVE('',#8682,#8680,#8683,.T.);
#6825=EDGE_CURVE('',#8625,#8682,#8684,.T.);
#6826=EDGE_CURVE('',#8685,#8686,#8687,.T.);
#6827=EDGE_CURVE('',#7581,#8685,#8688,.T.);
#6828=EDGE_CURVE('',#7579,#8689,#8690,.T.);
#6829=EDGE_CURVE('',#8689,#8686,#8691,.T.);
#6830=EDGE_CURVE('',#8637,#8592,#8692,.T.);
#6831=EDGE_CURVE('',#8590,#8630,#8693,.T.);
#6832=EDGE_CURVE('',#8588,#8631,#8694,.T.);
#6833=EDGE_CURVE('',#8596,#8641,#8695,.T.);
#6834=EDGE_CURVE('',#8598,#8640,#8696,.T.);
#6835=EDGE_CURVE('',#8604,#8653,#8697,.T.);
#6836=EDGE_CURVE('',#8606,#8652,#8698,.T.);
#6837=EDGE_CURVE('',#8612,#8665,#8699,.T.);
#6838=EDGE_CURVE('',#8614,#8664,#8700,.T.);
#6839=EDGE_CURVE('',#8620,#8676,#8701,.T.);
#6840=EDGE_CURVE('',#8585,#8689,#8702,.T.);
#6841=EDGE_CURVE('',#8633,#7600,#8703,.T.);
#6842=EDGE_CURVE('',#8704,#8705,#8706,.T.);
#6843=EDGE_CURVE('',#8707,#8704,#8708,.T.);
#6844=EDGE_CURVE('',#8709,#8707,#8710,.T.);
#6845=EDGE_CURVE('',#8711,#8709,#8712,.T.);
#6846=EDGE_CURVE('',#8713,#8711,#8714,.T.);
#6847=EDGE_CURVE('',#8715,#8713,#8716,.T.);
#6848=EDGE_CURVE('',#8717,#8715,#8718,.T.);
#6849=EDGE_CURVE('',#8717,#8719,#8720,.T.);
#6850=EDGE_CURVE('',#8721,#8719,#8722,.T.);
#6851=EDGE_CURVE('',#8723,#8721,#8724,.T.);
#6852=EDGE_CURVE('',#8705,#8723,#8725,.T.);
#6853=EDGE_CURVE('',#8726,#8727,#8728,.T.);
#6854=EDGE_CURVE('',#8729,#8726,#8730,.T.);
#6855=EDGE_CURVE('',#8731,#8729,#8732,.T.);
#6856=EDGE_CURVE('',#8733,#8731,#8734,.T.);
#6857=EDGE_CURVE('',#8735,#8733,#8736,.T.);
#6858=EDGE_CURVE('',#8735,#8737,#8738,.T.);
#6859=EDGE_CURVE('',#8739,#8737,#8740,.T.);
#6860=EDGE_CURVE('',#8741,#8739,#8742,.T.);
#6861=EDGE_CURVE('',#8743,#8741,#8744,.T.);
#6862=EDGE_CURVE('',#8745,#8743,#8746,.T.);
#6863=EDGE_CURVE('',#8727,#8745,#8747,.T.);
#6864=EDGE_CURVE('',#8682,#8685,#8748,.T.);
#6865=EDGE_CURVE('',#8671,#8680,#8749,.T.);
#6866=EDGE_CURVE('',#8659,#8669,#8750,.T.);
#6867=EDGE_CURVE('',#8647,#8657,#8751,.T.);
#6868=EDGE_CURVE('',#8635,#8645,#8752,.T.);
#6869=EDGE_CURVE('',#7598,#8753,#8754,.T.);
#6870=EDGE_CURVE('',#8755,#8753,#8756,.T.);
#6871=EDGE_CURVE('',#7586,#8755,#8757,.T.);
#6872=EDGE_CURVE('',#8117,#8705,#8758,.T.);
#6873=EDGE_CURVE('',#8723,#8122,#8759,.T.);
#6874=EDGE_CURVE('',#8721,#8124,#8760,.T.);
#6875=EDGE_CURVE('',#8719,#8126,#8761,.T.);
#6876=EDGE_CURVE('',#8717,#8762,#8763,.T.);
#6877=EDGE_CURVE('',#8762,#8764,#8765,.T.);
#6878=EDGE_CURVE('',#8766,#8764,#8767,.T.);
#6879=EDGE_CURVE('',#8768,#8766,#8769,.T.);
#6880=EDGE_CURVE('',#8768,#8128,#8770,.T.);
#6881=EDGE_CURVE('',#8130,#8771,#8772,.T.);
#6882=EDGE_CURVE('',#8768,#8771,#8773,.T.);
#6883=EDGE_CURVE('',#8766,#8774,#8775,.T.);
#6884=EDGE_CURVE('',#8774,#8776,#8777,.T.);
#6885=EDGE_CURVE('',#8776,#8778,#8779,.T.);
#6886=EDGE_CURVE('',#8778,#8771,#8780,.T.);
#6887=EDGE_CURVE('',#8781,#8782,#8783,.T.);
#6888=EDGE_CURVE('',#8782,#8784,#8785,.T.);
#6889=EDGE_CURVE('',#8784,#8786,#8787,.T.);
#6890=EDGE_CURVE('',#8786,#8788,#8789,.T.);
#6891=EDGE_CURVE('',#8790,#8788,#8791,.T.);
#6892=EDGE_CURVE('',#8790,#8781,#8792,.T.);
#6893=EDGE_CURVE('',#8755,#8132,#8793,.T.);
#6894=EDGE_CURVE('',#8778,#8794,#8795,.T.);
#6895=EDGE_CURVE('',#8794,#8796,#8797,.T.);
#6896=EDGE_CURVE('',#8796,#7586,#8798,.T.);
#6897=EDGE_CURVE('',#8109,#8157,#8799,.T.);
#6898=EDGE_CURVE('',#8705,#8115,#8800,.T.);
#6899=EDGE_CURVE('',#8739,#8149,#8801,.T.);
#6900=EDGE_CURVE('',#8151,#8739,#8802,.T.);
#6901=EDGE_CURVE('',#8803,#8717,#8804,.T.);
#6902=EDGE_CURVE('',#7588,#8803,#8805,.T.);
#6903=EDGE_CURVE('',#8762,#8796,#8806,.T.);
#6904=EDGE_CURVE('',#7598,#8807,#8808,.T.);
#6905=EDGE_CURVE('',#8809,#7596,#8810,.T.);
#6906=EDGE_CURVE('',#8809,#8727,#8811,.T.);
#6907=EDGE_CURVE('',#8812,#8727,#8813,.T.);
#6908=EDGE_CURVE('',#8807,#8812,#8814,.T.);
#6909=EDGE_CURVE('',#8815,#7849,#8816,.T.);
#6910=EDGE_CURVE('',#8815,#7677,#8817,.T.);
#6911=EDGE_CURVE('',#8709,#7675,#8818,.T.);
#6912=EDGE_CURVE('',#8707,#8819,#8820,.T.);
#6913=EDGE_CURVE('',#8819,#8111,#8821,.T.);
#6914=EDGE_CURVE('',#8155,#8822,#8823,.T.);
#6915=EDGE_CURVE('',#8735,#8822,#8824,.T.);
#6916=EDGE_CURVE('',#8733,#7650,#8825,.T.);
#6917=EDGE_CURVE('',#8731,#7652,#8826,.T.);
#6918=EDGE_CURVE('',#8729,#7654,#8827,.T.);
#6919=EDGE_CURVE('',#8726,#7656,#8828,.T.);
#6920=EDGE_CURVE('',#8809,#7658,#8829,.T.);
#6921=EDGE_CURVE('',#8830,#8822,#8831,.T.);
#6922=EDGE_CURVE('',#8737,#8830,#8832,.T.);
#6923=EDGE_CURVE('',#8153,#8830,#8833,.T.);
#6924=EDGE_CURVE('',#8819,#8834,#8835,.T.);
#6925=EDGE_CURVE('',#8834,#8113,#8836,.T.);
#6926=EDGE_CURVE('',#8704,#8834,#8837,.T.);
#6927=EDGE_CURVE('',#8711,#7673,#8838,.T.);
#6928=EDGE_CURVE('',#8713,#7671,#8839,.T.);
#6929=EDGE_CURVE('',#8715,#7669,#8840,.T.);
#6930=EDGE_CURVE('',#8803,#7667,#8841,.T.);
#6931=EDGE_CURVE('',#8842,#7824,#8843,.T.);
#6932=EDGE_CURVE('',#8815,#8842,#8844,.T.);
#6933=EDGE_CURVE('',#7932,#8842,#8845,.T.);
#6934=EDGE_CURVE('',#8846,#8847,#8848,.T.);
#6935=EDGE_CURVE('',#8842,#8847,#8849,.T.);
#6936=EDGE_CURVE('',#7839,#8846,#8850,.T.);
#6937=EDGE_CURVE('',#8851,#8852,#8853,.T.);
#6938=EDGE_CURVE('',#8049,#8851,#8854,.T.);
#6939=EDGE_CURVE('',#8852,#8057,#8855,.T.);
#6940=EDGE_CURVE('',#8856,#7832,#8857,.T.);
#6941=EDGE_CURVE('',#8856,#8846,#8858,.T.);
#6942=EDGE_CURVE('',#8859,#8055,#8860,.T.);
#6943=EDGE_CURVE('',#8852,#8859,#8861,.T.);
#6944=EDGE_CURVE('',#8862,#8859,#8863,.T.);
#6945=EDGE_CURVE('',#8862,#8864,#8865,.T.);
#6946=EDGE_CURVE('',#8864,#8866,#8867,.T.);
#6947=EDGE_CURVE('',#8866,#8851,#8868,.T.);
#6948=EDGE_CURVE('',#8869,#7830,#8870,.T.);
#6949=EDGE_CURVE('',#8869,#8856,#8871,.T.);
#6950=EDGE_CURVE('',#8048,#8866,#8872,.T.);
#6951=EDGE_CURVE('',#8873,#8869,#8874,.T.);
#6952=EDGE_CURVE('',#8875,#8873,#8876,.T.);
#6953=EDGE_CURVE('',#8875,#8847,#8877,.T.);
#6954=EDGE_CURVE('',#8053,#8862,#8878,.T.);
#6955=EDGE_CURVE('',#8875,#7826,#8879,.T.);
#6956=EDGE_CURVE('',#8873,#7828,#8880,.T.);
#6957=EDGE_CURVE('',#8051,#8864,#8881,.T.);
#6958=EDGE_CURVE('',#8741,#8144,#8882,.T.);
#6959=EDGE_CURVE('',#8743,#8142,#8883,.T.);
#6960=EDGE_CURVE('',#8745,#8140,#8884,.T.);
#6961=EDGE_CURVE('',#8138,#8788,#8885,.T.);
#6962=EDGE_CURVE('',#8786,#8886,#8887,.T.);
#6963=EDGE_CURVE('',#8886,#8812,#8888,.T.);
#6964=EDGE_CURVE('',#8889,#8794,#8890,.T.);
#6965=EDGE_CURVE('',#8891,#8889,#8892,.T.);
#6966=EDGE_CURVE('',#8764,#8891,#8893,.T.);
#6967=EDGE_CURVE('',#8894,#8886,#8895,.T.);
#6968=EDGE_CURVE('',#8896,#8894,#8897,.T.);
#6969=EDGE_CURVE('',#8898,#8896,#8899,.T.);
#6970=EDGE_CURVE('',#8807,#8898,#8900,.T.);
#6971=EDGE_CURVE('',#8774,#8891,#8901,.T.);
#6972=EDGE_CURVE('',#8776,#8889,#8902,.T.);
#6973=EDGE_CURVE('',#8753,#8134,#8903,.T.);
#6974=EDGE_CURVE('',#8781,#8898,#8904,.T.);
#6975=EDGE_CURVE('',#8790,#8136,#8905,.T.);
#6976=EDGE_CURVE('',#8782,#8896,#8906,.T.);
#6977=EDGE_CURVE('',#8784,#8894,#8907,.T.);
#6978=EDGE_CURVE('',#8908,#8645,#8909,.T.);
#6979=EDGE_CURVE('',#8910,#8908,#8911,.T.);
#6980=EDGE_CURVE('',#8910,#8635,#8912,.T.);
#6981=EDGE_CURVE('',#8913,#8910,#8914,.T.);
#6982=EDGE_CURVE('',#8915,#8913,#8916,.T.);
#6983=EDGE_CURVE('',#8917,#8915,#8918,.T.);
#6984=EDGE_CURVE('',#8637,#8917,#8919,.T.);
#6985=EDGE_CURVE('',#8917,#8920,#8921,.T.);
#6986=EDGE_CURVE('',#8643,#8920,#8922,.T.);
#6987=EDGE_CURVE('',#8643,#8594,#8923,.T.);
#6988=EDGE_CURVE('',#8920,#8924,#8925,.T.);
#6989=EDGE_CURVE('',#8924,#8926,#8927,.T.);
#6990=EDGE_CURVE('',#8926,#8908,#8928,.T.);
#6991=EDGE_CURVE('',#8913,#8926,#8929,.T.);
#6992=EDGE_CURVE('',#8915,#8924,#8930,.T.);
#6993=EDGE_CURVE('',#8931,#8657,#8932,.T.);
#6994=EDGE_CURVE('',#8933,#8931,#8934,.T.);
#6995=EDGE_CURVE('',#8933,#8647,#8935,.T.);
#6996=EDGE_CURVE('',#8936,#8933,#8937,.T.);
#6997=EDGE_CURVE('',#8938,#8936,#8939,.T.);
#6998=EDGE_CURVE('',#8940,#8938,#8941,.T.);
#6999=EDGE_CURVE('',#8649,#8940,#8942,.T.);
#7000=EDGE_CURVE('',#8649,#8600,#8943,.T.);
#7001=EDGE_CURVE('',#8940,#8944,#8945,.T.);
#7002=EDGE_CURVE('',#8655,#8944,#8946,.T.);
#7003=EDGE_CURVE('',#8655,#8602,#8947,.T.);
#7004=EDGE_CURVE('',#8944,#8948,#8949,.T.);
#7005=EDGE_CURVE('',#8948,#8950,#8951,.T.);
#7006=EDGE_CURVE('',#8950,#8931,#8952,.T.);
#7007=EDGE_CURVE('',#8936,#8950,#8953,.T.);
#7008=EDGE_CURVE('',#8938,#8948,#8954,.T.);
#7009=EDGE_CURVE('',#8955,#8669,#8956,.T.);
#7010=EDGE_CURVE('',#8957,#8955,#8958,.T.);
#7011=EDGE_CURVE('',#8957,#8659,#8959,.T.);
#7012=EDGE_CURVE('',#8960,#8957,#8961,.T.);
#7013=EDGE_CURVE('',#8962,#8960,#8963,.T.);
#7014=EDGE_CURVE('',#8964,#8962,#8965,.T.);
#7015=EDGE_CURVE('',#8661,#8964,#8966,.T.);
#7016=EDGE_CURVE('',#8661,#8608,#8967,.T.);
#7017=EDGE_CURVE('',#8964,#8968,#8969,.T.);
#7018=EDGE_CURVE('',#8667,#8968,#8970,.T.);
#7019=EDGE_CURVE('',#8667,#8610,#8971,.T.);
#7020=EDGE_CURVE('',#8968,#8972,#8973,.T.);
#7021=EDGE_CURVE('',#8972,#8974,#8975,.T.);
#7022=EDGE_CURVE('',#8974,#8955,#8976,.T.);
#7023=EDGE_CURVE('',#8960,#8974,#8977,.T.);
#7024=EDGE_CURVE('',#8962,#8972,#8978,.T.);
#7025=EDGE_CURVE('',#8979,#8680,#8980,.T.);
#7026=EDGE_CURVE('',#8981,#8979,#8982,.T.);
#7027=EDGE_CURVE('',#8981,#8671,#8983,.T.);
#7028=EDGE_CURVE('',#8984,#8981,#8985,.T.);
#7029=EDGE_CURVE('',#8986,#8984,#8987,.T.);
#7030=EDGE_CURVE('',#8988,#8986,#8989,.T.);
#7031=EDGE_CURVE('',#8673,#8988,#8990,.T.);
#7032=EDGE_CURVE('',#8673,#8616,#8991,.T.);
#7033=EDGE_CURVE('',#8988,#8992,#8993,.T.);
#7034=EDGE_CURVE('',#8678,#8992,#8994,.T.);
#7035=EDGE_CURVE('',#8678,#8618,#8995,.T.);
#7036=EDGE_CURVE('',#8992,#8996,#8997,.T.);
#7037=EDGE_CURVE('',#8996,#8998,#8999,.T.);
#7038=EDGE_CURVE('',#8998,#8979,#9000,.T.);
#7039=EDGE_CURVE('',#8984,#8998,#9001,.T.);
#7040=EDGE_CURVE('',#8986,#8996,#9002,.T.);
#7041=EDGE_CURVE('',#9003,#8685,#9004,.T.);
#7042=EDGE_CURVE('',#9005,#9003,#9006,.T.);
#7043=EDGE_CURVE('',#9005,#8682,#9007,.T.);
#7044=EDGE_CURVE('',#9008,#9005,#9009,.T.);
#7045=EDGE_CURVE('',#9010,#9008,#9011,.T.);
#7046=EDGE_CURVE('',#9012,#9010,#9013,.T.);
#7047=EDGE_CURVE('',#8625,#9012,#9014,.T.);
#7048=EDGE_CURVE('',#9012,#9015,#9016,.T.);
#7049=EDGE_CURVE('',#8686,#9015,#9017,.T.);
#7050=EDGE_CURVE('',#8686,#8583,#9018,.T.);
#7051=EDGE_CURVE('',#9015,#9019,#9020,.T.);
#7052=EDGE_CURVE('',#9019,#9021,#9022,.T.);
#7053=EDGE_CURVE('',#9021,#9003,#9023,.T.);
#7054=EDGE_CURVE('',#9008,#9021,#9024,.T.);
#7055=EDGE_CURVE('',#9010,#9019,#9025,.T.);
#7056=EDGE_CURVE('',#8576,#8283,#9026,.T.);
#7057=EDGE_CURVE('',#8301,#8285,#9027,.T.);
#7058=EDGE_CURVE('',#7440,#9028,#9029,.T.);
#7059=EDGE_CURVE('',#9028,#8570,#9030,.T.);
#7060=EDGE_CURVE('',#8300,#8287,#9031,.T.);
#7061=EDGE_CURVE('',#7439,#9032,#9033,.T.);
#7062=EDGE_CURVE('',#9032,#9028,#9034,.T.);
#7063=EDGE_CURVE('',#9032,#8223,#9035,.T.);
#7064=EDGE_CURVE('',#7417,#7267,#9036,.T.);
#7065=EDGE_CURVE('',#9037,#7413,#9038,.T.);
#7066=EDGE_CURVE('',#8572,#9037,#9039,.T.);
#7067=EDGE_CURVE('',#8380,#9037,#9040,.T.);
#7068=EDGE_CURVE('',#8382,#7506,#9041,.T.);
#7069=EDGE_CURVE('',#8384,#7504,#9042,.T.);
#7070=EDGE_CURVE('',#8402,#7486,#9043,.T.);
#7071=EDGE_CURVE('',#7488,#8400,#9044,.T.);
#7072=EDGE_CURVE('',#7502,#8386,#9045,.T.);
#7073=EDGE_CURVE('',#8398,#7490,#9046,.T.);
#7074=EDGE_CURVE('',#8396,#7492,#9047,.T.);
#7075=EDGE_CURVE('',#8394,#7494,#9048,.T.);
#7076=EDGE_CURVE('',#8392,#7496,#9049,.T.);
#7077=EDGE_CURVE('',#8390,#7498,#9050,.T.);
#7078=EDGE_CURVE('',#8388,#7500,#9051,.T.);
#7079=EDGE_CURVE('',#8342,#8565,#9052,.T.);
#7080=EDGE_CURVE('',#8337,#7519,#9053,.T.);
#7081=EDGE_CURVE('',#7521,#8335,#9054,.T.);
#7082=EDGE_CURVE('',#8319,#7537,#9055,.T.);
#7083=EDGE_CURVE('',#7535,#8321,#9056,.T.);
#7084=EDGE_CURVE('',#8333,#7523,#9057,.T.);
#7085=EDGE_CURVE('',#8331,#7525,#9058,.T.);
#7086=EDGE_CURVE('',#8329,#7527,#9059,.T.);
#7087=EDGE_CURVE('',#8327,#7529,#9060,.T.);
#7088=EDGE_CURVE('',#8325,#7531,#9061,.T.);
#7089=EDGE_CURVE('',#8323,#7533,#9062,.T.);
#7090=EDGE_CURVE('',#8187,#9063,#9064,.T.);
#7091=EDGE_CURVE('',#8218,#9063,#9065,.T.);
#7092=EDGE_CURVE('',#8219,#8168,#9066,.T.);
#7093=EDGE_CURVE('',#9063,#8182,#9067,.T.);
#7094=EDGE_CURVE('',#7993,#7859,#9068,.T.);
#7095=EDGE_CURVE('',#9069,#9070,#9071,.T.);
#7096=EDGE_CURVE('',#9069,#9072,#9073,.T.);
#7097=EDGE_CURVE('',#9072,#7291,#9074,.T.);
#7098=EDGE_CURVE('',#9075,#7281,#9076,.T.);
#7099=EDGE_CURVE('',#9075,#9070,#9077,.T.);
#7100=EDGE_CURVE('',#9078,#9075,#9079,.T.);
#7101=EDGE_CURVE('',#9080,#9078,#9081,.T.);
#7102=EDGE_CURVE('',#9080,#9070,#9082,.T.);
#7103=EDGE_CURVE('',#9083,#9080,#9084,.T.);
#7104=EDGE_CURVE('',#9069,#9083,#9085,.T.);
#7105=EDGE_CURVE('',#9072,#9086,#9087,.T.);
#7106=EDGE_CURVE('',#9086,#9083,#9088,.T.);
#7107=EDGE_CURVE('',#9089,#9078,#9090,.T.);
#7108=EDGE_CURVE('',#9091,#9089,#9092,.T.);
#7109=EDGE_CURVE('',#9091,#9086,#9093,.T.);
#7110=EDGE_CURVE('',#7870,#9091,#9094,.T.);
#7111=EDGE_CURVE('',#7872,#9089,#9095,.T.);
#7112=EDGE_CURVE('',#7683,#9096,#9097,.T.);
#7113=EDGE_CURVE('',#9096,#7820,#9098,.T.);
#7114=EDGE_CURVE('',#7718,#9096,#9099,.T.);
#7115=EDGE_CURVE('',#7716,#9100,#9101,.T.);
#7116=EDGE_CURVE('',#9100,#9096,#9102,.T.);
#7117=EDGE_CURVE('',#7685,#9100,#9103,.T.);
#7118=EDGE_CURVE('',#7781,#9100,#9104,.T.);
#7119=EDGE_CURVE('',#9105,#7734,#9106,.T.);
#7120=EDGE_CURVE('',#7626,#9107,#9108,.T.);
#7121=EDGE_CURVE('',#9105,#9107,#9109,.T.);
#7122=EDGE_CURVE('',#9107,#9110,#9111,.T.);
#7123=EDGE_CURVE('',#9112,#9110,#9113,.T.);
#7124=EDGE_CURVE('',#9105,#9112,#9114,.T.);
#7125=EDGE_CURVE('',#9112,#7736,#9115,.T.);
#7126=EDGE_CURVE('',#7624,#9110,#9116,.T.);
#7127=EDGE_CURVE('',#9117,#7742,#9118,.T.);
#7128=EDGE_CURVE('',#7618,#9119,#9120,.T.);
#7129=EDGE_CURVE('',#9117,#9119,#9121,.T.);
#7130=EDGE_CURVE('',#9119,#9122,#9123,.T.);
#7131=EDGE_CURVE('',#9124,#9122,#9125,.T.);
#7132=EDGE_CURVE('',#9117,#9124,#9126,.T.);
#7133=EDGE_CURVE('',#9124,#7744,#9127,.T.);
#7134=EDGE_CURVE('',#7616,#9122,#9128,.T.);
#7135=EDGE_CURVE('',#9129,#7750,#9130,.T.);
#7136=EDGE_CURVE('',#7610,#9131,#9132,.T.);
#7137=EDGE_CURVE('',#9129,#9131,#9133,.T.);
#7138=EDGE_CURVE('',#9131,#9134,#9135,.T.);
#7139=EDGE_CURVE('',#9136,#9134,#9137,.T.);
#7140=EDGE_CURVE('',#9129,#9136,#9138,.T.);
#7141=EDGE_CURVE('',#9136,#7752,#9139,.T.);
#7142=EDGE_CURVE('',#7608,#9134,#9140,.T.);
#7143=EDGE_CURVE('',#9141,#9142,#9143,.T.);
#7144=EDGE_CURVE('',#9141,#7315,#9144,.T.);
#7145=EDGE_CURVE('',#7341,#9142,#9145,.T.);
#7146=EDGE_CURVE('',#9146,#7347,#9147,.T.);
#7147=EDGE_CURVE('',#9146,#9142,#9148,.T.);
#7148=EDGE_CURVE('',#9149,#9146,#9150,.T.);
#7149=EDGE_CURVE('',#9141,#9149,#9151,.T.);
#7150=EDGE_CURVE('',#7309,#9149,#9152,.T.);
#7151=EDGE_CURVE('',#7310,#7345,#9153,.T.);
#7152=DIRECTION('',(-1.0,0.0,0.0));
#7153=DIRECTION('',(0.0,0.0,-1.0));
#7154=DIRECTION('',(1.0,0.0,0.0));
#7155=DIRECTION('',(0.0,0.0,1.0));
#7156=DIRECTION('',(-1.0,0.0,0.0));
#7157=DIRECTION('',(0.0,0.0,-1.0));
#7158=DIRECTION('',(1.0,0.0,0.0));
#7159=DIRECTION('',(0.0,0.0,1.0));
#7160=DIRECTION('',(-1.0,0.0,0.0));
#7161=DIRECTION('',(0.0,0.0,-1.0));
#7162=DIRECTION('',(1.0,0.0,0.0));
#7163=DIRECTION('',(0.0,0.0,1.0));
#7164=DIRECTION('',(-1.0,0.0,0.0));
#7165=DIRECTION('',(0.0,0.0,-1.0));
#7166=DIRECTION('',(1.0,0.0,0.0));
#7167=DIRECTION('',(0.0,0.0,1.0));
#7168=DIRECTION('',(-1.0,0.0,0.0));
#7169=DIRECTION('',(0.0,0.0,-1.0));
#7170=DIRECTION('',(1.0,0.0,0.0));
#7171=DIRECTION('',(0.0,0.0,1.0));
#7172=DIRECTION('',(-1.0,0.0,0.0));
#7173=DIRECTION('',(0.0,0.0,-1.0));
#7174=DIRECTION('',(1.0,0.0,0.0));
#7175=DIRECTION('',(0.0,0.0,1.0));
#7176=DIRECTION('',(-1.0,0.0,0.0));
#7177=DIRECTION('',(0.0,0.0,-1.0));
#7178=DIRECTION('',(1.0,0.0,0.0));
#7179=DIRECTION('',(0.0,0.0,1.0));
#7180=DIRECTION('',(1.0,0.0,0.0));
#7181=DIRECTION('',(0.0,0.0,1.0));
#7182=DIRECTION('',(-1.0,0.0,0.0));
#7183=DIRECTION('',(0.0,0.0,-1.0));
#7184=DIRECTION('',(0.0,0.0,1.0));
#7185=DIRECTION('',(-1.0,0.0,0.0));
#7186=DIRECTION('',(0.0,0.0,-1.0));
#7187=DIRECTION('',(1.0,0.0,0.0));
#7188=DIRECTION('',(-1.0,0.0,0.0));
#7189=DIRECTION('',(0.0,0.0,-1.0));
#7190=DIRECTION('',(1.0,0.0,0.0));
#7191=DIRECTION('',(0.0,0.0,1.0));
#7192=DIRECTION('',(-1.0,0.0,0.0));
#7193=DIRECTION('',(0.0,0.0,-1.0));
#7194=DIRECTION('',(1.0,0.0,0.0));
#7195=DIRECTION('',(0.0,0.0,1.0));
#7196=VERTEX_POINT('',#9154);
#7197=VERTEX_POINT('',#9155);
#7198=LINE('',#9156,#9157);
#7199=VERTEX_POINT('',#9158);
#7200=CIRCLE('',#9159,0.125);
#7201=VERTEX_POINT('',#9160);
#7202=LINE('',#9161,#9162);
#7203=CIRCLE('',#9163,0.125);
#7204=VERTEX_POINT('',#9164);
#7205=VERTEX_POINT('',#9165);
#7206=LINE('',#9166,#9167);
#7207=VERTEX_POINT('',#9168);
#7208=CIRCLE('',#9169,0.125);
#7209=VERTEX_POINT('',#9170);
#7210=LINE('',#9171,#9172);
#7211=CIRCLE('',#9173,0.125);
#7212=VERTEX_POINT('',#9174);
#7213=VERTEX_POINT('',#9175);
#7214=LINE('',#9176,#9177);
#7215=VERTEX_POINT('',#9178);
#7216=CIRCLE('',#9179,0.125);
#7217=VERTEX_POINT('',#9180);
#7218=LINE('',#9181,#9182);
#7219=CIRCLE('',#9183,0.125);
#7220=VERTEX_POINT('',#9184);
#7221=VERTEX_POINT('',#9185);
#7222=LINE('',#9186,#9187);
#7223=VERTEX_POINT('',#9188);
#7224=CIRCLE('',#9189,0.125);
#7225=VERTEX_POINT('',#9190);
#7226=LINE('',#9191,#9192);
#7227=CIRCLE('',#9193,0.125);
#7228=VERTEX_POINT('',#9194);
#7229=VERTEX_POINT('',#9195);
#7230=LINE('',#9196,#9197);
#7231=VERTEX_POINT('',#9198);
#7232=CIRCLE('',#9199,0.55);
#7233=VERTEX_POINT('',#9200);
#7234=LINE('',#9201,#9202);
#7235=VERTEX_POINT('',#9203);
#7236=CIRCLE('',#9204,0.55);
#7237=VERTEX_POINT('',#9205);
#7238=LINE('',#9206,#9207);
#7239=VERTEX_POINT('',#9208);
#7240=LINE('',#9209,#9210);
#7241=VERTEX_POINT('',#9211);
#7242=LINE('',#9212,#9213);
#7243=VERTEX_POINT('',#9214);
#7244=CIRCLE('',#9215,0.25);
#7245=VERTEX_POINT('',#9216);
#7246=LINE('',#9217,#9218);
#7247=VERTEX_POINT('',#9219);
#7248=CIRCLE('',#9220,0.25);
#7249=VERTEX_POINT('',#9221);
#7250=LINE('',#9222,#9223);
#7251=LINE('',#9224,#9225);
#7252=VERTEX_POINT('',#9226);
#7253=VERTEX_POINT('',#9227);
#7254=LINE('',#9228,#9229);
#7255=VERTEX_POINT('',#9230);
#7256=CIRCLE('',#9231,0.25);
#7257=VERTEX_POINT('',#9232);
#7258=LINE('',#9233,#9234);
#7259=VERTEX_POINT('',#9235);
#7260=CIRCLE('',#9236,0.25);
#7261=VERTEX_POINT('',#9237);
#7262=LINE('',#9238,#9239);
#7263=VERTEX_POINT('',#9240);
#7264=LINE('',#9241,#9242);
#7265=VERTEX_POINT('',#9243);
#7266=LINE('',#9244,#9245);
#7267=VERTEX_POINT('',#9246);
#7268=CIRCLE('',#9247,0.55);
#7269=VERTEX_POINT('',#9248);
#7270=LINE('',#9249,#9250);
#7271=VERTEX_POINT('',#9251);
#7272=CIRCLE('',#9252,0.55);
#7273=VERTEX_POINT('',#9253);
#7274=LINE('',#9254,#9255);
#7275=LINE('',#9256,#9257);
#7276=VERTEX_POINT('',#9258);
#7277=VERTEX_POINT('',#9259);
#7278=LINE('',#9260,#9261);
#7279=VERTEX_POINT('',#9262);
#7280=CIRCLE('',#9263,0.25);
#7281=VERTEX_POINT('',#9264);
#7282=LINE('',#9265,#9266);
#7283=VERTEX_POINT('',#9267);
#7284=CIRCLE('',#9268,0.55);
#7285=VERTEX_POINT('',#9269);
#7286=LINE('',#9270,#9271);
#7287=LINE('',#9272,#9273);
#7288=VERTEX_POINT('',#9274);
#7289=VERTEX_POINT('',#9275);
#7290=LINE('',#9276,#9277);
#7291=VERTEX_POINT('',#9278);
#7292=CIRCLE('',#9279,0.55);
#7293=VERTEX_POINT('',#9280);
#7294=LINE('',#9281,#9282);
#7295=VERTEX_POINT('',#9283);
#7296=CIRCLE('',#9284,0.25);
#7297=VERTEX_POINT('',#9285);
#7298=LINE('',#9286,#9287);
#7299=LINE('',#9288,#9289);
#7300=VERTEX_POINT('',#9290);
#7301=LINE('',#9291,#9292);
#7302=VERTEX_POINT('',#9293);
#7303=LINE('',#9294,#9295);
#7304=VERTEX_POINT('',#9296);
#7305=CIRCLE('',#9297,0.29);
#7306=VERTEX_POINT('',#9298);
#7307=LINE('',#9299,#9300);
#7308=LINE('',#9301,#9302);
#7309=VERTEX_POINT('',#9303);
#7310=VERTEX_POINT('',#9304);
#7311=LINE('',#9305,#9306);
#7312=VERTEX_POINT('',#9307);
#7313=CIRCLE('',#9308,0.29);
#7314=LINE('',#9309,#9310);
#7315=VERTEX_POINT('',#9311);
#7316=LINE('',#9312,#9313);
#7317=LINE('',#9314,#9315);
#7318=VERTEX_POINT('',#9316);
#7319=CIRCLE('',#9317,0.2);
#7320=VERTEX_POINT('',#9318);
#7321=LINE('',#9319,#9320);
#7322=CIRCLE('',#9321,0.2);
#7323=VERTEX_POINT('',#9322);
#7324=LINE('',#9323,#9324);
#7325=LINE('',#9325,#9326);
#7326=VERTEX_POINT('',#9327);
#7327=LINE('',#9328,#9329);
#7328=CIRCLE('',#9330,0.2);
#7329=VERTEX_POINT('',#9331);
#7330=LINE('',#9332,#9333);
#7331=VERTEX_POINT('',#9334);
#7332=LINE('',#9335,#9336);
#7333=CIRCLE('',#9337,0.2);
#7334=LINE('',#9338,#9339);
#7335=VERTEX_POINT('',#9340);
#7336=LINE('',#9341,#9342);
#7337=LINE('',#9343,#9344);
#7338=VERTEX_POINT('',#9345);
#7339=CIRCLE('',#9346,0.29);
#7340=LINE('',#9347,#9348);
#7341=VERTEX_POINT('',#9349);
#7342=LINE('',#9350,#9351);
#7343=VERTEX_POINT('',#9352);
#7344=LINE('',#9353,#9354);
#7345=VERTEX_POINT('',#9355);
#7346=CIRCLE('',#9356,0.29);
#7347=VERTEX_POINT('',#9357);
#7348=LINE('',#9358,#9359);
#7349=LINE('',#9360,#9361);
#7350=VERTEX_POINT('',#9362);
#7351=VERTEX_POINT('',#9363);
#7352=CIRCLE('',#9364,0.3);
#7353=VERTEX_POINT('',#9365);
#7354=LINE('',#9366,#9367);
#7355=VERTEX_POINT('',#9368);
#7356=LINE('',#9369,#9370);
#7357=LINE('',#9371,#9372);
#7358=LINE('',#9373,#9374);
#7359=VERTEX_POINT('',#9375);
#7360=LINE('',#9376,#9377);
#7361=VERTEX_POINT('',#9378);
#7362=CIRCLE('',#9379,0.3);
#7363=LINE('',#9380,#9381);
#7364=VERTEX_POINT('',#9382);
#7365=VERTEX_POINT('',#9383);
#7366=LINE('',#9384,#9385);
#7367=VERTEX_POINT('',#9386);
#7368=LINE('',#9387,#9388);
#7369=VERTEX_POINT('',#9389);
#7370=LINE('',#9390,#9391);
#7371=LINE('',#9392,#9393);
#7372=VERTEX_POINT('',#9394);
#7373=LINE('',#9395,#9396);
#7374=VERTEX_POINT('',#9397);
#7375=LINE('',#9398,#9399);
#7376=LINE('',#9400,#9401);
#7377=VERTEX_POINT('',#9402);
#7378=CIRCLE('',#9403,0.3);
#7379=VERTEX_POINT('',#9404);
#7380=B_SPLINE_CURVE_WITH_KNOTS('',3,(#9405,#9406,#9407,#9408,#9409),.UNSPECIFIED.,.F.,.F.,(4,1,4),(0.0,0.5,1.0),.UNSPECIFIED.);
#7381=VERTEX_POINT('',#9410);
#7382=LINE('',#9411,#9412);
#7383=VERTEX_POINT('',#9413);
#7384=B_SPLINE_CURVE_WITH_KNOTS('',3,(#9414,#9415,#9416,#9417,#9418),.UNSPECIFIED.,.F.,.F.,(4,1,4),(0.0,0.5,1.0),.UNSPECIFIED.);
#7385=CIRCLE('',#9419,0.3);
#7386=LINE('',#9420,#9421);
#7387=LINE('',#9422,#9423);
#7388=VERTEX_POINT('',#9424);
#7389=LINE('',#9425,#9426);
#7390=VERTEX_POINT('',#9427);
#7391=LINE('',#9428,#9429);
#7392=VERTEX_POINT('',#9430);
#7393=LINE('',#9431,#9432);
#7394=CIRCLE('',#9433,0.3);
#7395=VERTEX_POINT('',#9434);
#7396=B_SPLINE_CURVE_WITH_KNOTS('',3,(#9435,#9436,#9437,#9438,#9439),.UNSPECIFIED.,.F.,.F.,(4,1,4),(0.0,0.5,1.0),.UNSPECIFIED.);
#7397=VERTEX_POINT('',#9440);
#7398=LINE('',#9441,#9442);
#7399=VERTEX_POINT('',#9443);
#7400=B_SPLINE_CURVE_WITH_KNOTS('',3,(#9444,#9445,#9446,#9447,#9448),.UNSPECIFIED.,.F.,.F.,(4,1,4),(0.0,0.5,1.0),.UNSPECIFIED.);
#7401=CIRCLE('',#9449,0.3);
#7402=VERTEX_POINT('',#9450);
#7403=VERTEX_POINT('',#9451);
#7404=LINE('',#9452,#9453);
#7405=LINE('',#9454,#9455);
#7406=LINE('',#9456,#9457);
#7407=LINE('',#9458,#9459);
#7408=LINE('',#9460,#9461);
#7409=VERTEX_POINT('',#9462);
#7410=LINE('',#9463,#9464);
#7411=CIRCLE('',#9465,0.55);
#7412=VERTEX_POINT('',#9466);
#7413=VERTEX_POINT('',#9467);
#7414=LINE('',#9468,#9469);
#7415=CIRCLE('',#9470,0.55);
#7416=CIRCLE('',#9471,0.55);
#7417=VERTEX_POINT('',#9472);
#7418=LINE('',#9473,#9474);
#7419=VERTEX_POINT('',#9475);
#7420=CIRCLE('',#9476,0.55);
#7421=VERTEX_POINT('',#9477);
#7422=LINE('',#9478,#9479);
#7423=VERTEX_POINT('',#9480);
#7424=LINE('',#9481,#9482);
#7425=VERTEX_POINT('',#9483);
#7426=LINE('',#9484,#9485);
#7427=VERTEX_POINT('',#9486);
#7428=CIRCLE('',#9487,0.25);
#7429=VERTEX_POINT('',#9488);
#7430=LINE('',#9489,#9490);
#7431=CIRCLE('',#9491,0.25);
#7432=LINE('',#9492,#9493);
#7433=VERTEX_POINT('',#9494);
#7434=CIRCLE('',#9495,0.25);
#7435=VERTEX_POINT('',#9496);
#7436=LINE('',#9497,#9498);
#7437=CIRCLE('',#9499,0.25);
#7438=LINE('',#9500,#9501);
#7439=VERTEX_POINT('',#9502);
#7440=VERTEX_POINT('',#9503);
#7441=LINE('',#9504,#9505);
#7442=VERTEX_POINT('',#9506);
#7443=B_SPLINE_CURVE_WITH_KNOTS('',3,(#9507,#9508,#9509,#9510,#9511,#9512),.UNSPECIFIED.,.F.,.F.,(4,1,1,4),(0.0,0.25,0.5,1.0),.UNSPECIFIED.);
#7444=VERTEX_POINT('',#9513);
#7445=LINE('',#9514,#9515);
#7446=LINE('',#9516,#9517);
#7447=VERTEX_POINT('',#9518);
#7448=LINE('',#9519,#9520);
#7449=B_SPLINE_CURVE_WITH_KNOTS('',3,(#9521,#9522,#9523,#9524,#9525,#9526,#9527,#9528),.UNSPECIFIED.,.F.,.F.,(4,1,1,1,1,4),(0.0,0.125,0.25,0.5,0.75,1.0),.UNSPECIFIED.);
#7450=LINE('',#9529,#9530);
#7451=VERTEX_POINT('',#9531);
#7452=VERTEX_POINT('',#9532);
#7453=LINE('',#9533,#9534);
#7454=CIRCLE('',#9535,0.25);
#7455=VERTEX_POINT('',#9536);
#7456=B_SPLINE_CURVE_WITH_KNOTS('',3,(#9537,#9538,#9539,#9540,#9541),.UNSPECIFIED.,.F.,.F.,(4,1,4),(0.0,0.5,1.0),.UNSPECIFIED.);
#7457=CIRCLE('',#9542,0.25);
#7458=VERTEX_POINT('',#9543);
#7459=VERTEX_POINT('',#9544);
#7460=LINE('',#9545,#9546);
#7461=VERTEX_POINT('',#9547);
#7462=CIRCLE('',#9548,0.08);
#7463=VERTEX_POINT('',#9549);
#7464=LINE('',#9550,#9551);
#7465=VERTEX_POINT('',#9552);
#7466=LINE('',#9553,#9554);
#7467=VERTEX_POINT('',#9555);
#7468=CIRCLE('',#9556,0.14);
#7469=VERTEX_POINT('',#9557);
#7470=LINE('',#9558,#9559);
#7471=VERTEX_POINT('',#9560);
#7472=CIRCLE('',#9561,0.16);
#7473=VERTEX_POINT('',#9562);
#7474=LINE('',#9563,#9564);
#7475=VERTEX_POINT('',#9565);
#7476=CIRCLE('',#9566,0.16);
#7477=VERTEX_POINT('',#9567);
#7478=LINE('',#9568,#9569);
#7479=VERTEX_POINT('',#9570);
#7480=CIRCLE('',#9571,0.14);
#7481=VERTEX_POINT('',#9572);
#7482=LINE('',#9573,#9574);
#7483=VERTEX_POINT('',#9575);
#7484=LINE('',#9576,#9577);
#7485=LINE('',#9578,#9579);
#7486=VERTEX_POINT('',#9580);
#7487=CIRCLE('',#9581,0.15);
#7488=VERTEX_POINT('',#9582);
#7489=LINE('',#9583,#9584);
#7490=VERTEX_POINT('',#9585);
#7491=CIRCLE('',#9586,0.15);
#7492=VERTEX_POINT('',#9587);
#7493=LINE('',#9588,#9589);
#7494=VERTEX_POINT('',#9590);
#7495=CIRCLE('',#9591,0.2);
#7496=VERTEX_POINT('',#9592);
#7497=LINE('',#9593,#9594);
#7498=VERTEX_POINT('',#9595);
#7499=CIRCLE('',#9596,0.2);
#7500=VERTEX_POINT('',#9597);
#7501=LINE('',#9598,#9599);
#7502=VERTEX_POINT('',#9600);
#7503=CIRCLE('',#9601,0.15);
#7504=VERTEX_POINT('',#9602);
#7505=LINE('',#9603,#9604);
#7506=VERTEX_POINT('',#9605);
#7507=CIRCLE('',#9606,0.15);
#7508=LINE('',#9607,#9608);
#7509=VERTEX_POINT('',#9609);
#7510=LINE('',#9610,#9611);
#7511=LINE('',#9612,#9613);
#7512=VERTEX_POINT('',#9614);
#7513=VERTEX_POINT('',#9615);
#7514=LINE('',#9616,#9617);
#7515=VERTEX_POINT('',#9618);
#7516=LINE('',#9619,#9620);
#7517=VERTEX_POINT('',#9621);
#7518=LINE('',#9622,#9623);
#7519=VERTEX_POINT('',#9624);
#7520=CIRCLE('',#9625,0.15);
#7521=VERTEX_POINT('',#9626);
#7522=LINE('',#9627,#9628);
#7523=VERTEX_POINT('',#9629);
#7524=CIRCLE('',#9630,0.15);
#7525=VERTEX_POINT('',#9631);
#7526=LINE('',#9632,#9633);
#7527=VERTEX_POINT('',#9634);
#7528=CIRCLE('',#9635,0.2);
#7529=VERTEX_POINT('',#9636);
#7530=LINE('',#9637,#9638);
#7531=VERTEX_POINT('',#9639);
#7532=CIRCLE('',#9640,0.2);
#7533=VERTEX_POINT('',#9641);
#7534=LINE('',#9642,#9643);
#7535=VERTEX_POINT('',#9644);
#7536=CIRCLE('',#9645,0.15);
#7537=VERTEX_POINT('',#9646);
#7538=LINE('',#9647,#9648);
#7539=VERTEX_POINT('',#9649);
#7540=CIRCLE('',#9650,0.15);
#7541=VERTEX_POINT('',#9651);
#7542=LINE('',#9652,#9653);
#7543=LINE('',#9654,#9655);
#7544=VERTEX_POINT('',#9656);
#7545=LINE('',#9657,#9658);
#7546=VERTEX_POINT('',#9659);
#7547=LINE('',#9660,#9661);
#7548=VERTEX_POINT('',#9662);
#7549=LINE('',#9663,#9664);
#7550=VERTEX_POINT('',#9665);
#7551=CIRCLE('',#9666,0.16);
#7552=VERTEX_POINT('',#9667);
#7553=LINE('',#9668,#9669);
#7554=VERTEX_POINT('',#9670);
#7555=CIRCLE('',#9671,0.14);
#7556=VERTEX_POINT('',#9672);
#7557=LINE('',#9673,#9674);
#7558=VERTEX_POINT('',#9675);
#7559=CIRCLE('',#9676,0.14);
#7560=VERTEX_POINT('',#9677);
#7561=LINE('',#9678,#9679);
#7562=VERTEX_POINT('',#9680);
#7563=CIRCLE('',#9681,0.16);
#7564=VERTEX_POINT('',#9682);
#7565=LINE('',#9683,#9684);
#7566=VERTEX_POINT('',#9685);
#7567=LINE('',#9686,#9687);
#7568=VERTEX_POINT('',#9688);
#7569=CIRCLE('',#9689,0.08);
#7570=VERTEX_POINT('',#9690);
#7571=LINE('',#9691,#9692);
#7572=LINE('',#9693,#9694);
#7573=VERTEX_POINT('',#9695);
#7574=LINE('',#9696,#9697);
#7575=VERTEX_POINT('',#9698);
#7576=LINE('',#9699,#9700);
#7577=VERTEX_POINT('',#9701);
#7578=LINE('',#9702,#9703);
#7579=VERTEX_POINT('',#9704);
#7580=LINE('',#9705,#9706);
#7581=VERTEX_POINT('',#9707);
#7582=LINE('',#9708,#9709);
#7583=VERTEX_POINT('',#9710);
#7584=LINE('',#9711,#9712);
#7585=LINE('',#9713,#9714);
#7586=VERTEX_POINT('',#9715);
#7587=LINE('',#9716,#9717);
#7588=VERTEX_POINT('',#9718);
#7589=LINE('',#9719,#9720);
#7590=VERTEX_POINT('',#9721);
#7591=LINE('',#9722,#9723);
#7592=LINE('',#9724,#9725);
#7593=VERTEX_POINT('',#9726);
#7594=VERTEX_POINT('',#9727);
#7595=LINE('',#9728,#9729);
#7596=VERTEX_POINT('',#9730);
#7597=LINE('',#9731,#9732);
#7598=VERTEX_POINT('',#9733);
#7599=LINE('',#9734,#9735);
#7600=VERTEX_POINT('',#9736);
#7601=LINE('',#9737,#9738);
#7602=LINE('',#9739,#9740);
#7603=VERTEX_POINT('',#9741);
#7604=VERTEX_POINT('',#9742);
#7605=LINE('',#9743,#9744);
#7606=VERTEX_POINT('',#9745);
#7607=LINE('',#9746,#9747);
#7608=VERTEX_POINT('',#9748);
#7609=LINE('',#9749,#9750);
#7610=VERTEX_POINT('',#9751);
#7611=LINE('',#9752,#9753);
#7612=VERTEX_POINT('',#9754);
#7613=LINE('',#9755,#9756);
#7614=VERTEX_POINT('',#9757);
#7615=LINE('',#9758,#9759);
#7616=VERTEX_POINT('',#9760);
#7617=LINE('',#9761,#9762);
#7618=VERTEX_POINT('',#9763);
#7619=LINE('',#9764,#9765);
#7620=VERTEX_POINT('',#9766);
#7621=LINE('',#9767,#9768);
#7622=VERTEX_POINT('',#9769);
#7623=LINE('',#9770,#9771);
#7624=VERTEX_POINT('',#9772);
#7625=LINE('',#9773,#9774);
#7626=VERTEX_POINT('',#9775);
#7627=LINE('',#9776,#9777);
#7628=VERTEX_POINT('',#9778);
#7629=LINE('',#9779,#9780);
#7630=VERTEX_POINT('',#9781);
#7631=LINE('',#9782,#9783);
#7632=VERTEX_POINT('',#9784);
#7633=LINE('',#9785,#9786);
#7634=VERTEX_POINT('',#9787);
#7635=LINE('',#9788,#9789);
#7636=VERTEX_POINT('',#9790);
#7637=LINE('',#9791,#9792);
#7638=VERTEX_POINT('',#9793);
#7639=LINE('',#9794,#9795);
#7640=VERTEX_POINT('',#9796);
#7641=CIRCLE('',#9797,0.2);
#7642=VERTEX_POINT('',#9798);
#7643=LINE('',#9799,#9800);
#7644=VERTEX_POINT('',#9801);
#7645=CIRCLE('',#9802,0.2);
#7646=VERTEX_POINT('',#9803);
#7647=LINE('',#9804,#9805);
#7648=VERTEX_POINT('',#9806);
#7649=LINE('',#9807,#9808);
#7650=VERTEX_POINT('',#9809);
#7651=LINE('',#9810,#9811);
#7652=VERTEX_POINT('',#9812);
#7653=CIRCLE('',#9813,0.35);
#7654=VERTEX_POINT('',#9814);
#7655=LINE('',#9815,#9816);
#7656=VERTEX_POINT('',#9817);
#7657=CIRCLE('',#9818,0.25);
#7658=VERTEX_POINT('',#9819);
#7659=LINE('',#9820,#9821);
#7660=CIRCLE('',#9822,0.25);
#7661=LINE('',#9823,#9824);
#7662=VERTEX_POINT('',#9825);
#7663=LINE('',#9826,#9827);
#7664=VERTEX_POINT('',#9828);
#7665=LINE('',#9829,#9830);
#7666=LINE('',#9831,#9832);
#7667=VERTEX_POINT('',#9833);
#7668=CIRCLE('',#9834,0.25);
#7669=VERTEX_POINT('',#9835);
#7670=LINE('',#9836,#9837);
#7671=VERTEX_POINT('',#9838);
#7672=CIRCLE('',#9839,0.25);
#7673=VERTEX_POINT('',#9840);
#7674=LINE('',#9841,#9842);
#7675=VERTEX_POINT('',#9843);
#7676=CIRCLE('',#9844,0.35);
#7677=VERTEX_POINT('',#9845);
#7678=LINE('',#9846,#9847);
#7679=VERTEX_POINT('',#9848);
#7680=LINE('',#9849,#9850);
#7681=VERTEX_POINT('',#9851);
#7682=LINE('',#9852,#9853);
#7683=VERTEX_POINT('',#9854);
#7684=CIRCLE('',#9855,0.2);
#7685=VERTEX_POINT('',#9856);
#7686=LINE('',#9857,#9858);
#7687=VERTEX_POINT('',#9859);
#7688=CIRCLE('',#9860,0.2);
#7689=VERTEX_POINT('',#9861);
#7690=LINE('',#9862,#9863);
#7691=VERTEX_POINT('',#9864);
#7692=LINE('',#9865,#9866);
#7693=LINE('',#9867,#9868);
#7694=VERTEX_POINT('',#9869);
#7695=LINE('',#9870,#9871);
#7696=VERTEX_POINT('',#9872);
#7697=LINE('',#9873,#9874);
#7698=LINE('',#9875,#9876);
#7699=VERTEX_POINT('',#9877);
#7700=VERTEX_POINT('',#9878);
#7701=LINE('',#9879,#9880);
#7702=VERTEX_POINT('',#9881);
#7703=LINE('',#9882,#9883);
#7704=VERTEX_POINT('',#9884);
#7705=CIRCLE('',#9885,0.2);
#7706=LINE('',#9886,#9887);
#7707=CIRCLE('',#9888,0.1);
#7708=VERTEX_POINT('',#9889);
#7709=CIRCLE('',#9890,0.1);
#7710=LINE('',#9891,#9892);
#7711=VERTEX_POINT('',#9893);
#7712=LINE('',#9894,#9895);
#7713=LINE('',#9896,#9897);
#7714=VERTEX_POINT('',#9898);
#7715=LINE('',#9899,#9900);
#7716=VERTEX_POINT('',#9901);
#7717=LINE('',#9902,#9903);
#7718=VERTEX_POINT('',#9904);
#7719=LINE('',#9905,#9906);
#7720=VERTEX_POINT('',#9907);
#7721=LINE('',#9908,#9909);
#7722=VERTEX_POINT('',#9910);
#7723=LINE('',#9911,#9912);
#7724=VERTEX_POINT('',#9913);
#7725=LINE('',#9914,#9915);
#7726=VERTEX_POINT('',#9916);
#7727=LINE('',#9917,#9918);
#7728=VERTEX_POINT('',#9919);
#7729=LINE('',#9920,#9921);
#7730=VERTEX_POINT('',#9922);
#7731=LINE('',#9923,#9924);
#7732=VERTEX_POINT('',#9925);
#7733=LINE('',#9926,#9927);
#7734=VERTEX_POINT('',#9928);
#7735=LINE('',#9929,#9930);
#7736=VERTEX_POINT('',#9931);
#7737=LINE('',#9932,#9933);
#7738=VERTEX_POINT('',#9934);
#7739=LINE('',#9935,#9936);
#7740=VERTEX_POINT('',#9937);
#7741=LINE('',#9938,#9939);
#7742=VERTEX_POINT('',#9940);
#7743=LINE('',#9941,#9942);
#7744=VERTEX_POINT('',#9943);
#7745=LINE('',#9944,#9945);
#7746=VERTEX_POINT('',#9946);
#7747=LINE('',#9947,#9948);
#7748=VERTEX_POINT('',#9949);
#7749=LINE('',#9950,#9951);
#7750=VERTEX_POINT('',#9952);
#7751=LINE('',#9953,#9954);
#7752=VERTEX_POINT('',#9955);
#7753=LINE('',#9956,#9957);
#7754=VERTEX_POINT('',#9958);
#7755=LINE('',#9959,#9960);
#7756=LINE('',#9961,#9962);
#7757=VERTEX_POINT('',#9963);
#7758=CIRCLE('',#9964,0.2);
#7759=VERTEX_POINT('',#9965);
#7760=LINE('',#9966,#9967);
#7761=CIRCLE('',#9968,0.2);
#7762=VERTEX_POINT('',#9969);
#7763=CIRCLE('',#9970,0.2);
#7764=VERTEX_POINT('',#9971);
#7765=LINE('',#9972,#9973);
#7766=CIRCLE('',#9974,0.2);
#7767=VERTEX_POINT('',#9975);
#7768=CIRCLE('',#9976,0.2);
#7769=VERTEX_POINT('',#9977);
#7770=LINE('',#9978,#9979);
#7771=CIRCLE('',#9980,0.2);
#7772=VERTEX_POINT('',#9981);
#7773=CIRCLE('',#9982,0.2);
#7774=VERTEX_POINT('',#9983);
#7775=LINE('',#9984,#9985);
#7776=CIRCLE('',#9986,0.2);
#7777=VERTEX_POINT('',#9987);
#7778=CIRCLE('',#9988,0.2);
#7779=LINE('',#9989,#9990);
#7780=VERTEX_POINT('',#9991);
#7781=VERTEX_POINT('',#9992);
#7782=LINE('',#9993,#9994);
#7783=CIRCLE('',#9995,0.2);
#7784=CIRCLE('',#9996,0.2);
#7785=VERTEX_POINT('',#9997);
#7786=LINE('',#9998,#9999);
#7787=LINE('',#10000,#10001);
#7788=VERTEX_POINT('',#10002);
#7789=LINE('',#10003,#10004);
#7790=CIRCLE('',#10005,0.1);
#7791=VERTEX_POINT('',#10006);
#7792=LINE('',#10007,#10008);
#7793=VERTEX_POINT('',#10009);
#7794=CIRCLE('',#10010,0.1);
#7795=LINE('',#10011,#10012);
#7796=LINE('',#10013,#10014);
#7797=LINE('',#10015,#10016);
#7798=LINE('',#10017,#10018);
#7799=LINE('',#10019,#10020);
#7800=LINE('',#10021,#10022);
#7801=LINE('',#10023,#10024);
#7802=LINE('',#10025,#10026);
#7803=LINE('',#10027,#10028);
#7804=LINE('',#10029,#10030);
#7805=LINE('',#10031,#10032);
#7806=LINE('',#10033,#10034);
#7807=LINE('',#10035,#10036);
#7808=VERTEX_POINT('',#10037);
#7809=LINE('',#10038,#10039);
#7810=CIRCLE('',#10040,0.2);
#7811=CIRCLE('',#10041,0.2);
#7812=VERTEX_POINT('',#10042);
#7813=CIRCLE('',#10043,0.2);
#7814=LINE('',#10044,#10045);
#7815=LINE('',#10046,#10047);
#7816=VERTEX_POINT('',#10048);
#7817=LINE('',#10049,#10050);
#7818=CIRCLE('',#10051,0.2);
#7819=CIRCLE('',#10052,0.2);
#7820=VERTEX_POINT('',#10053);
#7821=CIRCLE('',#10054,0.2);
#7822=LINE('',#10055,#10056);
#7823=LINE('',#10057,#10058);
#7824=VERTEX_POINT('',#10059);
#7825=LINE('',#10060,#10061);
#7826=VERTEX_POINT('',#10062);
#7827=LINE('',#10063,#10064);
#7828=VERTEX_POINT('',#10065);
#7829=CIRCLE('',#10066,0.25);
#7830=VERTEX_POINT('',#10067);
#7831=LINE('',#10068,#10069);
#7832=VERTEX_POINT('',#10070);
#7833=CIRCLE('',#10071,0.25);
#7834=VERTEX_POINT('',#10072);
#7835=LINE('',#10073,#10074);
#7836=LINE('',#10075,#10076);
#7837=VERTEX_POINT('',#10077);
#7838=LINE('',#10078,#10079);
#7839=VERTEX_POINT('',#10080);
#7840=LINE('',#10081,#10082);
#7841=LINE('',#10083,#10084);
#7842=VERTEX_POINT('',#10085);
#7843=LINE('',#10086,#10087);
#7844=VERTEX_POINT('',#10088);
#7845=CIRCLE('',#10089,0.2);
#7846=VERTEX_POINT('',#10090);
#7847=LINE('',#10091,#10092);
#7848=LINE('',#10093,#10094);
#7849=VERTEX_POINT('',#10095);
#7850=VERTEX_POINT('',#10096);
#7851=LINE('',#10097,#10098);
#7852=LINE('',#10099,#10100);
#7853=LINE('',#10101,#10102);
#7854=VERTEX_POINT('',#10103);
#7855=VERTEX_POINT('',#10104);
#7856=LINE('',#10105,#10106);
#7857=VERTEX_POINT('',#10107);
#7858=LINE('',#10108,#10109);
#7859=VERTEX_POINT('',#10110);
#7860=LINE('',#10111,#10112);
#7861=VERTEX_POINT('',#10113);
#7862=LINE('',#10114,#10115);
#7863=VERTEX_POINT('',#10116);
#7864=LINE('',#10117,#10118);
#7865=VERTEX_POINT('',#10119);
#7866=LINE('',#10120,#10121);
#7867=VERTEX_POINT('',#10122);
#7868=LINE('',#10123,#10124);
#7869=LINE('',#10125,#10126);
#7870=VERTEX_POINT('',#10127);
#7871=LINE('',#10128,#10129);
#7872=VERTEX_POINT('',#10130);
#7873=LINE('',#10131,#10132);
#7874=LINE('',#10133,#10134);
#7875=VERTEX_POINT('',#10135);
#7876=LINE('',#10136,#10137);
#7877=VERTEX_POINT('',#10138);
#7878=LINE('',#10139,#10140);
#7879=VERTEX_POINT('',#10141);
#7880=LINE('',#10142,#10143);
#7881=VERTEX_POINT('',#10144);
#7882=LINE('',#10145,#10146);
#7883=VERTEX_POINT('',#10147);
#7884=LINE('',#10148,#10149);
#7885=VERTEX_POINT('',#10150);
#7886=LINE('',#10151,#10152);
#7887=LINE('',#10153,#10154);
#7888=VERTEX_POINT('',#10155);
#7889=VERTEX_POINT('',#10156);
#7890=LINE('',#10157,#10158);
#7891=CIRCLE('',#10159,0.125);
#7892=VERTEX_POINT('',#10160);
#7893=LINE('',#10161,#10162);
#7894=VERTEX_POINT('',#10163);
#7895=LINE('',#10164,#10165);
#7896=VERTEX_POINT('',#10166);
#7897=LINE('',#10167,#10168);
#7898=VERTEX_POINT('',#10169);
#7899=LINE('',#10170,#10171);
#7900=LINE('',#10172,#10173);
#7901=VERTEX_POINT('',#10174);
#7902=CIRCLE('',#10175,0.125);
#7903=VERTEX_POINT('',#10176);
#7904=LINE('',#10177,#10178);
#7905=VERTEX_POINT('',#10179);
#7906=LINE('',#10180,#10181);
#7907=VERTEX_POINT('',#10182);
#7908=LINE('',#10183,#10184);
#7909=LINE('',#10185,#10186);
#7910=VERTEX_POINT('',#10187);
#7911=VERTEX_POINT('',#10188);
#7912=LINE('',#10189,#10190);
#7913=CIRCLE('',#10191,0.125);
#7914=VERTEX_POINT('',#10192);
#7915=LINE('',#10193,#10194);
#7916=VERTEX_POINT('',#10195);
#7917=LINE('',#10196,#10197);
#7918=VERTEX_POINT('',#10198);
#7919=LINE('',#10199,#10200);
#7920=VERTEX_POINT('',#10201);
#7921=LINE('',#10202,#10203);
#7922=LINE('',#10204,#10205);
#7923=VERTEX_POINT('',#10206);
#7924=CIRCLE('',#10207,0.125);
#7925=VERTEX_POINT('',#10208);
#7926=LINE('',#10209,#10210);
#7927=VERTEX_POINT('',#10211);
#7928=LINE('',#10212,#10213);
#7929=VERTEX_POINT('',#10214);
#7930=LINE('',#10215,#10216);
#7931=LINE('',#10217,#10218);
#7932=VERTEX_POINT('',#10219);
#7933=LINE('',#10220,#10221);
#7934=LINE('',#10222,#10223);
#7935=VERTEX_POINT('',#10224);
#7936=VERTEX_POINT('',#10225);
#7937=LINE('',#10226,#10227);
#7938=VERTEX_POINT('',#10228);
#7939=LINE('',#10229,#10230);
#7940=LINE('',#10231,#10232);
#7941=CIRCLE('',#10233,0.3);
#7942=VERTEX_POINT('',#10234);
#7943=LINE('',#10235,#10236);
#7944=CIRCLE('',#10237,0.3);
#7945=VERTEX_POINT('',#10238);
#7946=LINE('',#10239,#10240);
#7947=VERTEX_POINT('',#10241);
#7948=LINE('',#10242,#10243);
#7949=LINE('',#10244,#10245);
#7950=VERTEX_POINT('',#10246);
#7951=LINE('',#10247,#10248);
#7952=VERTEX_POINT('',#10249);
#7953=LINE('',#10250,#10251);
#7954=LINE('',#10252,#10253);
#7955=VERTEX_POINT('',#10254);
#7956=LINE('',#10255,#10256);
#7957=VERTEX_POINT('',#10257);
#7958=LINE('',#10258,#10259);
#7959=LINE('',#10260,#10261);
#7960=VERTEX_POINT('',#10262);
#7961=B_SPLINE_CURVE_WITH_KNOTS('',3,(#10263,#10264,#10265,#10266,#10267,#10268,#10269),.UNSPECIFIED.,.F.,.F.,(4,1,1,1,4),(0.0,0.25,0.5,0.75,1.0),.UNSPECIFIED.);
#7962=VERTEX_POINT('',#10270);
#7963=CIRCLE('',#10271,0.2);
#7964=LINE('',#10272,#10273);
#7965=VERTEX_POINT('',#10274);
#7966=LINE('',#10275,#10276);
#7967=VERTEX_POINT('',#10277);
#7968=LINE('',#10278,#10279);
#7969=LINE('',#10280,#10281);
#7970=VERTEX_POINT('',#10282);
#7971=VERTEX_POINT('',#10283);
#7972=LINE('',#10284,#10285);
#7973=VERTEX_POINT('',#10286);
#7974=LINE('',#10287,#10288);
#7975=VERTEX_POINT('',#10289);
#7976=LINE('',#10290,#10291);
#7977=VERTEX_POINT('',#10292);
#7978=LINE('',#10293,#10294);
#7979=VERTEX_POINT('',#10295);
#7980=LINE('',#10296,#10297);
#7981=VERTEX_POINT('',#10298);
#7982=LINE('',#10299,#10300);
#7983=LINE('',#10301,#10302);
#7984=LINE('',#10303,#10304);
#7985=VERTEX_POINT('',#10305);
#7986=LINE('',#10306,#10307);
#7987=VERTEX_POINT('',#10308);
#7988=LINE('',#10309,#10310);
#7989=VERTEX_POINT('',#10311);
#7990=LINE('',#10312,#10313);
#7991=VERTEX_POINT('',#10314);
#7992=LINE('',#10315,#10316);
#7993=VERTEX_POINT('',#10317);
#7994=LINE('',#10318,#10319);
#7995=VERTEX_POINT('',#10320);
#7996=LINE('',#10321,#10322);
#7997=VERTEX_POINT('',#10323);
#7998=LINE('',#10324,#10325);
#7999=LINE('',#10326,#10327);
#8000=VERTEX_POINT('',#10328);
#8001=VERTEX_POINT('',#10329);
#8002=B_SPLINE_CURVE_WITH_KNOTS('',3,(#10330,#10331,#10332,#10333,#10334,#10335,#10336),.UNSPECIFIED.,.F.,.F.,(4,1,1,1,4),(0.0,0.25,0.5,0.75,1.0),.UNSPECIFIED.);
#8003=VERTEX_POINT('',#10337);
#8004=LINE('',#10338,#10339);
#8005=VERTEX_POINT('',#10340);
#8006=LINE('',#10341,#10342);
#8007=VERTEX_POINT('',#10343);
#8008=LINE('',#10344,#10345);
#8009=CIRCLE('',#10346,0.125);
#8010=VERTEX_POINT('',#10347);
#8011=LINE('',#10348,#10349);
#8012=VERTEX_POINT('',#10350);
#8013=LINE('',#10351,#10352);
#8014=VERTEX_POINT('',#10353);
#8015=LINE('',#10354,#10355);
#8016=VERTEX_POINT('',#10356);
#8017=LINE('',#10357,#10358);
#8018=LINE('',#10359,#10360);
#8019=VERTEX_POINT('',#10361);
#8020=CIRCLE('',#10362,0.125);
#8021=VERTEX_POINT('',#10363);
#8022=LINE('',#10364,#10365);
#8023=VERTEX_POINT('',#10366);
#8024=LINE('',#10367,#10368);
#8025=VERTEX_POINT('',#10369);
#8026=LINE('',#10370,#10371);
#8027=VERTEX_POINT('',#10372);
#8028=B_SPLINE_CURVE_WITH_KNOTS('',3,(#10373,#10374,#10375,#10376,#10377,#10378,#10379),.UNSPECIFIED.,.F.,.F.,(4,1,1,1,4),(0.0,0.25,0.5,0.75,1.0),.UNSPECIFIED.);
#8029=LINE('',#10380,#10381);
#8030=VERTEX_POINT('',#10382);
#8031=LINE('',#10383,#10384);
#8032=CIRCLE('',#10385,0.125);
#8033=VERTEX_POINT('',#10386);
#8034=LINE('',#10387,#10388);
#8035=VERTEX_POINT('',#10389);
#8036=LINE('',#10390,#10391);
#8037=VERTEX_POINT('',#10392);
#8038=LINE('',#10393,#10394);
#8039=VERTEX_POINT('',#10395);
#8040=LINE('',#10396,#10397);
#8041=LINE('',#10398,#10399);
#8042=VERTEX_POINT('',#10400);
#8043=CIRCLE('',#10401,0.125);
#8044=LINE('',#10402,#10403);
#8045=VERTEX_POINT('',#10404);
#8046=B_SPLINE_CURVE_WITH_KNOTS('',3,(#10405,#10406,#10407,#10408,#10409,#10410,#10411),.UNSPECIFIED.,.F.,.F.,(4,1,1,1,4),(0.0,0.25,0.5,0.75,1.0),.UNSPECIFIED.);
#8047=LINE('',#10412,#10413);
#8048=VERTEX_POINT('',#10414);
#8049=VERTEX_POINT('',#10415);
#8050=CIRCLE('',#10416,0.25);
#8051=VERTEX_POINT('',#10417);
#8052=LINE('',#10418,#10419);
#8053=VERTEX_POINT('',#10420);
#8054=CIRCLE('',#10421,0.25);
#8055=VERTEX_POINT('',#10422);
#8056=LINE('',#10423,#10424);
#8057=VERTEX_POINT('',#10425);
#8058=LINE('',#10426,#10427);
#8059=LINE('',#10428,#10429);
#8060=VERTEX_POINT('',#10430);
#8061=LINE('',#10431,#10432);
#8062=LINE('',#10433,#10434);
#8063=CIRCLE('',#10435,0.2);
#8064=LINE('',#10436,#10437);
#8065=LINE('',#10438,#10439);
#8066=LINE('',#10440,#10441);
#8067=LINE('',#10442,#10443);
#8068=LINE('',#10444,#10445);
#8069=LINE('',#10446,#10447);
#8070=VERTEX_POINT('',#10448);
#8071=VERTEX_POINT('',#10449);
#8072=LINE('',#10450,#10451);
#8073=LINE('',#10452,#10453);
#8074=LINE('',#10454,#10455);
#8075=VERTEX_POINT('',#10456);
#8076=LINE('',#10457,#10458);
#8077=CIRCLE('',#10459,0.2);
#8078=VERTEX_POINT('',#10460);
#8079=LINE('',#10461,#10462);
#8080=VERTEX_POINT('',#10463);
#8081=LINE('',#10464,#10465);
#8082=VERTEX_POINT('',#10466);
#8083=LINE('',#10467,#10468);
#8084=CIRCLE('',#10469,0.2);
#8085=LINE('',#10470,#10471);
#8086=LINE('',#10472,#10473);
#8087=LINE('',#10474,#10475);
#8088=VERTEX_POINT('',#10476);
#8089=LINE('',#10477,#10478);
#8090=VERTEX_POINT('',#10479);
#8091=LINE('',#10480,#10481);
#8092=LINE('',#10482,#10483);
#8093=LINE('',#10484,#10485);
#8094=CIRCLE('',#10486,0.3);
#8095=CIRCLE('',#10487,0.3);
#8096=LINE('',#10488,#10489);
#8097=LINE('',#10490,#10491);
#8098=LINE('',#10492,#10493);
#8099=LINE('',#10494,#10495);
#8100=LINE('',#10496,#10497);
#8101=LINE('',#10498,#10499);
#8102=LINE('',#10500,#10501);
#8103=VERTEX_POINT('',#10502);
#8104=VERTEX_POINT('',#10503);
#8105=LINE('',#10504,#10505);
#8106=CIRCLE('',#10506,0.3);
#8107=CIRCLE('',#10507,0.3);
#8108=LINE('',#10508,#10509);
#8109=VERTEX_POINT('',#10510);
#8110=LINE('',#10511,#10512);
#8111=VERTEX_POINT('',#10513);
#8112=LINE('',#10514,#10515);
#8113=VERTEX_POINT('',#10516);
#8114=LINE('',#10517,#10518);
#8115=VERTEX_POINT('',#10519);
#8116=LINE('',#10520,#10521);
#8117=VERTEX_POINT('',#10522);
#8118=LINE('',#10523,#10524);
#8119=VERTEX_POINT('',#10525);
#8120=LINE('',#10526,#10527);
#8121=LINE('',#10528,#10529);
#8122=VERTEX_POINT('',#10530);
#8123=LINE('',#10531,#10532);
#8124=VERTEX_POINT('',#10533);
#8125=LINE('',#10534,#10535);
#8126=VERTEX_POINT('',#10536);
#8127=CIRCLE('',#10537,0.55);
#8128=VERTEX_POINT('',#10538);
#8129=LINE('',#10539,#10540);
#8130=VERTEX_POINT('',#10541);
#8131=LINE('',#10542,#10543);
#8132=VERTEX_POINT('',#10544);
#8133=LINE('',#10545,#10546);
#8134=VERTEX_POINT('',#10547);
#8135=LINE('',#10548,#10549);
#8136=VERTEX_POINT('',#10550);
#8137=LINE('',#10551,#10552);
#8138=VERTEX_POINT('',#10553);
#8139=LINE('',#10554,#10555);
#8140=VERTEX_POINT('',#10556);
#8141=LINE('',#10557,#10558);
#8142=VERTEX_POINT('',#10559);
#8143=CIRCLE('',#10560,0.55);
#8144=VERTEX_POINT('',#10561);
#8145=LINE('',#10562,#10563);
#8146=VERTEX_POINT('',#10564);
#8147=LINE('',#10565,#10566);
#8148=LINE('',#10567,#10568);
#8149=VERTEX_POINT('',#10569);
#8150=LINE('',#10570,#10571);
#8151=VERTEX_POINT('',#10572);
#8152=LINE('',#10573,#10574);
#8153=VERTEX_POINT('',#10575);
#8154=LINE('',#10576,#10577);
#8155=VERTEX_POINT('',#10578);
#8156=LINE('',#10579,#10580);
#8157=VERTEX_POINT('',#10581);
#8158=LINE('',#10582,#10583);
#8159=LINE('',#10584,#10585);
#8160=LINE('',#10586,#10587);
#8161=LINE('',#10588,#10589);
#8162=LINE('',#10590,#10591);
#8163=VERTEX_POINT('',#10592);
#8164=VERTEX_POINT('',#10593);
#8165=LINE('',#10594,#10595);
#8166=CIRCLE('',#10596,0.1);
#8167=LINE('',#10597,#10598);
#8168=VERTEX_POINT('',#10599);
#8169=CIRCLE('',#10600,0.2);
#8170=VERTEX_POINT('',#10601);
#8171=LINE('',#10602,#10603);
#8172=LINE('',#10604,#10605);
#8173=VERTEX_POINT('',#10606);
#8174=VERTEX_POINT('',#10607);
#8175=LINE('',#10608,#10609);
#8176=CIRCLE('',#10610,0.2);
#8177=VERTEX_POINT('',#10611);
#8178=CIRCLE('',#10612,0.1);
#8179=VERTEX_POINT('',#10613);
#8180=LINE('',#10614,#10615);
#8181=LINE('',#10616,#10617);
#8182=VERTEX_POINT('',#10618);
#8183=CIRCLE('',#10619,0.1);
#8184=VERTEX_POINT('',#10620);
#8185=LINE('',#10621,#10622);
#8186=CIRCLE('',#10623,0.1);
#8187=VERTEX_POINT('',#10624);
#8188=LINE('',#10625,#10626);
#8189=VERTEX_POINT('',#10627);
#8190=CIRCLE('',#10628,0.3);
#8191=VERTEX_POINT('',#10629);
#8192=LINE('',#10630,#10631);
#8193=LINE('',#10632,#10633);
#8194=CIRCLE('',#10634,0.1);
#8195=VERTEX_POINT('',#10635);
#8196=VERTEX_POINT('',#10636);
#8197=LINE('',#10637,#10638);
#8198=CIRCLE('',#10639,0.1);
#8199=CIRCLE('',#10640,0.25);
#8200=VERTEX_POINT('',#10641);
#8201=CIRCLE('',#10642,0.25);
#8202=VERTEX_POINT('',#10643);
#8203=LINE('',#10644,#10645);
#8204=VERTEX_POINT('',#10646);
#8205=LINE('',#10647,#10648);
#8206=VERTEX_POINT('',#10649);
#8207=LINE('',#10650,#10651);
#8208=VERTEX_POINT('',#10652);
#8209=CIRCLE('',#10653,0.55);
#8210=VERTEX_POINT('',#10654);
#8211=LINE('',#10655,#10656);
#8212=CIRCLE('',#10657,0.55);
#8213=VERTEX_POINT('',#10658);
#8214=CIRCLE('',#10659,0.2);
#8215=VERTEX_POINT('',#10660);
#8216=LINE('',#10661,#10662);
#8217=LINE('',#10663,#10664);
#8218=VERTEX_POINT('',#10665);
#8219=VERTEX_POINT('',#10666);
#8220=LINE('',#10667,#10668);
#8221=CIRCLE('',#10669,0.2);
#8222=CIRCLE('',#10670,0.55);
#8223=VERTEX_POINT('',#10671);
#8224=LINE('',#10672,#10673);
#8225=LINE('',#10674,#10675);
#8226=CIRCLE('',#10676,0.25);
#8227=LINE('',#10677,#10678);
#8228=VERTEX_POINT('',#10679);
#8229=CIRCLE('',#10680,0.3);
#8230=VERTEX_POINT('',#10681);
#8231=LINE('',#10682,#10683);
#8232=CIRCLE('',#10684,0.3);
#8233=LINE('',#10685,#10686);
#8234=VERTEX_POINT('',#10687);
#8235=LINE('',#10688,#10689);
#8236=CIRCLE('',#10690,0.1);
#8237=VERTEX_POINT('',#10691);
#8238=LINE('',#10692,#10693);
#8239=CIRCLE('',#10694,0.1);
#8240=LINE('',#10695,#10696);
#8241=LINE('',#10697,#10698);
#8242=LINE('',#10699,#10700);
#8243=VERTEX_POINT('',#10701);
#8244=LINE('',#10702,#10703);
#8245=CIRCLE('',#10704,0.3);
#8246=VERTEX_POINT('',#10705);
#8247=CIRCLE('',#10706,0.3);
#8248=LINE('',#10707,#10708);
#8249=VERTEX_POINT('',#10709);
#8250=LINE('',#10710,#10711);
#8251=VERTEX_POINT('',#10712);
#8252=CIRCLE('',#10713,0.55);
#8253=B_SPLINE_CURVE_WITH_KNOTS('',3,(#10714,#10715,#10716,#10717,#10718),.UNSPECIFIED.,.F.,.F.,(4,1,4),(0.0,0.5,1.0),.UNSPECIFIED.);
#8254=VERTEX_POINT('',#10719);
#8255=LINE('',#10720,#10721);
#8256=VERTEX_POINT('',#10722);
#8257=B_SPLINE_CURVE_WITH_KNOTS('',3,(#10723,#10724,#10725,#10726,#10727),.UNSPECIFIED.,.F.,.F.,(4,1,4),(0.0,0.5,1.0),.UNSPECIFIED.);
#8258=CIRCLE('',#10728,0.55);
#8259=VERTEX_POINT('',#10729);
#8260=LINE('',#10730,#10731);
#8261=B_SPLINE_CURVE_WITH_KNOTS('',3,(#10732,#10733,#10734,#10735,#10736),.UNSPECIFIED.,.F.,.F.,(4,1,4),(0.0,0.5,1.0),.UNSPECIFIED.);
#8262=VERTEX_POINT('',#10737);
#8263=LINE('',#10738,#10739);
#8264=CIRCLE('',#10740,0.25);
#8265=VERTEX_POINT('',#10741);
#8266=LINE('',#10742,#10743);
#8267=VERTEX_POINT('',#10744);
#8268=CIRCLE('',#10745,0.25);
#8269=B_SPLINE_CURVE_WITH_KNOTS('',3,(#10746,#10747,#10748,#10749,#10750),.UNSPECIFIED.,.F.,.F.,(4,1,4),(0.0,0.5,1.0),.UNSPECIFIED.);
#8270=VERTEX_POINT('',#10751);
#8271=LINE('',#10752,#10753);
#8272=VERTEX_POINT('',#10754);
#8273=CIRCLE('',#10755,0.55);
#8274=VERTEX_POINT('',#10756);
#8275=LINE('',#10757,#10758);
#8276=LINE('',#10759,#10760);
#8277=VERTEX_POINT('',#10761);
#8278=CIRCLE('',#10762,0.25);
#8279=LINE('',#10763,#10764);
#8280=VERTEX_POINT('',#10765);
#8281=LINE('',#10766,#10767);
#8282=LINE('',#10768,#10769);
#8283=VERTEX_POINT('',#10770);
#8284=LINE('',#10771,#10772);
#8285=VERTEX_POINT('',#10773);
#8286=B_SPLINE_CURVE_WITH_KNOTS('',3,(#10774,#10775,#10776,#10777,#10778,#10779),.UNSPECIFIED.,.F.,.F.,(4,1,1,4),(0.0,0.25,0.5,1.0),.UNSPECIFIED.);
#8287=VERTEX_POINT('',#10780);
#8288=LINE('',#10781,#10782);
#8289=B_SPLINE_CURVE_WITH_KNOTS('',3,(#10783,#10784,#10785,#10786,#10787,#10788,#10789,#10790),.UNSPECIFIED.,.F.,.F.,(4,1,1,1,1,4),(0.0,0.125,0.25,0.5,0.75,1.0),.UNSPECIFIED.);
#8290=CIRCLE('',#10791,0.25);
#8291=VERTEX_POINT('',#10792);
#8292=LINE('',#10793,#10794);
#8293=VERTEX_POINT('',#10795);
#8294=LINE('',#10796,#10797);
#8295=VERTEX_POINT('',#10798);
#8296=CIRCLE('',#10799,0.55);
#8297=LINE('',#10800,#10801);
#8298=LINE('',#10802,#10803);
#8299=LINE('',#10804,#10805);
#8300=VERTEX_POINT('',#10806);
#8301=VERTEX_POINT('',#10807);
#8302=LINE('',#10808,#10809);
#8303=VERTEX_POINT('',#10810);
#8304=B_SPLINE_CURVE_WITH_KNOTS('',3,(#10811,#10812,#10813,#10814,#10815,#10816,#10817,#10818),.UNSPECIFIED.,.F.,.F.,(4,1,1,1,1,4),(0.0,0.125,0.25,0.5,0.75,1.0),.UNSPECIFIED.);
#8305=VERTEX_POINT('',#10819);
#8306=LINE('',#10820,#10821);
#8307=LINE('',#10822,#10823);
#8308=B_SPLINE_CURVE_WITH_KNOTS('',3,(#10824,#10825,#10826,#10827,#10828,#10829,#10830,#10831),.UNSPECIFIED.,.F.,.F.,(4,1,1,1,1,4),(0.0,0.125,0.25,0.5,0.75,1.0),.UNSPECIFIED.);
#8309=LINE('',#10832,#10833);
#8310=VERTEX_POINT('',#10834);
#8311=LINE('',#10835,#10836);
#8312=CIRCLE('',#10837,0.55);
#8313=VERTEX_POINT('',#10838);
#8314=VERTEX_POINT('',#10839);
#8315=LINE('',#10840,#10841);
#8316=VERTEX_POINT('',#10842);
#8317=LINE('',#10843,#10844);
#8318=LINE('',#10845,#10846);
#8319=VERTEX_POINT('',#10847);
#8320=CIRCLE('',#10848,0.15);
#8321=VERTEX_POINT('',#10849);
#8322=LINE('',#10850,#10851);
#8323=VERTEX_POINT('',#10852);
#8324=CIRCLE('',#10853,0.15);
#8325=VERTEX_POINT('',#10854);
#8326=LINE('',#10855,#10856);
#8327=VERTEX_POINT('',#10857);
#8328=CIRCLE('',#10858,0.2);
#8329=VERTEX_POINT('',#10859);
#8330=LINE('',#10860,#10861);
#8331=VERTEX_POINT('',#10862);
#8332=CIRCLE('',#10863,0.2);
#8333=VERTEX_POINT('',#10864);
#8334=LINE('',#10865,#10866);
#8335=VERTEX_POINT('',#10867);
#8336=CIRCLE('',#10868,0.15);
#8337=VERTEX_POINT('',#10869);
#8338=LINE('',#10870,#10871);
#8339=CIRCLE('',#10872,0.15);
#8340=VERTEX_POINT('',#10873);
#8341=LINE('',#10874,#10875);
#8342=VERTEX_POINT('',#10876);
#8343=LINE('',#10877,#10878);
#8344=VERTEX_POINT('',#10879);
#8345=CIRCLE('',#10880,0.08);
#8346=VERTEX_POINT('',#10881);
#8347=LINE('',#10882,#10883);
#8348=VERTEX_POINT('',#10884);
#8349=LINE('',#10885,#10886);
#8350=VERTEX_POINT('',#10887);
#8351=LINE('',#10888,#10889);
#8352=VERTEX_POINT('',#10890);
#8353=LINE('',#10891,#10892);
#8354=VERTEX_POINT('',#10893);
#8355=LINE('',#10894,#10895);
#8356=VERTEX_POINT('',#10896);
#8357=LINE('',#10897,#10898);
#8358=VERTEX_POINT('',#10899);
#8359=LINE('',#10900,#10901);
#8360=LINE('',#10902,#10903);
#8361=VERTEX_POINT('',#10904);
#8362=VERTEX_POINT('',#10905);
#8363=LINE('',#10906,#10907);
#8364=VERTEX_POINT('',#10908);
#8365=LINE('',#10909,#10910);
#8366=VERTEX_POINT('',#10911);
#8367=LINE('',#10912,#10913);
#8368=VERTEX_POINT('',#10914);
#8369=LINE('',#10915,#10916);
#8370=VERTEX_POINT('',#10917);
#8371=LINE('',#10918,#10919);
#8372=VERTEX_POINT('',#10920);
#8373=LINE('',#10921,#10922);
#8374=VERTEX_POINT('',#10923);
#8375=CIRCLE('',#10924,0.08);
#8376=VERTEX_POINT('',#10925);
#8377=LINE('',#10926,#10927);
#8378=VERTEX_POINT('',#10928);
#8379=LINE('',#10929,#10930);
#8380=VERTEX_POINT('',#10931);
#8381=LINE('',#10932,#10933);
#8382=VERTEX_POINT('',#10934);
#8383=LINE('',#10935,#10936);
#8384=VERTEX_POINT('',#10937);
#8385=CIRCLE('',#10938,0.15);
#8386=VERTEX_POINT('',#10939);
#8387=LINE('',#10940,#10941);
#8388=VERTEX_POINT('',#10942);
#8389=CIRCLE('',#10943,0.15);
#8390=VERTEX_POINT('',#10944);
#8391=LINE('',#10945,#10946);
#8392=VERTEX_POINT('',#10947);
#8393=CIRCLE('',#10948,0.2);
#8394=VERTEX_POINT('',#10949);
#8395=LINE('',#10950,#10951);
#8396=VERTEX_POINT('',#10952);
#8397=CIRCLE('',#10953,0.2);
#8398=VERTEX_POINT('',#10954);
#8399=LINE('',#10955,#10956);
#8400=VERTEX_POINT('',#10957);
#8401=CIRCLE('',#10958,0.15);
#8402=VERTEX_POINT('',#10959);
#8403=LINE('',#10960,#10961);
#8404=CIRCLE('',#10962,0.15);
#8405=LINE('',#10963,#10964);
#8406=VERTEX_POINT('',#10965);
#8407=LINE('',#10966,#10967);
#8408=VERTEX_POINT('',#10968);
#8409=LINE('',#10969,#10970);
#8410=VERTEX_POINT('',#10971);
#8411=LINE('',#10972,#10973);
#8412=VERTEX_POINT('',#10974);
#8413=LINE('',#10975,#10976);
#8414=LINE('',#10977,#10978);
#8415=VERTEX_POINT('',#10979);
#8416=LINE('',#10980,#10981);
#8417=VERTEX_POINT('',#10982);
#8418=LINE('',#10983,#10984);
#8419=LINE('',#10985,#10986);
#8420=VERTEX_POINT('',#10987);
#8421=LINE('',#10988,#10989);
#8422=VERTEX_POINT('',#10990);
#8423=LINE('',#10991,#10992);
#8424=LINE('',#10993,#10994);
#8425=VERTEX_POINT('',#10995);
#8426=LINE('',#10996,#10997);
#8427=LINE('',#10998,#10999);
#8428=VERTEX_POINT('',#11000);
#8429=LINE('',#11001,#11002);
#8430=LINE('',#11003,#11004);
#8431=VERTEX_POINT('',#11005);
#8432=LINE('',#11006,#11007);
#8433=LINE('',#11008,#11009);
#8434=VERTEX_POINT('',#11010);
#8435=LINE('',#11011,#11012);
#8436=LINE('',#11013,#11014);
#8437=VERTEX_POINT('',#11015);
#8438=VERTEX_POINT('',#11016);
#8439=CIRCLE('',#11017,0.16);
#8440=VERTEX_POINT('',#11018);
#8441=LINE('',#11019,#11020);
#8442=VERTEX_POINT('',#11021);
#8443=CIRCLE('',#11022,0.14);
#8444=VERTEX_POINT('',#11023);
#8445=LINE('',#11024,#11025);
#8446=VERTEX_POINT('',#11026);
#8447=LINE('',#11027,#11028);
#8448=VERTEX_POINT('',#11029);
#8449=LINE('',#11030,#11031);
#8450=VERTEX_POINT('',#11032);
#8451=LINE('',#11033,#11034);
#8452=LINE('',#11035,#11036);
#8453=VERTEX_POINT('',#11037);
#8454=LINE('',#11038,#11039);
#8455=VERTEX_POINT('',#11040);
#8456=LINE('',#11041,#11042);
#8457=VERTEX_POINT('',#11043);
#8458=CIRCLE('',#11044,0.14);
#8459=VERTEX_POINT('',#11045);
#8460=LINE('',#11046,#11047);
#8461=CIRCLE('',#11048,0.16);
#8462=VERTEX_POINT('',#11049);
#8463=LINE('',#11050,#11051);
#8464=VERTEX_POINT('',#11052);
#8465=CIRCLE('',#11053,0.14);
#8466=VERTEX_POINT('',#11054);
#8467=LINE('',#11055,#11056);
#8468=VERTEX_POINT('',#11057);
#8469=CIRCLE('',#11058,0.16);
#8470=LINE('',#11059,#11060);
#8471=VERTEX_POINT('',#11061);
#8472=VERTEX_POINT('',#11062);
#8473=LINE('',#11063,#11064);
#8474=VERTEX_POINT('',#11065);
#8475=LINE('',#11066,#11067);
#8476=VERTEX_POINT('',#11068);
#8477=LINE('',#11069,#11070);
#8478=VERTEX_POINT('',#11071);
#8479=LINE('',#11072,#11073);
#8480=VERTEX_POINT('',#11074);
#8481=CIRCLE('',#11075,0.16);
#8482=VERTEX_POINT('',#11076);
#8483=LINE('',#11077,#11078);
#8484=VERTEX_POINT('',#11079);
#8485=CIRCLE('',#11080,0.14);
#8486=LINE('',#11081,#11082);
#8487=LINE('',#11083,#11084);
#8488=LINE('',#11085,#11086);
#8489=LINE('',#11087,#11088);
#8490=LINE('',#11089,#11090);
#8491=LINE('',#11091,#11092);
#8492=LINE('',#11093,#11094);
#8493=LINE('',#11095,#11096);
#8494=LINE('',#11097,#11098);
#8495=LINE('',#11099,#11100);
#8496=LINE('',#11101,#11102);
#8497=LINE('',#11103,#11104);
#8498=LINE('',#11105,#11106);
#8499=LINE('',#11107,#11108);
#8500=LINE('',#11109,#11110);
#8501=LINE('',#11111,#11112);
#8502=LINE('',#11113,#11114);
#8503=LINE('',#11115,#11116);
#8504=LINE('',#11117,#11118);
#8505=LINE('',#11119,#11120);
#8506=VERTEX_POINT('',#11121);
#8507=CIRCLE('',#11122,0.29);
#8508=VERTEX_POINT('',#11123);
#8509=LINE('',#11124,#11125);
#8510=VERTEX_POINT('',#11126);
#8511=LINE('',#11127,#11128);
#8512=LINE('',#11129,#11130);
#8513=VERTEX_POINT('',#11131);
#8514=LINE('',#11132,#11133);
#8515=VERTEX_POINT('',#11134);
#8516=CIRCLE('',#11135,0.2);
#8517=VERTEX_POINT('',#11136);
#8518=LINE('',#11137,#11138);
#8519=LINE('',#11139,#11140);
#8520=VERTEX_POINT('',#11141);
#8521=LINE('',#11142,#11143);
#8522=VERTEX_POINT('',#11144);
#8523=CIRCLE('',#11145,0.2);
#8524=LINE('',#11146,#11147);
#8525=VERTEX_POINT('',#11148);
#8526=LINE('',#11149,#11150);
#8527=VERTEX_POINT('',#11151);
#8528=LINE('',#11152,#11153);
#8529=CIRCLE('',#11154,0.29);
#8530=LINE('',#11155,#11156);
#8531=LINE('',#11157,#11158);
#8532=LINE('',#11159,#11160);
#8533=VERTEX_POINT('',#11161);
#8534=LINE('',#11162,#11163);
#8535=CIRCLE('',#11164,0.29);
#8536=VERTEX_POINT('',#11165);
#8537=CIRCLE('',#11166,0.29);
#8538=LINE('',#11167,#11168);
#8539=VERTEX_POINT('',#11169);
#8540=LINE('',#11170,#11171);
#8541=LINE('',#11172,#11173);
#8542=VERTEX_POINT('',#11174);
#8543=CIRCLE('',#11175,0.2);
#8544=LINE('',#11176,#11177);
#8545=LINE('',#11178,#11179);
#8546=VERTEX_POINT('',#11180);
#8547=LINE('',#11181,#11182);
#8548=LINE('',#11183,#11184);
#8549=VERTEX_POINT('',#11185);
#8550=LINE('',#11186,#11187);
#8551=CIRCLE('',#11188,0.2);
#8552=LINE('',#11189,#11190);
#8553=LINE('',#11191,#11192);
#8554=LINE('',#11193,#11194);
#8555=LINE('',#11195,#11196);
#8556=LINE('',#11197,#11198);
#8557=LINE('',#11199,#11200);
#8558=LINE('',#11201,#11202);
#8559=VERTEX_POINT('',#11203);
#8560=CIRCLE('',#11204,0.08);
#8561=LINE('',#11205,#11206);
#8562=VERTEX_POINT('',#11207);
#8563=LINE('',#11208,#11209);
#8564=LINE('',#11210,#11211);
#8565=VERTEX_POINT('',#11212);
#8566=CIRCLE('',#11213,0.08);
#8567=VERTEX_POINT('',#11214);
#8568=LINE('',#11215,#11216);
#8569=LINE('',#11217,#11218);
#8570=VERTEX_POINT('',#11219);
#8571=LINE('',#11220,#11221);
#8572=VERTEX_POINT('',#11222);
#8573=LINE('',#11223,#11224);
#8574=CIRCLE('',#11225,0.55);
#8575=LINE('',#11226,#11227);
#8576=VERTEX_POINT('',#11228);
#8577=LINE('',#11229,#11230);
#8578=CIRCLE('',#11231,0.25);
#8579=VERTEX_POINT('',#11232);
#8580=LINE('',#11233,#11234);
#8581=LINE('',#11235,#11236);
#8582=VERTEX_POINT('',#11237);
#8583=VERTEX_POINT('',#11238);
#8584=LINE('',#11239,#11240);
#8585=VERTEX_POINT('',#11241);
#8586=LINE('',#11242,#11243);
#8587=LINE('',#11244,#11245);
#8588=VERTEX_POINT('',#11246);
#8589=LINE('',#11247,#11248);
#8590=VERTEX_POINT('',#11249);
#8591=LINE('',#11250,#11251);
#8592=VERTEX_POINT('',#11252);
#8593=LINE('',#11253,#11254);
#8594=VERTEX_POINT('',#11255);
#8595=LINE('',#11256,#11257);
#8596=VERTEX_POINT('',#11258);
#8597=LINE('',#11259,#11260);
#8598=VERTEX_POINT('',#11261);
#8599=LINE('',#11262,#11263);
#8600=VERTEX_POINT('',#11264);
#8601=LINE('',#11265,#11266);
#8602=VERTEX_POINT('',#11267);
#8603=LINE('',#11268,#11269);
#8604=VERTEX_POINT('',#11270);
#8605=LINE('',#11271,#11272);
#8606=VERTEX_POINT('',#11273);
#8607=LINE('',#11274,#11275);
#8608=VERTEX_POINT('',#11276);
#8609=LINE('',#11277,#11278);
#8610=VERTEX_POINT('',#11279);
#8611=LINE('',#11280,#11281);
#8612=VERTEX_POINT('',#11282);
#8613=LINE('',#11283,#11284);
#8614=VERTEX_POINT('',#11285);
#8615=LINE('',#11286,#11287);
#8616=VERTEX_POINT('',#11288);
#8617=LINE('',#11289,#11290);
#8618=VERTEX_POINT('',#11291);
#8619=LINE('',#11292,#11293);
#8620=VERTEX_POINT('',#11294);
#8621=LINE('',#11295,#11296);
#8622=VERTEX_POINT('',#11297);
#8623=LINE('',#11298,#11299);
#8624=LINE('',#11300,#11301);
#8625=VERTEX_POINT('',#11302);
#8626=LINE('',#11303,#11304);
#8627=VERTEX_POINT('',#11305);
#8628=LINE('',#11306,#11307);
#8629=LINE('',#11308,#11309);
#8630=VERTEX_POINT('',#11310);
#8631=VERTEX_POINT('',#11311);
#8632=LINE('',#11312,#11313);
#8633=VERTEX_POINT('',#11314);
#8634=LINE('',#11315,#11316);
#8635=VERTEX_POINT('',#11317);
#8636=LINE('',#11318,#11319);
#8637=VERTEX_POINT('',#11320);
#8638=LINE('',#11321,#11322);
#8639=LINE('',#11323,#11324);
#8640=VERTEX_POINT('',#11325);
#8641=VERTEX_POINT('',#11326);
#8642=LINE('',#11327,#11328);
#8643=VERTEX_POINT('',#11329);
#8644=LINE('',#11330,#11331);
#8645=VERTEX_POINT('',#11332);
#8646=LINE('',#11333,#11334);
#8647=VERTEX_POINT('',#11335);
#8648=LINE('',#11336,#11337);
#8649=VERTEX_POINT('',#11338);
#8650=LINE('',#11339,#11340);
#8651=LINE('',#11341,#11342);
#8652=VERTEX_POINT('',#11343);
#8653=VERTEX_POINT('',#11344);
#8654=LINE('',#11345,#11346);
#8655=VERTEX_POINT('',#11347);
#8656=LINE('',#11348,#11349);
#8657=VERTEX_POINT('',#11350);
#8658=LINE('',#11351,#11352);
#8659=VERTEX_POINT('',#11353);
#8660=LINE('',#11354,#11355);
#8661=VERTEX_POINT('',#11356);
#8662=LINE('',#11357,#11358);
#8663=LINE('',#11359,#11360);
#8664=VERTEX_POINT('',#11361);
#8665=VERTEX_POINT('',#11362);
#8666=LINE('',#11363,#11364);
#8667=VERTEX_POINT('',#11365);
#8668=LINE('',#11366,#11367);
#8669=VERTEX_POINT('',#11368);
#8670=LINE('',#11369,#11370);
#8671=VERTEX_POINT('',#11371);
#8672=LINE('',#11372,#11373);
#8673=VERTEX_POINT('',#11374);
#8674=LINE('',#11375,#11376);
#8675=LINE('',#11377,#11378);
#8676=VERTEX_POINT('',#11379);
#8677=LINE('',#11380,#11381);
#8678=VERTEX_POINT('',#11382);
#8679=LINE('',#11383,#11384);
#8680=VERTEX_POINT('',#11385);
#8681=LINE('',#11386,#11387);
#8682=VERTEX_POINT('',#11388);
#8683=LINE('',#11389,#11390);
#8684=LINE('',#11391,#11392);
#8685=VERTEX_POINT('',#11393);
#8686=VERTEX_POINT('',#11394);
#8687=LINE('',#11395,#11396);
#8688=LINE('',#11397,#11398);
#8689=VERTEX_POINT('',#11399);
#8690=LINE('',#11400,#11401);
#8691=LINE('',#11402,#11403);
#8692=LINE('',#11404,#11405);
#8693=LINE('',#11406,#11407);
#8694=LINE('',#11408,#11409);
#8695=LINE('',#11410,#11411);
#8696=LINE('',#11412,#11413);
#8697=LINE('',#11414,#11415);
#8698=LINE('',#11416,#11417);
#8699=LINE('',#11418,#11419);
#8700=LINE('',#11420,#11421);
#8701=LINE('',#11422,#11423);
#8702=LINE('',#11424,#11425);
#8703=LINE('',#11426,#11427);
#8704=VERTEX_POINT('',#11428);
#8705=VERTEX_POINT('',#11429);
#8706=LINE('',#11430,#11431);
#8707=VERTEX_POINT('',#11432);
#8708=LINE('',#11433,#11434);
#8709=VERTEX_POINT('',#11435);
#8710=LINE('',#11436,#11437);
#8711=VERTEX_POINT('',#11438);
#8712=CIRCLE('',#11439,0.35);
#8713=VERTEX_POINT('',#11440);
#8714=LINE('',#11441,#11442);
#8715=VERTEX_POINT('',#11443);
#8716=CIRCLE('',#11444,0.25);
#8717=VERTEX_POINT('',#11445);
#8718=LINE('',#11446,#11447);
#8719=VERTEX_POINT('',#11448);
#8720=LINE('',#11449,#11450);
#8721=VERTEX_POINT('',#11451);
#8722=CIRCLE('',#11452,0.55);
#8723=VERTEX_POINT('',#11453);
#8724=LINE('',#11454,#11455);
#8725=LINE('',#11456,#11457);
#8726=VERTEX_POINT('',#11458);
#8727=VERTEX_POINT('',#11459);
#8728=LINE('',#11460,#11461);
#8729=VERTEX_POINT('',#11462);
#8730=CIRCLE('',#11463,0.25);
#8731=VERTEX_POINT('',#11464);
#8732=LINE('',#11465,#11466);
#8733=VERTEX_POINT('',#11467);
#8734=CIRCLE('',#11468,0.35);
#8735=VERTEX_POINT('',#11469);
#8736=LINE('',#11470,#11471);
#8737=VERTEX_POINT('',#11472);
#8738=LINE('',#11473,#11474);
#8739=VERTEX_POINT('',#11475);
#8740=LINE('',#11476,#11477);
#8741=VERTEX_POINT('',#11478);
#8742=LINE('',#11479,#11480);
#8743=VERTEX_POINT('',#11481);
#8744=LINE('',#11482,#11483);
#8745=VERTEX_POINT('',#11484);
#8746=CIRCLE('',#11485,0.55);
#8747=LINE('',#11486,#11487);
#8748=LINE('',#11488,#11489);
#8749=LINE('',#11490,#11491);
#8750=LINE('',#11492,#11493);
#8751=LINE('',#11494,#11495);
#8752=LINE('',#11496,#11497);
#8753=VERTEX_POINT('',#11498);
#8754=LINE('',#11499,#11500);
#8755=VERTEX_POINT('',#11501);
#8756=LINE('',#11502,#11503);
#8757=LINE('',#11504,#11505);
#8758=LINE('',#11506,#11507);
#8759=LINE('',#11508,#11509);
#8760=LINE('',#11510,#11511);
#8761=LINE('',#11512,#11513);
#8762=VERTEX_POINT('',#11514);
#8763=LINE('',#11515,#11516);
#8764=VERTEX_POINT('',#11517);
#8765=LINE('',#11518,#11519);
#8766=VERTEX_POINT('',#11520);
#8767=LINE('',#11521,#11522);
#8768=VERTEX_POINT('',#11523);
#8769=LINE('',#11524,#11525);
#8770=CIRCLE('',#11526,0.3);
#8771=VERTEX_POINT('',#11527);
#8772=CIRCLE('',#11528,0.3);
#8773=LINE('',#11529,#11530);
#8774=VERTEX_POINT('',#11531);
#8775=CIRCLE('',#11532,0.2);
#8776=VERTEX_POINT('',#11533);
#8777=LINE('',#11534,#11535);
#8778=VERTEX_POINT('',#11536);
#8779=CIRCLE('',#11537,0.2);
#8780=LINE('',#11538,#11539);
#8781=VERTEX_POINT('',#11540);
#8782=VERTEX_POINT('',#11541);
#8783=CIRCLE('',#11542,0.2);
#8784=VERTEX_POINT('',#11543);
#8785=LINE('',#11544,#11545);
#8786=VERTEX_POINT('',#11546);
#8787=CIRCLE('',#11547,0.2);
#8788=VERTEX_POINT('',#11548);
#8789=LINE('',#11549,#11550);
#8790=VERTEX_POINT('',#11551);
#8791=LINE('',#11552,#11553);
#8792=LINE('',#11554,#11555);
#8793=LINE('',#11556,#11557);
#8794=VERTEX_POINT('',#11558);
#8795=LINE('',#11559,#11560);
#8796=VERTEX_POINT('',#11561);
#8797=LINE('',#11562,#11563);
#8798=LINE('',#11564,#11565);
#8799=LINE('',#11566,#11567);
#8800=LINE('',#11568,#11569);
#8801=LINE('',#11570,#11571);
#8802=LINE('',#11572,#11573);
#8803=VERTEX_POINT('',#11574);
#8804=LINE('',#11575,#11576);
#8805=CIRCLE('',#11577,0.25);
#8806=LINE('',#11578,#11579);
#8807=VERTEX_POINT('',#11580);
#8808=LINE('',#11581,#11582);
#8809=VERTEX_POINT('',#11583);
#8810=CIRCLE('',#11584,0.25);
#8811=LINE('',#11585,#11586);
#8812=VERTEX_POINT('',#11587);
#8813=LINE('',#11588,#11589);
#8814=LINE('',#11590,#11591);
#8815=VERTEX_POINT('',#11592);
#8816=LINE('',#11593,#11594);
#8817=LINE('',#11595,#11596);
#8818=LINE('',#11597,#11598);
#8819=VERTEX_POINT('',#11599);
#8820=LINE('',#11600,#11601);
#8821=LINE('',#11602,#11603);
#8822=VERTEX_POINT('',#11604);
#8823=LINE('',#11605,#11606);
#8824=LINE('',#11607,#11608);
#8825=LINE('',#11609,#11610);
#8826=LINE('',#11611,#11612);
#8827=LINE('',#11613,#11614);
#8828=LINE('',#11615,#11616);
#8829=LINE('',#11617,#11618);
#8830=VERTEX_POINT('',#11619);
#8831=LINE('',#11620,#11621);
#8832=LINE('',#11622,#11623);
#8833=LINE('',#11624,#11625);
#8834=VERTEX_POINT('',#11626);
#8835=LINE('',#11627,#11628);
#8836=LINE('',#11629,#11630);
#8837=LINE('',#11631,#11632);
#8838=LINE('',#11633,#11634);
#8839=LINE('',#11635,#11636);
#8840=LINE('',#11637,#11638);
#8841=LINE('',#11639,#11640);
#8842=VERTEX_POINT('',#11641);
#8843=LINE('',#11642,#11643);
#8844=LINE('',#11644,#11645);
#8845=CIRCLE('',#11646,0.2);
#8846=VERTEX_POINT('',#11647);
#8847=VERTEX_POINT('',#11648);
#8848=LINE('',#11649,#11650);
#8849=CIRCLE('',#11651,0.2);
#8850=CIRCLE('',#11652,0.2);
#8851=VERTEX_POINT('',#11653);
#8852=VERTEX_POINT('',#11654);
#8853=LINE('',#11655,#11656);
#8854=LINE('',#11657,#11658);
#8855=CIRCLE('',#11659,0.2);
#8856=VERTEX_POINT('',#11660);
#8857=LINE('',#11661,#11662);
#8858=LINE('',#11663,#11664);
#8859=VERTEX_POINT('',#11665);
#8860=CIRCLE('',#11666,0.2);
#8861=LINE('',#11667,#11668);
#8862=VERTEX_POINT('',#11669);
#8863=LINE('',#11670,#11671);
#8864=VERTEX_POINT('',#11672);
#8865=CIRCLE('',#11673,0.25);
#8866=VERTEX_POINT('',#11674);
#8867=LINE('',#11675,#11676);
#8868=CIRCLE('',#11677,0.25);
#8869=VERTEX_POINT('',#11678);
#8870=LINE('',#11679,#11680);
#8871=CIRCLE('',#11681,0.25);
#8872=LINE('',#11682,#11683);
#8873=VERTEX_POINT('',#11684);
#8874=LINE('',#11685,#11686);
#8875=VERTEX_POINT('',#11687);
#8876=CIRCLE('',#11688,0.25);
#8877=LINE('',#11689,#11690);
#8878=LINE('',#11691,#11692);
#8879=LINE('',#11693,#11694);
#8880=LINE('',#11695,#11696);
#8881=LINE('',#11697,#11698);
#8882=LINE('',#11699,#11700);
#8883=LINE('',#11701,#11702);
#8884=LINE('',#11703,#11704);
#8885=CIRCLE('',#11705,0.3);
#8886=VERTEX_POINT('',#11706);
#8887=LINE('',#11707,#11708);
#8888=LINE('',#11709,#11710);
#8889=VERTEX_POINT('',#11711);
#8890=CIRCLE('',#11712,0.2);
#8891=VERTEX_POINT('',#11713);
#8892=LINE('',#11714,#11715);
#8893=CIRCLE('',#11716,0.2);
#8894=VERTEX_POINT('',#11717);
#8895=CIRCLE('',#11718,0.2);
#8896=VERTEX_POINT('',#11719);
#8897=LINE('',#11720,#11721);
#8898=VERTEX_POINT('',#11722);
#8899=CIRCLE('',#11723,0.2);
#8900=LINE('',#11724,#11725);
#8901=LINE('',#11726,#11727);
#8902=LINE('',#11728,#11729);
#8903=LINE('',#11730,#11731);
#8904=LINE('',#11732,#11733);
#8905=CIRCLE('',#11734,0.3);
#8906=LINE('',#11735,#11736);
#8907=LINE('',#11737,#11738);
#8908=VERTEX_POINT('',#11739);
#8909=LINE('',#11740,#11741);
#8910=VERTEX_POINT('',#11742);
#8911=LINE('',#11743,#11744);
#8912=LINE('',#11745,#11746);
#8913=VERTEX_POINT('',#11747);
#8914=LINE('',#11748,#11749);
#8915=VERTEX_POINT('',#11750);
#8916=LINE('',#11751,#11752);
#8917=VERTEX_POINT('',#11753);
#8918=CIRCLE('',#11754,0.1);
#8919=LINE('',#11755,#11756);
#8920=VERTEX_POINT('',#11757);
#8921=LINE('',#11758,#11759);
#8922=LINE('',#11760,#11761);
#8923=LINE('',#11762,#11763);
#8924=VERTEX_POINT('',#11764);
#8925=CIRCLE('',#11765,0.1);
#8926=VERTEX_POINT('',#11766);
#8927=LINE('',#11767,#11768);
#8928=LINE('',#11769,#11770);
#8929=LINE('',#11771,#11772);
#8930=LINE('',#11773,#11774);
#8931=VERTEX_POINT('',#11775);
#8932=LINE('',#11776,#11777);
#8933=VERTEX_POINT('',#11778);
#8934=LINE('',#11779,#11780);
#8935=LINE('',#11781,#11782);
#8936=VERTEX_POINT('',#11783);
#8937=LINE('',#11784,#11785);
#8938=VERTEX_POINT('',#11786);
#8939=LINE('',#11787,#11788);
#8940=VERTEX_POINT('',#11789);
#8941=CIRCLE('',#11790,0.1);
#8942=LINE('',#11791,#11792);
#8943=LINE('',#11793,#11794);
#8944=VERTEX_POINT('',#11795);
#8945=LINE('',#11796,#11797);
#8946=LINE('',#11798,#11799);
#8947=LINE('',#11800,#11801);
#8948=VERTEX_POINT('',#11802);
#8949=CIRCLE('',#11803,0.1);
#8950=VERTEX_POINT('',#11804);
#8951=LINE('',#11805,#11806);
#8952=LINE('',#11807,#11808);
#8953=LINE('',#11809,#11810);
#8954=LINE('',#11811,#11812);
#8955=VERTEX_POINT('',#11813);
#8956=LINE('',#11814,#11815);
#8957=VERTEX_POINT('',#11816);
#8958=LINE('',#11817,#11818);
#8959=LINE('',#11819,#11820);
#8960=VERTEX_POINT('',#11821);
#8961=LINE('',#11822,#11823);
#8962=VERTEX_POINT('',#11824);
#8963=LINE('',#11825,#11826);
#8964=VERTEX_POINT('',#11827);
#8965=CIRCLE('',#11828,0.1);
#8966=LINE('',#11829,#11830);
#8967=LINE('',#11831,#11832);
#8968=VERTEX_POINT('',#11833);
#8969=LINE('',#11834,#11835);
#8970=LINE('',#11836,#11837);
#8971=LINE('',#11838,#11839);
#8972=VERTEX_POINT('',#11840);
#8973=CIRCLE('',#11841,0.1);
#8974=VERTEX_POINT('',#11842);
#8975=LINE('',#11843,#11844);
#8976=LINE('',#11845,#11846);
#8977=LINE('',#11847,#11848);
#8978=LINE('',#11849,#11850);
#8979=VERTEX_POINT('',#11851);
#8980=LINE('',#11852,#11853);
#8981=VERTEX_POINT('',#11854);
#8982=LINE('',#11855,#11856);
#8983=LINE('',#11857,#11858);
#8984=VERTEX_POINT('',#11859);
#8985=LINE('',#11860,#11861);
#8986=VERTEX_POINT('',#11862);
#8987=LINE('',#11863,#11864);
#8988=VERTEX_POINT('',#11865);
#8989=CIRCLE('',#11866,0.1);
#8990=LINE('',#11867,#11868);
#8991=LINE('',#11869,#11870);
#8992=VERTEX_POINT('',#11871);
#8993=LINE('',#11872,#11873);
#8994=LINE('',#11874,#11875);
#8995=LINE('',#11876,#11877);
#8996=VERTEX_POINT('',#11878);
#8997=CIRCLE('',#11879,0.1);
#8998=VERTEX_POINT('',#11880);
#8999=LINE('',#11881,#11882);
#9000=LINE('',#11883,#11884);
#9001=LINE('',#11885,#11886);
#9002=LINE('',#11887,#11888);
#9003=VERTEX_POINT('',#11889);
#9004=LINE('',#11890,#11891);
#9005=VERTEX_POINT('',#11892);
#9006=LINE('',#11893,#11894);
#9007=LINE('',#11895,#11896);
#9008=VERTEX_POINT('',#11897);
#9009=LINE('',#11898,#11899);
#9010=VERTEX_POINT('',#11900);
#9011=LINE('',#11901,#11902);
#9012=VERTEX_POINT('',#11903);
#9013=CIRCLE('',#11904,0.1);
#9014=LINE('',#11905,#11906);
#9015=VERTEX_POINT('',#11907);
#9016=LINE('',#11908,#11909);
#9017=LINE('',#11910,#11911);
#9018=LINE('',#11912,#11913);
#9019=VERTEX_POINT('',#11914);
#9020=CIRCLE('',#11915,0.1);
#9021=VERTEX_POINT('',#11916);
#9022=LINE('',#11917,#11918);
#9023=LINE('',#11919,#11920);
#9024=LINE('',#11921,#11922);
#9025=LINE('',#11923,#11924);
#9026=B_SPLINE_CURVE_WITH_KNOTS('',3,(#11925,#11926,#11927,#11928,#11929),.UNSPECIFIED.,.F.,.F.,(4,1,4),(0.0,0.5,1.0),.UNSPECIFIED.);
#9027=LINE('',#11930,#11931);
#9028=VERTEX_POINT('',#11932);
#9029=LINE('',#11933,#11934);
#9030=B_SPLINE_CURVE_WITH_KNOTS('',3,(#11935,#11936,#11937,#11938,#11939,#11940,#11941,#11942),.UNSPECIFIED.,.F.,.F.,(4,1,1,1,1,4),(0.0,0.125,0.25,0.5,0.75,1.0),.UNSPECIFIED.);
#9031=LINE('',#11943,#11944);
#9032=VERTEX_POINT('',#11945);
#9033=LINE('',#11946,#11947);
#9034=LINE('',#11948,#11949);
#9035=B_SPLINE_CURVE_WITH_KNOTS('',3,(#11950,#11951,#11952,#11953,#11954,#11955,#11956,#11957),.UNSPECIFIED.,.F.,.F.,(4,1,1,1,1,4),(0.0,0.125,0.25,0.5,0.75,1.0),.UNSPECIFIED.);
#9036=LINE('',#11958,#11959);
#9037=VERTEX_POINT('',#11960);
#9038=LINE('',#11961,#11962);
#9039=LINE('',#11963,#11964);
#9040=CIRCLE('',#11965,0.55);
#9041=LINE('',#11966,#11967);
#9042=LINE('',#11968,#11969);
#9043=LINE('',#11970,#11971);
#9044=LINE('',#11972,#11973);
#9045=LINE('',#11974,#11975);
#9046=LINE('',#11976,#11977);
#9047=LINE('',#11978,#11979);
#9048=LINE('',#11980,#11981);
#9049=LINE('',#11982,#11983);
#9050=LINE('',#11984,#11985);
#9051=LINE('',#11986,#11987);
#9052=LINE('',#11988,#11989);
#9053=LINE('',#11990,#11991);
#9054=LINE('',#11992,#11993);
#9055=LINE('',#11994,#11995);
#9056=LINE('',#11996,#11997);
#9057=LINE('',#11998,#11999);
#9058=LINE('',#12000,#12001);
#9059=LINE('',#12002,#12003);
#9060=LINE('',#12004,#12005);
#9061=LINE('',#12006,#12007);
#9062=LINE('',#12008,#12009);
#9063=VERTEX_POINT('',#12010);
#9064=LINE('',#12011,#12012);
#9065=CIRCLE('',#12013,0.3);
#9066=LINE('',#12014,#12015);
#9067=LINE('',#12016,#12017);
#9068=LINE('',#12018,#12019);
#9069=VERTEX_POINT('',#12020);
#9070=VERTEX_POINT('',#12021);
#9071=LINE('',#12022,#12023);
#9072=VERTEX_POINT('',#12024);
#9073=CIRCLE('',#12025,0.2);
#9074=LINE('',#12026,#12027);
#9075=VERTEX_POINT('',#12028);
#9076=LINE('',#12029,#12030);
#9077=CIRCLE('',#12031,0.2);
#9078=VERTEX_POINT('',#12032);
#9079=LINE('',#12033,#12034);
#9080=VERTEX_POINT('',#12035);
#9081=CIRCLE('',#12036,0.2);
#9082=LINE('',#12037,#12038);
#9083=VERTEX_POINT('',#12039);
#9084=LINE('',#12040,#12041);
#9085=LINE('',#12042,#12043);
#9086=VERTEX_POINT('',#12044);
#9087=LINE('',#12045,#12046);
#9088=CIRCLE('',#12047,0.2);
#9089=VERTEX_POINT('',#12048);
#9090=LINE('',#12049,#12050);
#9091=VERTEX_POINT('',#12051);
#9092=LINE('',#12052,#12053);
#9093=LINE('',#12054,#12055);
#9094=CIRCLE('',#12056,0.29);
#9095=CIRCLE('',#12057,0.29);
#9096=VERTEX_POINT('',#12058);
#9097=LINE('',#12059,#12060);
#9098=CIRCLE('',#12061,0.2);
#9099=CIRCLE('',#12062,0.2);
#9100=VERTEX_POINT('',#12063);
#9101=CIRCLE('',#12064,0.2);
#9102=LINE('',#12065,#12066);
#9103=LINE('',#12067,#12068);
#9104=CIRCLE('',#12069,0.2);
#9105=VERTEX_POINT('',#12070);
#9106=LINE('',#12071,#12072);
#9107=VERTEX_POINT('',#12073);
#9108=LINE('',#12074,#12075);
#9109=CIRCLE('',#12076,0.1);
#9110=VERTEX_POINT('',#12077);
#9111=LINE('',#12078,#12079);
#9112=VERTEX_POINT('',#12080);
#9113=CIRCLE('',#12081,0.1);
#9114=LINE('',#12082,#12083);
#9115=LINE('',#12084,#12085);
#9116=LINE('',#12086,#12087);
#9117=VERTEX_POINT('',#12088);
#9118=LINE('',#12089,#12090);
#9119=VERTEX_POINT('',#12091);
#9120=LINE('',#12092,#12093);
#9121=CIRCLE('',#12094,0.1);
#9122=VERTEX_POINT('',#12095);
#9123=LINE('',#12096,#12097);
#9124=VERTEX_POINT('',#12098);
#9125=CIRCLE('',#12099,0.1);
#9126=LINE('',#12100,#12101);
#9127=LINE('',#12102,#12103);
#9128=LINE('',#12104,#12105);
#9129=VERTEX_POINT('',#12106);
#9130=LINE('',#12107,#12108);
#9131=VERTEX_POINT('',#12109);
#9132=LINE('',#12110,#12111);
#9133=CIRCLE('',#12112,0.1);
#9134=VERTEX_POINT('',#12113);
#9135=LINE('',#12114,#12115);
#9136=VERTEX_POINT('',#12116);
#9137=CIRCLE('',#12117,0.1);
#9138=LINE('',#12118,#12119);
#9139=LINE('',#12120,#12121);
#9140=LINE('',#12122,#12123);
#9141=VERTEX_POINT('',#12124);
#9142=VERTEX_POINT('',#12125);
#9143=LINE('',#12126,#12127);
#9144=CIRCLE('',#12128,0.2);
#9145=CIRCLE('',#12129,0.2);
#9146=VERTEX_POINT('',#12130);
#9147=CIRCLE('',#12131,0.2);
#9148=LINE('',#12132,#12133);
#9149=VERTEX_POINT('',#12134);
#9150=LINE('',#12135,#12136);
#9151=LINE('',#12137,#12138);
#9152=CIRCLE('',#12139,0.2);
#9153=LINE('',#12140,#12141);
#9154=CARTESIAN_POINT('',(-2.975,0.925,1.225));
#9155=CARTESIAN_POINT('',(-2.975,1.225,1.225));
#9156=CARTESIAN_POINT('',(-2.975,1.225,1.225));
#9157=VECTOR('',#12142,1.0);
#9158=CARTESIAN_POINT('',(-2.85,0.925,1.1));
#9159=AXIS2_PLACEMENT_3D('',#12143,#12144,#12145);
#9160=CARTESIAN_POINT('',(-2.85,1.225,1.1));
#9161=CARTESIAN_POINT('',(-2.85,1.225,1.1));
#9162=VECTOR('',#12146,0.3);
#9163=AXIS2_PLACEMENT_3D('',#12147,#12148,#12149);
#9164=CARTESIAN_POINT('',(-1.775,1.225,1.225));
#9165=CARTESIAN_POINT('',(-1.775,0.925,1.225));
#9166=CARTESIAN_POINT('',(-1.775,1.225,1.225));
#9167=VECTOR('',#12150,1.0);
#9168=CARTESIAN_POINT('',(-1.9,1.225,1.1));
#9169=AXIS2_PLACEMENT_3D('',#12151,#12152,#12153);
#9170=CARTESIAN_POINT('',(-1.9,0.925,1.1));
#9171=CARTESIAN_POINT('',(-1.9,1.225,1.1));
#9172=VECTOR('',#12154,0.3);
#9173=AXIS2_PLACEMENT_3D('',#12155,#12156,#12157);
#9174=CARTESIAN_POINT('',(1.775,0.925,1.225));
#9175=CARTESIAN_POINT('',(1.775,1.225,1.225));
#9176=CARTESIAN_POINT('',(1.775,1.225,1.225));
#9177=VECTOR('',#12158,1.0);
#9178=CARTESIAN_POINT('',(1.9,0.925,1.1));
#9179=AXIS2_PLACEMENT_3D('',#12159,#12160,#12161);
#9180=CARTESIAN_POINT('',(1.9,1.225,1.1));
#9181=CARTESIAN_POINT('',(1.9,1.225,1.1));
#9182=VECTOR('',#12162,0.3);
#9183=AXIS2_PLACEMENT_3D('',#12163,#12164,#12165);
#9184=CARTESIAN_POINT('',(2.975,1.225,1.225));
#9185=CARTESIAN_POINT('',(2.975,0.925,1.225));
#9186=CARTESIAN_POINT('',(2.975,1.225,1.225));
#9187=VECTOR('',#12166,1.0);
#9188=CARTESIAN_POINT('',(2.85,1.225,1.1));
#9189=AXIS2_PLACEMENT_3D('',#12167,#12168,#12169);
#9190=CARTESIAN_POINT('',(2.85,0.925,1.1));
#9191=CARTESIAN_POINT('',(2.85,1.225,1.1));
#9192=VECTOR('',#12170,0.3);
#9193=AXIS2_PLACEMENT_3D('',#12171,#12172,#12173);
#9194=CARTESIAN_POINT('',(-3.75,0.025,2.35));
#9195=CARTESIAN_POINT('',(-3.75,-0.07144660940672,2.35));
#9196=CARTESIAN_POINT('',(-3.75,0.025,2.35));
#9197=VECTOR('',#12174,0.09644660940673);
#9198=CARTESIAN_POINT('',(-3.588908729653,-0.4603553390593,2.35));
#9199=AXIS2_PLACEMENT_3D('',#12175,#12176,#12177);
#9200=CARTESIAN_POINT('',(-2.985355339059,-1.063908729653,2.35));
#9201=CARTESIAN_POINT('',(-3.588908729653,-0.4603553390593,2.35));
#9202=VECTOR('',#12178,0.8535533905933);
#9203=CARTESIAN_POINT('',(-2.596446609407,-1.225,2.35));
#9204=AXIS2_PLACEMENT_3D('',#12179,#12180,#12181);
#9205=CARTESIAN_POINT('',(-2.5,-1.225,2.35));
#9206=CARTESIAN_POINT('',(-2.596446609407,-1.225,2.35));
#9207=VECTOR('',#12182,0.09644660940672);
#9208=CARTESIAN_POINT('',(-2.5,-0.925,2.35));
#9209=CARTESIAN_POINT('',(-2.5,-1.225,2.35));
#9210=VECTOR('',#12183,0.3);
#9211=CARTESIAN_POINT('',(-2.596446609407,-0.925,2.35));
#9212=CARTESIAN_POINT('',(-2.5,-0.925,2.35));
#9213=VECTOR('',#12184,0.09644660940672);
#9214=CARTESIAN_POINT('',(-2.773223304703,-0.8517766952966,2.35));
#9215=AXIS2_PLACEMENT_3D('',#12185,#12186,#12187);
#9216=CARTESIAN_POINT('',(-3.376776695297,-0.2482233047034,2.35));
#9217=CARTESIAN_POINT('',(-2.773223304703,-0.8517766952966,2.35));
#9218=VECTOR('',#12188,0.8535533905933);
#9219=CARTESIAN_POINT('',(-3.45,-0.07144660940673,2.35));
#9220=AXIS2_PLACEMENT_3D('',#12189,#12190,#12191);
#9221=CARTESIAN_POINT('',(-3.45,0.025,2.35));
#9222=CARTESIAN_POINT('',(-3.45,-0.07144660940673,2.35));
#9223=VECTOR('',#12192,0.09644660940673);
#9224=CARTESIAN_POINT('',(-3.75,0.025,2.35));
#9225=VECTOR('',#12193,0.3);
#9226=CARTESIAN_POINT('',(3.45,0.025,2.35));
#9227=CARTESIAN_POINT('',(3.45,-0.07144660940673,2.35));
#9228=CARTESIAN_POINT('',(3.45,0.025,2.35));
#9229=VECTOR('',#12194,0.09644660940673);
#9230=CARTESIAN_POINT('',(3.376776695297,-0.2482233047034,2.35));
#9231=AXIS2_PLACEMENT_3D('',#12195,#12196,#12197);
#9232=CARTESIAN_POINT('',(2.773223304703,-0.8517766952966,2.35));
#9233=CARTESIAN_POINT('',(3.376776695297,-0.2482233047034,2.35));
#9234=VECTOR('',#12198,0.8535533905933);
#9235=CARTESIAN_POINT('',(2.596446609407,-0.925,2.35));
#9236=AXIS2_PLACEMENT_3D('',#12199,#12200,#12201);
#9237=CARTESIAN_POINT('',(2.5,-0.925,2.35));
#9238=CARTESIAN_POINT('',(2.596446609407,-0.925,2.35));
#9239=VECTOR('',#12202,0.09644660940672);
#9240=CARTESIAN_POINT('',(2.5,-1.225,2.35));
#9241=CARTESIAN_POINT('',(2.5,-1.225,2.35));
#9242=VECTOR('',#12203,0.3);
#9243=CARTESIAN_POINT('',(2.596446609407,-1.225,2.35));
#9244=CARTESIAN_POINT('',(2.5,-1.225,2.35));
#9245=VECTOR('',#12204,0.09644660940672);
#9246=CARTESIAN_POINT('',(2.985355339059,-1.063908729653,2.35));
#9247=AXIS2_PLACEMENT_3D('',#12205,#12206,#12207);
#9248=CARTESIAN_POINT('',(3.588908729653,-0.4603553390593,2.35));
#9249=CARTESIAN_POINT('',(2.985355339059,-1.063908729653,2.35));
#9250=VECTOR('',#12208,0.8535533905933);
#9251=CARTESIAN_POINT('',(3.75,-0.07144660940672,2.35));
#9252=AXIS2_PLACEMENT_3D('',#12209,#12210,#12211);
#9253=CARTESIAN_POINT('',(3.75,0.025,2.35));
#9254=CARTESIAN_POINT('',(3.75,-0.07144660940673,2.35));
#9255=VECTOR('',#12212,0.09644660940673);
#9256=CARTESIAN_POINT('',(3.45,0.025,2.35));
#9257=VECTOR('',#12213,0.3);
#9258=CARTESIAN_POINT('',(-3.45,0.625,2.35));
#9259=CARTESIAN_POINT('',(-3.45,0.675,2.35));
#9260=CARTESIAN_POINT('',(-3.45,0.625,2.35));
#9261=VECTOR('',#12214,0.05);
#9262=CARTESIAN_POINT('',(-3.2,0.925,2.35));
#9263=AXIS2_PLACEMENT_3D('',#12215,#12216,#12217);
#9264=CARTESIAN_POINT('',(-3.2,1.225,2.35));
#9265=CARTESIAN_POINT('',(-3.2,1.225,2.35));
#9266=VECTOR('',#12218,0.3);
#9267=CARTESIAN_POINT('',(-3.75,0.675,2.35));
#9268=AXIS2_PLACEMENT_3D('',#12219,#12220,#12221);
#9269=CARTESIAN_POINT('',(-3.75,0.625,2.35));
#9270=CARTESIAN_POINT('',(-3.75,0.675,2.35));
#9271=VECTOR('',#12222,0.05);
#9272=CARTESIAN_POINT('',(-3.75,0.625,2.35));
#9273=VECTOR('',#12223,0.3);
#9274=CARTESIAN_POINT('',(3.75,0.625,2.35));
#9275=CARTESIAN_POINT('',(3.75,0.675,2.35));
#9276=CARTESIAN_POINT('',(3.75,0.625,2.35));
#9277=VECTOR('',#12224,0.05);
#9278=CARTESIAN_POINT('',(3.2,1.225,2.35));
#9279=AXIS2_PLACEMENT_3D('',#12225,#12226,#12227);
#9280=CARTESIAN_POINT('',(3.2,0.925,2.35));
#9281=CARTESIAN_POINT('',(3.2,1.225,2.35));
#9282=VECTOR('',#12228,0.3);
#9283=CARTESIAN_POINT('',(3.45,0.675,2.35));
#9284=AXIS2_PLACEMENT_3D('',#12229,#12230,#12231);
#9285=CARTESIAN_POINT('',(3.45,0.625,2.35));
#9286=CARTESIAN_POINT('',(3.45,0.675,2.35));
#9287=VECTOR('',#12232,0.05);
#9288=CARTESIAN_POINT('',(3.45,0.625,2.35));
#9289=VECTOR('',#12233,0.3);
#9290=CARTESIAN_POINT('',(-3.836077234426,0.025,2.421413924332));
#9291=CARTESIAN_POINT('',(-3.836077234426,0.025,2.421413924332));
#9292=VECTOR('',#12234,0.111844708748);
#9293=CARTESIAN_POINT('',(-3.45,0.025,2.354697035713));
#9294=CARTESIAN_POINT('',(-3.45,0.025,2.35));
#9295=VECTOR('',#12235,0.004697035712853);
#9296=CARTESIAN_POINT('',(-3.554832205403,0.025,2.577885045795));
#9297=AXIS2_PLACEMENT_3D('',#12236,#12237,#12238);
#9298=CARTESIAN_POINT('',(-3.644524343464,0.025,2.652298072692));
#9299=CARTESIAN_POINT('',(-3.554832205403,0.025,2.577885045795));
#9300=VECTOR('',#12239,0.1165417444609);
#9301=CARTESIAN_POINT('',(-3.644524343464,0.025,2.652298072692));
#9302=VECTOR('',#12240,0.3);
#9303=CARTESIAN_POINT('',(3.644524343464,0.025,2.652298072692));
#9304=CARTESIAN_POINT('',(3.554832205403,0.025,2.577885045795));
#9305=CARTESIAN_POINT('',(3.644524343464,0.025,2.652298072692));
#9306=VECTOR('',#12241,0.1165417444609);
#9307=CARTESIAN_POINT('',(3.45,0.025,2.354697035713));
#9308=AXIS2_PLACEMENT_3D('',#12242,#12243,#12244);
#9309=CARTESIAN_POINT('',(3.45,0.025,2.354697035713));
#9310=VECTOR('',#12245,0.00469703571282);
#9311=CARTESIAN_POINT('',(3.836077234426,0.025,2.421413924332));
#9312=CARTESIAN_POINT('',(3.75,0.025,2.35));
#9313=VECTOR('',#12246,0.1118447087481);
#9314=CARTESIAN_POINT('',(3.836077234426,0.025,2.421413924332));
#9315=VECTOR('',#12247,0.3);
#9316=CARTESIAN_POINT('',(-3.798447109038,0.225,2.78));
#9317=AXIS2_PLACEMENT_3D('',#12248,#12249,#12250);
#9318=CARTESIAN_POINT('',(-3.99,0.225,2.54911585164));
#9319=CARTESIAN_POINT('',(-3.798447109038,0.225,2.78));
#9320=VECTOR('',#12251,0.3);
#9321=AXIS2_PLACEMENT_3D('',#12252,#12253,#12254);
#9322=CARTESIAN_POINT('',(-3.836077234426,0.625,2.421413924332));
#9323=CARTESIAN_POINT('',(-3.836077234426,0.625,2.421413924332));
#9324=VECTOR('',#12255,0.111844708748);
#9325=CARTESIAN_POINT('',(-3.75,0.625,2.35));
#9326=VECTOR('',#12256,0.6);
#9327=CARTESIAN_POINT('',(-3.99,0.425,2.54911585164));
#9328=CARTESIAN_POINT('',(-3.99,0.225,2.54911585164));
#9329=VECTOR('',#12257,0.2);
#9330=AXIS2_PLACEMENT_3D('',#12258,#12259,#12260);
#9331=CARTESIAN_POINT('',(-3.644524343464,0.625,2.652298072692));
#9332=CARTESIAN_POINT('',(-3.836077234426,0.625,2.421413924332));
#9333=VECTOR('',#12261,0.3);
#9334=CARTESIAN_POINT('',(-3.798447109038,0.425,2.78));
#9335=CARTESIAN_POINT('',(-3.99,0.425,2.54911585164));
#9336=VECTOR('',#12262,0.3);
#9337=AXIS2_PLACEMENT_3D('',#12263,#12264,#12265);
#9338=CARTESIAN_POINT('',(-3.798447109038,0.225,2.78));
#9339=VECTOR('',#12266,0.2);
#9340=CARTESIAN_POINT('',(-3.554832205403,0.625,2.577885045795));
#9341=CARTESIAN_POINT('',(-3.554832205403,0.025,2.577885045795));
#9342=VECTOR('',#12267,0.6);
#9343=CARTESIAN_POINT('',(-3.554832205403,0.625,2.577885045795));
#9344=VECTOR('',#12268,0.1165417444609);
#9345=CARTESIAN_POINT('',(-3.45,0.625,2.354697035713));
#9346=AXIS2_PLACEMENT_3D('',#12269,#12270,#12271);
#9347=CARTESIAN_POINT('',(-3.45,0.625,2.35));
#9348=VECTOR('',#12272,0.004697035712853);
#9349=CARTESIAN_POINT('',(3.836077234426,0.625,2.421413924332));
#9350=CARTESIAN_POINT('',(3.75,0.625,2.35));
#9351=VECTOR('',#12273,0.1118447087481);
#9352=CARTESIAN_POINT('',(3.45,0.625,2.354697035713));
#9353=CARTESIAN_POINT('',(3.45,0.625,2.354697035713));
#9354=VECTOR('',#12274,0.00469703571282);
#9355=CARTESIAN_POINT('',(3.554832205403,0.625,2.577885045795));
#9356=AXIS2_PLACEMENT_3D('',#12275,#12276,#12277);
#9357=CARTESIAN_POINT('',(3.644524343464,0.625,2.652298072692));
#9358=CARTESIAN_POINT('',(3.644524343464,0.625,2.652298072692));
#9359=VECTOR('',#12278,0.1165417444609);
#9360=CARTESIAN_POINT('',(3.644524343464,0.625,2.652298072692));
#9361=VECTOR('',#12279,0.3);
#9362=CARTESIAN_POINT('',(-3.45,0.125,-0.26));
#9363=CARTESIAN_POINT('',(-3.45,-0.07144660940673,-0.541561175052));
#9364=AXIS2_PLACEMENT_3D('',#12280,#12281,#12282);
#9365=CARTESIAN_POINT('',(-3.45,-0.07144660940673,-2.35));
#9366=CARTESIAN_POINT('',(-3.45,-0.07144660940673,-0.541561175052));
#9367=VECTOR('',#12283,1.808438824948);
#9368=CARTESIAN_POINT('',(-3.45,0.675,-2.35));
#9369=CARTESIAN_POINT('',(-3.45,-0.07144660940673,-2.35));
#9370=VECTOR('',#12284,0.7464466094067);
#9371=CARTESIAN_POINT('',(-3.45,0.675,-2.35));
#9372=VECTOR('',#12285,4.7);
#9373=CARTESIAN_POINT('',(-3.45,0.025,2.354697035713));
#9374=VECTOR('',#12286,0.6);
#9375=CARTESIAN_POINT('',(-3.45,-0.07144660940673,0.941561175052));
#9376=CARTESIAN_POINT('',(-3.45,-0.07144660940673,2.35));
#9377=VECTOR('',#12287,1.408438824948);
#9378=CARTESIAN_POINT('',(-3.45,0.125,0.66));
#9379=AXIS2_PLACEMENT_3D('',#12288,#12289,#12290);
#9380=CARTESIAN_POINT('',(-3.45,0.125,-0.26));
#9381=VECTOR('',#12291,0.92);
#9382=CARTESIAN_POINT('',(3.45,0.125,-0.26));
#9383=CARTESIAN_POINT('',(3.45,0.125,0.66));
#9384=CARTESIAN_POINT('',(3.45,0.125,-0.26));
#9385=VECTOR('',#12292,0.92);
#9386=CARTESIAN_POINT('',(3.75,0.125,-0.26));
#9387=CARTESIAN_POINT('',(3.75,0.125,-0.26));
#9388=VECTOR('',#12293,0.3);
#9389=CARTESIAN_POINT('',(3.75,0.125,0.66));
#9390=CARTESIAN_POINT('',(3.75,0.125,-0.26));
#9391=VECTOR('',#12294,0.92);
#9392=CARTESIAN_POINT('',(3.45,0.125,0.66));
#9393=VECTOR('',#12295,0.3);
#9394=CARTESIAN_POINT('',(-3.75,0.125,0.66));
#9395=CARTESIAN_POINT('',(-3.75,0.125,0.66));
#9396=VECTOR('',#12296,0.3);
#9397=CARTESIAN_POINT('',(-3.75,0.125,-0.26));
#9398=CARTESIAN_POINT('',(-3.75,0.125,-0.26));
#9399=VECTOR('',#12297,0.92);
#9400=CARTESIAN_POINT('',(-3.45,0.125,-0.26));
#9401=VECTOR('',#12298,0.3);
#9402=CARTESIAN_POINT('',(3.75,-0.07144660940673,0.941561175052));
#9403=AXIS2_PLACEMENT_3D('',#12299,#12300,#12301);
#9404=CARTESIAN_POINT('',(3.740163581979,-0.175,0.96));
#9405=CARTESIAN_POINT('',(3.740163581979,-0.175,0.96));
#9406=CARTESIAN_POINT('',(3.743515535172,-0.1575152703081,0.96));
#9407=CARTESIAN_POINT('',(3.748473534432,-0.1223961867277,0.9569333772799));
#9408=CARTESIAN_POINT('',(3.75,-0.08810914429415,0.9476893707563));
#9409=CARTESIAN_POINT('',(3.75,-0.07144660940673,0.941561175052));
#9410=CARTESIAN_POINT('',(3.427544930281,-0.175,0.96));
#9411=CARTESIAN_POINT('',(3.427544930281,-0.175,0.96));
#9412=VECTOR('',#12302,0.3126186516981);
#9413=CARTESIAN_POINT('',(3.45,-0.07144660940673,0.941561175052));
#9414=CARTESIAN_POINT('',(3.45,-0.07144660940673,0.941561175052));
#9415=CARTESIAN_POINT('',(3.45,-0.08905545695663,0.9480374083888));
#9416=CARTESIAN_POINT('',(3.446265514013,-0.1243990225164,0.9572801827463));
#9417=CARTESIAN_POINT('',(3.435043419394,-0.1585230582727,0.96));
#9418=CARTESIAN_POINT('',(3.427544930281,-0.175,0.96));
#9419=AXIS2_PLACEMENT_3D('',#12303,#12304,#12305);
#9420=CARTESIAN_POINT('',(3.45,-0.07144660940673,0.941561175052));
#9421=VECTOR('',#12306,1.408438824948);
#9422=CARTESIAN_POINT('',(3.45,0.025,2.354697035713));
#9423=VECTOR('',#12307,0.6);
#9424=CARTESIAN_POINT('',(3.45,0.675,-2.35));
#9425=CARTESIAN_POINT('',(3.45,0.675,-2.35));
#9426=VECTOR('',#12308,4.7);
#9427=CARTESIAN_POINT('',(3.45,-0.07144660940673,-2.35));
#9428=CARTESIAN_POINT('',(3.45,0.675,-2.35));
#9429=VECTOR('',#12309,0.7464466094067);
#9430=CARTESIAN_POINT('',(3.45,-0.07144660940673,-0.541561175052));
#9431=CARTESIAN_POINT('',(3.45,-0.07144660940673,-2.35));
#9432=VECTOR('',#12310,1.808438824948);
#9433=AXIS2_PLACEMENT_3D('',#12311,#12312,#12313);
#9434=CARTESIAN_POINT('',(3.427544930281,-0.175,-0.56));
#9435=CARTESIAN_POINT('',(3.427544930281,-0.175,-0.56));
#9436=CARTESIAN_POINT('',(3.435044416718,-0.1585208667846,-0.56));
#9437=CARTESIAN_POINT('',(3.44626655149,-0.1243941189604,-0.5572793711071));
#9438=CARTESIAN_POINT('',(3.45,-0.08905319331764,-0.548036575861));
#9439=CARTESIAN_POINT('',(3.45,-0.07144660940673,-0.541561175052));
#9440=CARTESIAN_POINT('',(3.740163581979,-0.175,-0.56));
#9441=CARTESIAN_POINT('',(3.740163581979,-0.175,-0.56));
#9442=VECTOR('',#12314,0.3126186516981);
#9443=CARTESIAN_POINT('',(3.75,-0.07144660940673,-0.541561175052));
#9444=CARTESIAN_POINT('',(3.75,-0.07144660940673,-0.541561175052));
#9445=CARTESIAN_POINT('',(3.75,-0.08810914429415,-0.5476893707563));
#9446=CARTESIAN_POINT('',(3.748473534432,-0.1223961867277,-0.5569333772799));
#9447=CARTESIAN_POINT('',(3.743515535172,-0.1575152703081,-0.56));
#9448=CARTESIAN_POINT('',(3.740163581979,-0.175,-0.56));
#9449=AXIS2_PLACEMENT_3D('',#12315,#12316,#12317);
#9450=CARTESIAN_POINT('',(3.75,-0.07144660940672,-2.35));
#9451=CARTESIAN_POINT('',(3.75,0.675,-2.35));
#9452=CARTESIAN_POINT('',(3.75,-0.07144660940673,-2.35));
#9453=VECTOR('',#12318,0.7464466094067);
#9454=CARTESIAN_POINT('',(3.75,0.675,-2.35));
#9455=VECTOR('',#12319,4.7);
#9456=CARTESIAN_POINT('',(3.75,0.625,2.35));
#9457=VECTOR('',#12320,0.6);
#9458=CARTESIAN_POINT('',(3.75,-0.07144660940673,0.941561175052));
#9459=VECTOR('',#12321,1.408438824948);
#9460=CARTESIAN_POINT('',(3.75,-0.07144660940673,-2.35));
#9461=VECTOR('',#12322,1.808438824948);
#9462=CARTESIAN_POINT('',(3.588908729653,-0.4603553390593,0.96));
#9463=CARTESIAN_POINT('',(3.588908729653,-0.4603553390593,0.96));
#9464=VECTOR('',#12323,1.39);
#9465=AXIS2_PLACEMENT_3D('',#12324,#12325,#12326);
#9466=CARTESIAN_POINT('',(3.588908729653,-0.4603553390593,-2.35));
#9467=CARTESIAN_POINT('',(3.588908729653,-0.4603553390593,-0.56));
#9468=CARTESIAN_POINT('',(3.588908729653,-0.4603553390593,-2.35));
#9469=VECTOR('',#12327,1.79);
#9470=AXIS2_PLACEMENT_3D('',#12328,#12329,#12330);
#9471=AXIS2_PLACEMENT_3D('',#12331,#12332,#12333);
#9472=CARTESIAN_POINT('',(2.985355339059,-1.063908729653,0.96));
#9473=CARTESIAN_POINT('',(2.985355339059,-1.063908729653,0.96));
#9474=VECTOR('',#12334,0.8535533905933);
#9475=CARTESIAN_POINT('',(2.596446609407,-1.225,0.96));
#9476=AXIS2_PLACEMENT_3D('',#12335,#12336,#12337);
#9477=CARTESIAN_POINT('',(2.4,-1.225,0.96));
#9478=CARTESIAN_POINT('',(2.596446609407,-1.225,0.96));
#9479=VECTOR('',#12338,0.1964466094067);
#9480=CARTESIAN_POINT('',(2.4,-0.925,0.96));
#9481=CARTESIAN_POINT('',(2.4,-1.225,0.96));
#9482=VECTOR('',#12339,0.3);
#9483=CARTESIAN_POINT('',(2.596446609407,-0.925,0.96));
#9484=CARTESIAN_POINT('',(2.596446609407,-0.925,0.96));
#9485=VECTOR('',#12340,0.1964466094067);
#9486=CARTESIAN_POINT('',(2.773223304703,-0.8517766952966,0.96));
#9487=AXIS2_PLACEMENT_3D('',#12341,#12342,#12343);
#9488=CARTESIAN_POINT('',(3.376776695297,-0.2482233047034,0.96));
#9489=CARTESIAN_POINT('',(3.376776695297,-0.2482233047034,0.96));
#9490=VECTOR('',#12344,0.8535533905933);
#9491=AXIS2_PLACEMENT_3D('',#12345,#12346,#12347);
#9492=CARTESIAN_POINT('',(3.376776695297,-0.2482233047034,0.96));
#9493=VECTOR('',#12348,1.39);
#9494=CARTESIAN_POINT('',(3.37629959392,-0.2486991218958,-2.35));
#9495=AXIS2_PLACEMENT_3D('',#12349,#12350,#12351);
#9496=CARTESIAN_POINT('',(3.376776695297,-0.2482233047034,-0.56));
#9497=CARTESIAN_POINT('',(3.376617874958,-0.2483821250418,-2.35));
#9498=VECTOR('',#12352,1.790000014092);
#9499=AXIS2_PLACEMENT_3D('',#12353,#12354,#12355);
#9500=CARTESIAN_POINT('',(2.773223304703,-0.8517766952966,0.96));
#9501=VECTOR('',#12356,1.39);
#9502=CARTESIAN_POINT('',(2.9,-0.725,-2.2));
#9503=CARTESIAN_POINT('',(2.9,-0.725,-1.68));
#9504=CARTESIAN_POINT('',(2.9,-0.725,-2.2));
#9505=VECTOR('',#12357,0.52);
#9506=CARTESIAN_POINT('',(2.773223304703,-0.8517766952966,-1.531808643576));
#9507=CARTESIAN_POINT('',(2.9,-0.725,-1.68));
#9508=CARTESIAN_POINT('',(2.9,-0.725,-1.654274107399));
#9509=CARTESIAN_POINT('',(2.889099431951,-0.7359005680495,-1.616624166029));
#9510=CARTESIAN_POINT('',(2.851332144966,-0.7736678550337,-1.561539956467));
#9511=CARTESIAN_POINT('',(2.80938387573,-0.8156161242699,-1.537475424551));
#9512=CARTESIAN_POINT('',(2.773223304703,-0.8517766952966,-1.531808643576));
#9513=CARTESIAN_POINT('',(2.773223304703,-0.8517766952966,-0.56));
#9514=CARTESIAN_POINT('',(2.773223304703,-0.8517766952966,-1.531808643576));
#9515=VECTOR('',#12358,0.9718086435764);
#9516=CARTESIAN_POINT('',(3.376776695297,-0.2482233047034,-0.56));
#9517=VECTOR('',#12359,0.8535533905933);
#9518=CARTESIAN_POINT('',(3.05,-0.575,-2.35));
#9519=CARTESIAN_POINT('',(3.376617874958,-0.2483821250418,-2.35));
#9520=VECTOR('',#12360,0.4619074284794);
#9521=CARTESIAN_POINT('',(2.9,-0.725,-2.2));
#9522=CARTESIAN_POINT('',(2.9,-0.725,-2.215088834765));
#9523=CARTESIAN_POINT('',(2.904063775792,-0.7209362242078,-2.239519457455));
#9524=CARTESIAN_POINT('',(2.919357454992,-0.7056425450077,-2.278246267971));
#9525=CARTESIAN_POINT('',(2.947656106256,-0.677343893744,-2.313670105381));
#9526=CARTESIAN_POINT('',(2.991922677631,-0.6330773223694,-2.341600728372));
#9527=CARTESIAN_POINT('',(3.028661165235,-0.5963388347648,-2.35));
#9528=CARTESIAN_POINT('',(3.05,-0.575,-2.35));
#9529=CARTESIAN_POINT('',(2.596446609407,-0.925,0.96));
#9530=VECTOR('',#12361,1.39);
#9531=CARTESIAN_POINT('',(2.596446609407,-0.925,-1.53));
#9532=CARTESIAN_POINT('',(2.596446609407,-0.925,-0.56));
#9533=CARTESIAN_POINT('',(2.596446609407,-0.925,-1.53));
#9534=VECTOR('',#12362,0.97);
#9535=AXIS2_PLACEMENT_3D('',#12363,#12364,#12365);
#9536=CARTESIAN_POINT('',(2.746446609407,-0.875,-1.53));
#9537=CARTESIAN_POINT('',(2.773223304703,-0.8517766952966,-1.531808643576));
#9538=CARTESIAN_POINT('',(2.769257066256,-0.8557429337441,-1.531187088));
#9539=CARTESIAN_POINT('',(2.760841086691,-0.8636249786683,-1.530279300007));
#9540=CARTESIAN_POINT('',(2.75141841309,-0.8712711472376,-1.53));
#9541=CARTESIAN_POINT('',(2.746446609407,-0.875,-1.53));
#9542=AXIS2_PLACEMENT_3D('',#12366,#12367,#12368);
#9543=CARTESIAN_POINT('',(1.762915026221,-0.925,-1.15));
#9544=CARTESIAN_POINT('',(1.79,-0.925,-1.15));
#9545=CARTESIAN_POINT('',(1.762915026221,-0.925,-1.15));
#9546=VECTOR('',#12369,0.02708497377871);
#9547=CARTESIAN_POINT('',(1.71,-0.925,-1.13));
#9548=AXIS2_PLACEMENT_3D('',#12370,#12371,#12372);
#9549=CARTESIAN_POINT('',(0.01,-0.925,-1.13));
#9550=CARTESIAN_POINT('',(1.71,-0.925,-1.13));
#9551=VECTOR('',#12373,1.7);
#9552=CARTESIAN_POINT('',(0.01,-0.925,-0.4251545734901));
#9553=CARTESIAN_POINT('',(0.01,-0.925,-1.13));
#9554=VECTOR('',#12374,0.7048454265099);
#9555=CARTESIAN_POINT('',(0.2293140352042,-0.925,-0.3097887041022));
#9556=AXIS2_PLACEMENT_3D('',#12375,#12376,#12377);
#9557=CARTESIAN_POINT('',(0.5593553883381,-0.925,-0.5366921343818));
#9558=CARTESIAN_POINT('',(0.2293140352042,-0.925,-0.3097887041022));
#9559=VECTOR('',#12378,0.4005152449671);
#9560=CARTESIAN_POINT('',(0.81,-0.925,-0.4048454265099));
#9561=AXIS2_PLACEMENT_3D('',#12379,#12380,#12381);
#9562=CARTESIAN_POINT('',(0.81,-0.925,1.72484542651));
#9563=CARTESIAN_POINT('',(0.81,-0.925,-0.4048454265099));
#9564=VECTOR('',#12382,2.12969085302);
#9565=CARTESIAN_POINT('',(0.5593553883381,-0.925,1.856692134382));
#9566=AXIS2_PLACEMENT_3D('',#12383,#12384,#12385);
#9567=CARTESIAN_POINT('',(0.2293140352042,-0.925,1.629788704102));
#9568=CARTESIAN_POINT('',(0.5593553883381,-0.925,1.856692134382));
#9569=VECTOR('',#12386,0.4005152449671);
#9570=CARTESIAN_POINT('',(0.01,-0.925,1.74515457349));
#9571=AXIS2_PLACEMENT_3D('',#12387,#12388,#12389);
#9572=CARTESIAN_POINT('',(0.01,-0.925,2.354813742174));
#9573=CARTESIAN_POINT('',(0.01,-0.925,2.354813742174));
#9574=VECTOR('',#12390,0.6096591686841);
#9575=CARTESIAN_POINT('',(2.5,-0.925,2.354813742174));
#9576=CARTESIAN_POINT('',(2.5,-0.925,2.354813742174));
#9577=VECTOR('',#12391,2.49);
#9578=CARTESIAN_POINT('',(2.5,-0.925,2.354813742174));
#9579=VECTOR('',#12392,0.004813742174181);
#9580=CARTESIAN_POINT('',(2.25,-0.925,0.81));
#9581=AXIS2_PLACEMENT_3D('',#12393,#12394,#12395);
#9582=CARTESIAN_POINT('',(2.25,-0.925,0.8));
#9583=CARTESIAN_POINT('',(2.25,-0.925,0.81));
#9584=VECTOR('',#12396,0.01);
#9585=CARTESIAN_POINT('',(2.4,-0.925,0.65));
#9586=AXIS2_PLACEMENT_3D('',#12397,#12398,#12399);
#9587=CARTESIAN_POINT('',(3.7,-0.925,0.65));
#9588=CARTESIAN_POINT('',(3.7,-0.925,0.65));
#9589=VECTOR('',#12400,1.3);
#9590=CARTESIAN_POINT('',(3.9,-0.925,0.45));
#9591=AXIS2_PLACEMENT_3D('',#12401,#12402,#12403);
#9592=CARTESIAN_POINT('',(3.9,-0.925,-0.05));
#9593=CARTESIAN_POINT('',(3.9,-0.925,-0.05));
#9594=VECTOR('',#12404,0.5);
#9595=CARTESIAN_POINT('',(3.7,-0.925,-0.25));
#9596=AXIS2_PLACEMENT_3D('',#12405,#12406,#12407);
#9597=CARTESIAN_POINT('',(2.4,-0.925,-0.25));
#9598=CARTESIAN_POINT('',(2.4,-0.925,-0.25));
#9599=VECTOR('',#12408,1.3);
#9600=CARTESIAN_POINT('',(2.25,-0.925,-0.4));
#9601=AXIS2_PLACEMENT_3D('',#12409,#12410,#12411);
#9602=CARTESIAN_POINT('',(2.25,-0.925,-0.41));
#9603=CARTESIAN_POINT('',(2.25,-0.925,-0.4));
#9604=VECTOR('',#12412,0.01);
#9605=CARTESIAN_POINT('',(2.4,-0.925,-0.56));
#9606=AXIS2_PLACEMENT_3D('',#12413,#12414,#12415);
#9607=CARTESIAN_POINT('',(2.596446609407,-0.925,-0.56));
#9608=VECTOR('',#12416,0.1964466094067);
#9609=CARTESIAN_POINT('',(1.79,-0.925,-1.53));
#9610=CARTESIAN_POINT('',(1.79,-0.925,-1.53));
#9611=VECTOR('',#12417,0.8064466094067);
#9612=CARTESIAN_POINT('',(1.79,-0.925,-1.15));
#9613=VECTOR('',#12418,0.38);
#9614=CARTESIAN_POINT('',(-2.596446609407,-0.925,-1.53));
#9615=CARTESIAN_POINT('',(-1.79,-0.925,-1.53));
#9616=CARTESIAN_POINT('',(-2.596446609407,-0.925,-1.53));
#9617=VECTOR('',#12419,0.8064466094067);
#9618=CARTESIAN_POINT('',(-2.596446609407,-0.925,-0.56));
#9619=CARTESIAN_POINT('',(-2.596446609407,-0.925,-1.53));
#9620=VECTOR('',#12420,0.97);
#9621=CARTESIAN_POINT('',(-2.4,-0.925,-0.56));
#9622=CARTESIAN_POINT('',(-2.596446609407,-0.925,-0.56));
#9623=VECTOR('',#12421,0.1964466094067);
#9624=CARTESIAN_POINT('',(-2.25,-0.925,-0.41));
#9625=AXIS2_PLACEMENT_3D('',#12422,#12423,#12424);
#9626=CARTESIAN_POINT('',(-2.25,-0.925,-0.4));
#9627=CARTESIAN_POINT('',(-2.25,-0.925,-0.41));
#9628=VECTOR('',#12425,0.01);
#9629=CARTESIAN_POINT('',(-2.4,-0.925,-0.25));
#9630=AXIS2_PLACEMENT_3D('',#12426,#12427,#12428);
#9631=CARTESIAN_POINT('',(-3.7,-0.925,-0.25));
#9632=CARTESIAN_POINT('',(-3.7,-0.925,-0.25));
#9633=VECTOR('',#12429,1.3);
#9634=CARTESIAN_POINT('',(-3.9,-0.925,-0.05));
#9635=AXIS2_PLACEMENT_3D('',#12430,#12431,#12432);
#9636=CARTESIAN_POINT('',(-3.9,-0.925,0.45));
#9637=CARTESIAN_POINT('',(-3.9,-0.925,0.45));
#9638=VECTOR('',#12433,0.5);
#9639=CARTESIAN_POINT('',(-3.7,-0.925,0.65));
#9640=AXIS2_PLACEMENT_3D('',#12434,#12435,#12436);
#9641=CARTESIAN_POINT('',(-2.4,-0.925,0.65));
#9642=CARTESIAN_POINT('',(-2.4,-0.925,0.65));
#9643=VECTOR('',#12437,1.3);
#9644=CARTESIAN_POINT('',(-2.25,-0.925,0.8));
#9645=AXIS2_PLACEMENT_3D('',#12438,#12439,#12440);
#9646=CARTESIAN_POINT('',(-2.25,-0.925,0.81));
#9647=CARTESIAN_POINT('',(-2.25,-0.925,0.8));
#9648=VECTOR('',#12441,0.01);
#9649=CARTESIAN_POINT('',(-2.4,-0.925,0.96));
#9650=AXIS2_PLACEMENT_3D('',#12442,#12443,#12444);
#9651=CARTESIAN_POINT('',(-2.596446609407,-0.925,0.96));
#9652=CARTESIAN_POINT('',(-2.596446609407,-0.925,0.96));
#9653=VECTOR('',#12445,0.1964466094067);
#9654=CARTESIAN_POINT('',(-2.596446609407,-0.925,0.96));
#9655=VECTOR('',#12446,1.39);
#9656=CARTESIAN_POINT('',(-2.5,-0.925,2.354813742174));
#9657=CARTESIAN_POINT('',(-2.5,-0.925,2.354813742174));
#9658=VECTOR('',#12447,0.004813742174181);
#9659=CARTESIAN_POINT('',(-0.01,-0.925,2.354813742174));
#9660=CARTESIAN_POINT('',(-0.01,-0.925,2.354813742174));
#9661=VECTOR('',#12448,2.49);
#9662=CARTESIAN_POINT('',(-0.01,-0.925,1.74515457349));
#9663=CARTESIAN_POINT('',(-0.01,-0.925,2.354813742174));
#9664=VECTOR('',#12449,0.6096591686841);
#9665=CARTESIAN_POINT('',(0.2406446116619,-0.925,1.613307865618));
#9666=AXIS2_PLACEMENT_3D('',#12450,#12451,#12452);
#9667=CARTESIAN_POINT('',(0.5706859647958,-0.925,1.840211295898));
#9668=CARTESIAN_POINT('',(0.2406446116619,-0.925,1.613307865618));
#9669=VECTOR('',#12453,0.4005152449671);
#9670=CARTESIAN_POINT('',(0.79,-0.925,1.72484542651));
#9671=AXIS2_PLACEMENT_3D('',#12454,#12455,#12456);
#9672=CARTESIAN_POINT('',(0.79,-0.925,-0.4048454265099));
#9673=CARTESIAN_POINT('',(0.79,-0.925,1.72484542651));
#9674=VECTOR('',#12457,2.12969085302);
#9675=CARTESIAN_POINT('',(0.5706859647958,-0.925,-0.5202112958978));
#9676=AXIS2_PLACEMENT_3D('',#12458,#12459,#12460);
#9677=CARTESIAN_POINT('',(0.2406446116619,-0.925,-0.2933078656182));
#9678=CARTESIAN_POINT('',(0.5706859647958,-0.925,-0.5202112958978));
#9679=VECTOR('',#12461,0.4005152449671);
#9680=CARTESIAN_POINT('',(-0.01,-0.925,-0.4251545734901));
#9681=AXIS2_PLACEMENT_3D('',#12462,#12463,#12464);
#9682=CARTESIAN_POINT('',(-0.01,-0.925,-1.13));
#9683=CARTESIAN_POINT('',(-0.01,-0.925,-0.4251545734901));
#9684=VECTOR('',#12465,0.7048454265099);
#9685=CARTESIAN_POINT('',(-1.71,-0.925,-1.13));
#9686=CARTESIAN_POINT('',(-0.01,-0.925,-1.13));
#9687=VECTOR('',#12466,1.7);
#9688=CARTESIAN_POINT('',(-1.762915026221,-0.925,-1.15));
#9689=AXIS2_PLACEMENT_3D('',#12467,#12468,#12469);
#9690=CARTESIAN_POINT('',(-1.79,-0.925,-1.15));
#9691=CARTESIAN_POINT('',(-1.79,-0.925,-1.15));
#9692=VECTOR('',#12470,0.02708497377871);
#9693=CARTESIAN_POINT('',(-1.79,-0.925,-1.53));
#9694=VECTOR('',#12471,0.38);
#9695=CARTESIAN_POINT('',(1.79,-0.92,-1.15));
#9696=CARTESIAN_POINT('',(1.79,-0.92,-1.15));
#9697=VECTOR('',#12472,0.005);
#9698=CARTESIAN_POINT('',(1.79,-0.985,-1.53));
#9699=CARTESIAN_POINT('',(1.79,-0.925,-1.53));
#9700=VECTOR('',#12473,0.06);
#9701=CARTESIAN_POINT('',(1.79,-0.985,-1.71));
#9702=CARTESIAN_POINT('',(1.79,-0.985,-1.53));
#9703=VECTOR('',#12474,0.18);
#9704=CARTESIAN_POINT('',(1.79,-1.105,-1.71));
#9705=CARTESIAN_POINT('',(1.79,-0.985,-1.71));
#9706=VECTOR('',#12475,0.12);
#9707=CARTESIAN_POINT('',(1.79,-1.105,-2.35));
#9708=CARTESIAN_POINT('',(1.79,-1.105,-1.71));
#9709=VECTOR('',#12476,0.64);
#9710=CARTESIAN_POINT('',(1.79,-0.92,-2.35));
#9711=CARTESIAN_POINT('',(1.79,-1.105,-2.35));
#9712=VECTOR('',#12477,0.185);
#9713=CARTESIAN_POINT('',(1.79,-0.92,-2.35));
#9714=VECTOR('',#12478,1.2);
#9715=CARTESIAN_POINT('',(1.925,-0.92,-2.35));
#9716=CARTESIAN_POINT('',(1.79,-0.92,-2.35));
#9717=VECTOR('',#12479,0.135);
#9718=CARTESIAN_POINT('',(2.594375541595,-0.92,-2.35));
#9719=CARTESIAN_POINT('',(1.925,-0.92,-2.35));
#9720=VECTOR('',#12480,0.6693755415949);
#9721=CARTESIAN_POINT('',(2.594375541595,-0.92,-1.15));
#9722=CARTESIAN_POINT('',(2.594375541595,-0.92,-2.35));
#9723=VECTOR('',#12481,1.2);
#9724=CARTESIAN_POINT('',(1.79,-0.92,-1.15));
#9725=VECTOR('',#12482,0.8043755415949);
#9726=CARTESIAN_POINT('',(-2.594375541595,-0.92,-1.15));
#9727=CARTESIAN_POINT('',(-1.79,-0.92,-1.15));
#9728=CARTESIAN_POINT('',(-2.594375541595,-0.92,-1.15));
#9729=VECTOR('',#12483,0.8043755415949);
#9730=CARTESIAN_POINT('',(-2.594375541595,-0.92,-2.35));
#9731=CARTESIAN_POINT('',(-2.594375541595,-0.92,-2.35));
#9732=VECTOR('',#12484,1.2);
#9733=CARTESIAN_POINT('',(-1.925,-0.92,-2.35));
#9734=CARTESIAN_POINT('',(-2.594375541595,-0.92,-2.35));
#9735=VECTOR('',#12485,0.6693755415949);
#9736=CARTESIAN_POINT('',(-1.79,-0.92,-2.35));
#9737=CARTESIAN_POINT('',(-1.925,-0.92,-2.35));
#9738=VECTOR('',#12486,0.135);
#9739=CARTESIAN_POINT('',(-1.79,-0.92,-2.35));
#9740=VECTOR('',#12487,1.2);
#9741=CARTESIAN_POINT('',(1.115,0.045,-1.15));
#9742=CARTESIAN_POINT('',(1.115,0.165,-1.15));
#9743=CARTESIAN_POINT('',(1.115,0.045,-1.15));
#9744=VECTOR('',#12488,0.12);
#9745=CARTESIAN_POINT('',(0.835,0.045,-1.15));
#9746=CARTESIAN_POINT('',(0.835,0.045,-1.15));
#9747=VECTOR('',#12489,0.28);
#9748=CARTESIAN_POINT('',(0.835,0.165,-1.15));
#9749=CARTESIAN_POINT('',(0.835,0.045,-1.15));
#9750=VECTOR('',#12490,0.12);
#9751=CARTESIAN_POINT('',(0.465,0.165,-1.15));
#9752=CARTESIAN_POINT('',(0.465,0.165,-1.15));
#9753=VECTOR('',#12491,0.37);
#9754=CARTESIAN_POINT('',(0.465,0.045,-1.15));
#9755=CARTESIAN_POINT('',(0.465,0.045,-1.15));
#9756=VECTOR('',#12492,0.12);
#9757=CARTESIAN_POINT('',(0.185,0.045,-1.15));
#9758=CARTESIAN_POINT('',(0.185,0.045,-1.15));
#9759=VECTOR('',#12493,0.28);
#9760=CARTESIAN_POINT('',(0.185,0.165,-1.15));
#9761=CARTESIAN_POINT('',(0.185,0.045,-1.15));
#9762=VECTOR('',#12494,0.12);
#9763=CARTESIAN_POINT('',(-0.185,0.165,-1.15));
#9764=CARTESIAN_POINT('',(-0.185,0.165,-1.15));
#9765=VECTOR('',#12495,0.37);
#9766=CARTESIAN_POINT('',(-0.185,0.045,-1.15));
#9767=CARTESIAN_POINT('',(-0.185,0.045,-1.15));
#9768=VECTOR('',#12496,0.12);
#9769=CARTESIAN_POINT('',(-0.465,0.045,-1.15));
#9770=CARTESIAN_POINT('',(-0.465,0.045,-1.15));
#9771=VECTOR('',#12497,0.28);
#9772=CARTESIAN_POINT('',(-0.465,0.165,-1.15));
#9773=CARTESIAN_POINT('',(-0.465,0.045,-1.15));
#9774=VECTOR('',#12498,0.12);
#9775=CARTESIAN_POINT('',(-0.835,0.165,-1.15));
#9776=CARTESIAN_POINT('',(-0.835,0.165,-1.15));
#9777=VECTOR('',#12499,0.37);
#9778=CARTESIAN_POINT('',(-0.835,0.045,-1.15));
#9779=CARTESIAN_POINT('',(-0.835,0.045,-1.15));
#9780=VECTOR('',#12500,0.12);
#9781=CARTESIAN_POINT('',(-1.115,0.045,-1.15));
#9782=CARTESIAN_POINT('',(-1.115,0.045,-1.15));
#9783=VECTOR('',#12501,0.28);
#9784=CARTESIAN_POINT('',(-1.115,0.165,-1.15));
#9785=CARTESIAN_POINT('',(-1.115,0.045,-1.15));
#9786=VECTOR('',#12502,0.12);
#9787=CARTESIAN_POINT('',(-1.485,0.165,-1.15));
#9788=CARTESIAN_POINT('',(-1.485,0.165,-1.15));
#9789=VECTOR('',#12503,0.37);
#9790=CARTESIAN_POINT('',(-1.485,0.045,-1.15));
#9791=CARTESIAN_POINT('',(-1.485,0.045,-1.15));
#9792=VECTOR('',#12504,0.12);
#9793=CARTESIAN_POINT('',(-1.55,0.045,-1.15));
#9794=CARTESIAN_POINT('',(-1.55,0.045,-1.15));
#9795=VECTOR('',#12505,0.065);
#9796=CARTESIAN_POINT('',(-1.75,0.245,-1.15));
#9797=AXIS2_PLACEMENT_3D('',#12506,#12507,#12508);
#9798=CARTESIAN_POINT('',(-1.75,0.445,-1.15));
#9799=CARTESIAN_POINT('',(-1.75,0.445,-1.15));
#9800=VECTOR('',#12509,0.2);
#9801=CARTESIAN_POINT('',(-1.55,0.645,-1.15));
#9802=AXIS2_PLACEMENT_3D('',#12510,#12511,#12512);
#9803=CARTESIAN_POINT('',(-0.51,0.645,-1.15));
#9804=CARTESIAN_POINT('',(-0.51,0.645,-1.15));
#9805=VECTOR('',#12513,1.04);
#9806=CARTESIAN_POINT('',(-0.51,0.92,-1.15));
#9807=CARTESIAN_POINT('',(-0.51,0.645,-1.15));
#9808=VECTOR('',#12514,0.275);
#9809=CARTESIAN_POINT('',(-3.095,0.92,-1.15));
#9810=CARTESIAN_POINT('',(-0.51,0.92,-1.15));
#9811=VECTOR('',#12515,2.585);
#9812=CARTESIAN_POINT('',(-3.445,0.57,-1.15));
#9813=AXIS2_PLACEMENT_3D('',#12516,#12517,#12518);
#9814=CARTESIAN_POINT('',(-3.445,-0.06937554159486,-1.15));
#9815=CARTESIAN_POINT('',(-3.445,0.57,-1.15));
#9816=VECTOR('',#12519,0.6393755415949);
#9817=CARTESIAN_POINT('',(-3.371776695297,-0.2461522368915,-1.15));
#9818=AXIS2_PLACEMENT_3D('',#12520,#12521,#12522);
#9819=CARTESIAN_POINT('',(-2.771152236891,-0.8467766952966,-1.15));
#9820=CARTESIAN_POINT('',(-3.371776695297,-0.2461522368915,-1.15));
#9821=VECTOR('',#12523,0.8494112549695);
#9822=AXIS2_PLACEMENT_3D('',#12524,#12525,#12526);
#9823=CARTESIAN_POINT('',(-1.79,-0.92,-1.15));
#9824=VECTOR('',#12527,0.005);
#9825=CARTESIAN_POINT('',(-1.762915026221,-1.2,-1.15));
#9826=CARTESIAN_POINT('',(-1.762915026221,-0.925,-1.15));
#9827=VECTOR('',#12528,0.275);
#9828=CARTESIAN_POINT('',(1.762915026221,-1.2,-1.15));
#9829=CARTESIAN_POINT('',(1.762915026221,-1.2,-1.15));
#9830=VECTOR('',#12529,3.525830052443);
#9831=CARTESIAN_POINT('',(1.762915026221,-0.925,-1.15));
#9832=VECTOR('',#12530,0.275);
#9833=CARTESIAN_POINT('',(2.771152236891,-0.8467766952966,-1.15));
#9834=AXIS2_PLACEMENT_3D('',#12531,#12532,#12533);
#9835=CARTESIAN_POINT('',(3.371776695297,-0.2461522368915,-1.15));
#9836=CARTESIAN_POINT('',(2.771152236891,-0.8467766952966,-1.15));
#9837=VECTOR('',#12534,0.8494112549695);
#9838=CARTESIAN_POINT('',(3.445,-0.06937554159486,-1.15));
#9839=AXIS2_PLACEMENT_3D('',#12535,#12536,#12537);
#9840=CARTESIAN_POINT('',(3.445,0.57,-1.15));
#9841=CARTESIAN_POINT('',(3.445,-0.06937554159486,-1.15));
#9842=VECTOR('',#12538,0.6393755415949);
#9843=CARTESIAN_POINT('',(3.095,0.92,-1.15));
#9844=AXIS2_PLACEMENT_3D('',#12539,#12540,#12541);
#9845=CARTESIAN_POINT('',(0.51,0.92,-1.15));
#9846=CARTESIAN_POINT('',(3.095,0.92,-1.15));
#9847=VECTOR('',#12542,2.585);
#9848=CARTESIAN_POINT('',(0.51,0.645,-1.15));
#9849=CARTESIAN_POINT('',(0.51,0.92,-1.15));
#9850=VECTOR('',#12543,0.275);
#9851=CARTESIAN_POINT('',(1.55,0.645,-1.15));
#9852=CARTESIAN_POINT('',(1.55,0.645,-1.15));
#9853=VECTOR('',#12544,1.04);
#9854=CARTESIAN_POINT('',(1.75,0.445,-1.15));
#9855=AXIS2_PLACEMENT_3D('',#12545,#12546,#12547);
#9856=CARTESIAN_POINT('',(1.75,0.245,-1.15));
#9857=CARTESIAN_POINT('',(1.75,0.245,-1.15));
#9858=VECTOR('',#12548,0.2);
#9859=CARTESIAN_POINT('',(1.55,0.045,-1.15));
#9860=AXIS2_PLACEMENT_3D('',#12549,#12550,#12551);
#9861=CARTESIAN_POINT('',(1.485,0.045,-1.15));
#9862=CARTESIAN_POINT('',(1.485,0.045,-1.15));
#9863=VECTOR('',#12552,0.065);
#9864=CARTESIAN_POINT('',(1.485,0.165,-1.15));
#9865=CARTESIAN_POINT('',(1.485,0.045,-1.15));
#9866=VECTOR('',#12553,0.12);
#9867=CARTESIAN_POINT('',(1.115,0.165,-1.15));
#9868=VECTOR('',#12554,0.37);
#9869=CARTESIAN_POINT('',(1.485,0.165,1.05));
#9870=CARTESIAN_POINT('',(1.485,0.165,-1.15));
#9871=VECTOR('',#12555,2.2);
#9872=CARTESIAN_POINT('',(1.115,0.165,1.05));
#9873=CARTESIAN_POINT('',(1.115,0.165,1.05));
#9874=VECTOR('',#12556,0.37);
#9875=CARTESIAN_POINT('',(1.115,0.165,-1.15));
#9876=VECTOR('',#12557,2.2);
#9877=CARTESIAN_POINT('',(1.115,0.265,1.15));
#9878=CARTESIAN_POINT('',(1.115,0.265,1.55));
#9879=CARTESIAN_POINT('',(1.115,0.265,1.15));
#9880=VECTOR('',#12558,0.4);
#9881=CARTESIAN_POINT('',(1.115,0.245,1.55));
#9882=CARTESIAN_POINT('',(1.115,0.245,1.55));
#9883=VECTOR('',#12559,0.02);
#9884=CARTESIAN_POINT('',(1.115,0.045,1.35));
#9885=AXIS2_PLACEMENT_3D('',#12560,#12561,#12562);
#9886=CARTESIAN_POINT('',(1.115,0.045,-1.15));
#9887=VECTOR('',#12563,2.5);
#9888=AXIS2_PLACEMENT_3D('',#12564,#12565,#12566);
#9889=CARTESIAN_POINT('',(1.485,0.265,1.15));
#9890=AXIS2_PLACEMENT_3D('',#12567,#12568,#12569);
#9891=CARTESIAN_POINT('',(1.115,0.265,1.15));
#9892=VECTOR('',#12570,0.37);
#9893=CARTESIAN_POINT('',(1.485,0.265,1.55));
#9894=CARTESIAN_POINT('',(1.485,0.265,1.15));
#9895=VECTOR('',#12571,0.4);
#9896=CARTESIAN_POINT('',(1.115,0.265,1.55));
#9897=VECTOR('',#12572,0.37);
#9898=CARTESIAN_POINT('',(1.485,0.245,1.55));
#9899=CARTESIAN_POINT('',(1.485,0.245,1.55));
#9900=VECTOR('',#12573,0.02);
#9901=CARTESIAN_POINT('',(1.55,0.245,1.55));
#9902=CARTESIAN_POINT('',(1.485,0.245,1.55));
#9903=VECTOR('',#12574,0.065);
#9904=CARTESIAN_POINT('',(1.55,0.445,1.55));
#9905=CARTESIAN_POINT('',(1.55,0.245,1.55));
#9906=VECTOR('',#12575,0.2);
#9907=CARTESIAN_POINT('',(-1.55,0.445,1.55));
#9908=CARTESIAN_POINT('',(1.55,0.445,1.55));
#9909=VECTOR('',#12576,3.1);
#9910=CARTESIAN_POINT('',(-1.55,0.245,1.55));
#9911=CARTESIAN_POINT('',(-1.55,0.445,1.55));
#9912=VECTOR('',#12577,0.2);
#9913=CARTESIAN_POINT('',(-1.485,0.245,1.55));
#9914=CARTESIAN_POINT('',(-1.55,0.245,1.55));
#9915=VECTOR('',#12578,0.065);
#9916=CARTESIAN_POINT('',(-1.485,0.265,1.55));
#9917=CARTESIAN_POINT('',(-1.485,0.245,1.55));
#9918=VECTOR('',#12579,0.02);
#9919=CARTESIAN_POINT('',(-1.115,0.265,1.55));
#9920=CARTESIAN_POINT('',(-1.485,0.265,1.55));
#9921=VECTOR('',#12580,0.37);
#9922=CARTESIAN_POINT('',(-1.115,0.245,1.55));
#9923=CARTESIAN_POINT('',(-1.115,0.245,1.55));
#9924=VECTOR('',#12581,0.02);
#9925=CARTESIAN_POINT('',(-0.835,0.245,1.55));
#9926=CARTESIAN_POINT('',(-1.115,0.245,1.55));
#9927=VECTOR('',#12582,0.28);
#9928=CARTESIAN_POINT('',(-0.835,0.265,1.55));
#9929=CARTESIAN_POINT('',(-0.835,0.245,1.55));
#9930=VECTOR('',#12583,0.02);
#9931=CARTESIAN_POINT('',(-0.465,0.265,1.55));
#9932=CARTESIAN_POINT('',(-0.835,0.265,1.55));
#9933=VECTOR('',#12584,0.37);
#9934=CARTESIAN_POINT('',(-0.465,0.245,1.55));
#9935=CARTESIAN_POINT('',(-0.465,0.245,1.55));
#9936=VECTOR('',#12585,0.02);
#9937=CARTESIAN_POINT('',(-0.185,0.245,1.55));
#9938=CARTESIAN_POINT('',(-0.465,0.245,1.55));
#9939=VECTOR('',#12586,0.28);
#9940=CARTESIAN_POINT('',(-0.185,0.265,1.55));
#9941=CARTESIAN_POINT('',(-0.185,0.245,1.55));
#9942=VECTOR('',#12587,0.02);
#9943=CARTESIAN_POINT('',(0.185,0.265,1.55));
#9944=CARTESIAN_POINT('',(-0.185,0.265,1.55));
#9945=VECTOR('',#12588,0.37);
#9946=CARTESIAN_POINT('',(0.185,0.245,1.55));
#9947=CARTESIAN_POINT('',(0.185,0.245,1.55));
#9948=VECTOR('',#12589,0.02);
#9949=CARTESIAN_POINT('',(0.465,0.245,1.55));
#9950=CARTESIAN_POINT('',(0.185,0.245,1.55));
#9951=VECTOR('',#12590,0.28);
#9952=CARTESIAN_POINT('',(0.465,0.265,1.55));
#9953=CARTESIAN_POINT('',(0.465,0.245,1.55));
#9954=VECTOR('',#12591,0.02);
#9955=CARTESIAN_POINT('',(0.835,0.265,1.55));
#9956=CARTESIAN_POINT('',(0.465,0.265,1.55));
#9957=VECTOR('',#12592,0.37);
#9958=CARTESIAN_POINT('',(0.835,0.245,1.55));
#9959=CARTESIAN_POINT('',(0.835,0.245,1.55));
#9960=VECTOR('',#12593,0.02);
#9961=CARTESIAN_POINT('',(0.835,0.245,1.55));
#9962=VECTOR('',#12594,0.28);
#9963=CARTESIAN_POINT('',(-1.55,0.045,1.35));
#9964=AXIS2_PLACEMENT_3D('',#12595,#12596,#12597);
#9965=CARTESIAN_POINT('',(-1.485,0.045,1.35));
#9966=CARTESIAN_POINT('',(-1.549999999909,0.045,1.35));
#9967=VECTOR('',#12598,0.06499999990936);
#9968=AXIS2_PLACEMENT_3D('',#12599,#12600,#12601);
#9969=CARTESIAN_POINT('',(-1.115,0.045,1.35));
#9970=AXIS2_PLACEMENT_3D('',#12602,#12603,#12604);
#9971=CARTESIAN_POINT('',(-0.835,0.045,1.35));
#9972=CARTESIAN_POINT('',(-1.115,0.045,1.35));
#9973=VECTOR('',#12605,0.28);
#9974=AXIS2_PLACEMENT_3D('',#12606,#12607,#12608);
#9975=CARTESIAN_POINT('',(-0.465,0.045,1.35));
#9976=AXIS2_PLACEMENT_3D('',#12609,#12610,#12611);
#9977=CARTESIAN_POINT('',(-0.185,0.045,1.35));
#9978=CARTESIAN_POINT('',(-0.465,0.045,1.35));
#9979=VECTOR('',#12612,0.28);
#9980=AXIS2_PLACEMENT_3D('',#12613,#12614,#12615);
#9981=CARTESIAN_POINT('',(0.185,0.045,1.35));
#9982=AXIS2_PLACEMENT_3D('',#12616,#12617,#12618);
#9983=CARTESIAN_POINT('',(0.465,0.045,1.35));
#9984=CARTESIAN_POINT('',(0.185,0.045,1.35));
#9985=VECTOR('',#12619,0.28);
#9986=AXIS2_PLACEMENT_3D('',#12620,#12621,#12622);
#9987=CARTESIAN_POINT('',(0.835,0.045,1.35));
#9988=AXIS2_PLACEMENT_3D('',#12623,#12624,#12625);
#9989=CARTESIAN_POINT('',(0.835,0.045,1.35));
#9990=VECTOR('',#12626,0.28);
#9991=CARTESIAN_POINT('',(1.485,0.045,1.35));
#9992=CARTESIAN_POINT('',(1.55,0.045,1.35));
#9993=CARTESIAN_POINT('',(1.485,0.045,1.35));
#9994=VECTOR('',#12627,0.06499999974722);
#9995=AXIS2_PLACEMENT_3D('',#12628,#12629,#12630);
#9996=AXIS2_PLACEMENT_3D('',#12631,#12632,#12633);
#9997=CARTESIAN_POINT('',(-1.485,0.265,1.15));
#9998=CARTESIAN_POINT('',(-1.485,0.265,1.15));
#9999=VECTOR('',#12634,0.4);
#10000=CARTESIAN_POINT('',(-1.485,0.045,-1.15));
#10001=VECTOR('',#12635,2.5);
#10002=CARTESIAN_POINT('',(-1.485,0.165,1.05));
#10003=CARTESIAN_POINT('',(-1.485,0.165,-1.15));
#10004=VECTOR('',#12636,2.2);
#10005=AXIS2_PLACEMENT_3D('',#12637,#12638,#12639);
#10006=CARTESIAN_POINT('',(-1.115,0.165,1.05));
#10007=CARTESIAN_POINT('',(-1.485,0.165,1.05));
#10008=VECTOR('',#12640,0.37);
#10009=CARTESIAN_POINT('',(-1.115,0.265,1.15));
#10010=AXIS2_PLACEMENT_3D('',#12641,#12642,#12643);
#10011=CARTESIAN_POINT('',(-1.485,0.265,1.15));
#10012=VECTOR('',#12644,0.37);
#10013=CARTESIAN_POINT('',(-1.115,0.265,1.15));
#10014=VECTOR('',#12645,0.4);
#10015=CARTESIAN_POINT('',(-1.115,0.165,-1.15));
#10016=VECTOR('',#12646,2.2);
#10017=CARTESIAN_POINT('',(-1.115,0.045,-1.15));
#10018=VECTOR('',#12647,2.5);
#10019=CARTESIAN_POINT('',(-1.55,0.045,-1.15));
#10020=VECTOR('',#12648,2.5);
#10021=CARTESIAN_POINT('',(-0.835,0.045,-1.15));
#10022=VECTOR('',#12649,2.5);
#10023=CARTESIAN_POINT('',(-0.465,0.045,-1.15));
#10024=VECTOR('',#12650,2.5);
#10025=CARTESIAN_POINT('',(-0.185,0.045,-1.15));
#10026=VECTOR('',#12651,2.5);
#10027=CARTESIAN_POINT('',(0.185,0.045,-1.15));
#10028=VECTOR('',#12652,2.5);
#10029=CARTESIAN_POINT('',(0.465,0.045,-1.15));
#10030=VECTOR('',#12653,2.5);
#10031=CARTESIAN_POINT('',(0.835,0.045,-1.15));
#10032=VECTOR('',#12654,2.5);
#10033=CARTESIAN_POINT('',(1.55,0.045,-1.15));
#10034=VECTOR('',#12655,2.5);
#10035=CARTESIAN_POINT('',(1.485,0.045,-1.15));
#10036=VECTOR('',#12656,2.5);
#10037=CARTESIAN_POINT('',(-1.75,0.2450000002528,1.35));
#10038=CARTESIAN_POINT('',(-1.75,0.245,-1.15));
#10039=VECTOR('',#12657,2.5);
#10040=AXIS2_PLACEMENT_3D('',#12658,#12659,#12660);
#10041=AXIS2_PLACEMENT_3D('',#12661,#12662,#12663);
#10042=CARTESIAN_POINT('',(-1.75,0.445,1.35));
#10043=AXIS2_PLACEMENT_3D('',#12664,#12665,#12666);
#10044=CARTESIAN_POINT('',(-1.75,0.4449999999094,1.35));
#10045=VECTOR('',#12667,0.1999999996566);
#10046=CARTESIAN_POINT('',(-1.75,0.445,-1.15));
#10047=VECTOR('',#12668,2.5);
#10048=CARTESIAN_POINT('',(-1.549999999747,0.645,1.35));
#10049=CARTESIAN_POINT('',(-1.55,0.645,-1.15));
#10050=VECTOR('',#12669,2.5);
#10051=AXIS2_PLACEMENT_3D('',#12670,#12671,#12672);
#10052=AXIS2_PLACEMENT_3D('',#12673,#12674,#12675);
#10053=CARTESIAN_POINT('',(1.549999999909,0.645,1.35));
#10054=AXIS2_PLACEMENT_3D('',#12676,#12677,#12678);
#10055=CARTESIAN_POINT('',(1.549999999909,0.645,1.35));
#10056=VECTOR('',#12679,3.099999999657);
#10057=CARTESIAN_POINT('',(1.55,0.645,-1.15));
#10058=VECTOR('',#12680,2.5);
#10059=CARTESIAN_POINT('',(0.41,0.645,-1.25));
#10060=CARTESIAN_POINT('',(0.51,0.645,-1.15));
#10061=VECTOR('',#12681,0.1414213562373);
#10062=CARTESIAN_POINT('',(0.41,0.645,-1.5));
#10063=CARTESIAN_POINT('',(0.41,0.645,-1.25));
#10064=VECTOR('',#12682,0.25);
#10065=CARTESIAN_POINT('',(0.16,0.645,-1.75));
#10066=AXIS2_PLACEMENT_3D('',#12683,#12684,#12685);
#10067=CARTESIAN_POINT('',(-0.16,0.645,-1.75));
#10068=CARTESIAN_POINT('',(0.16,0.645,-1.75));
#10069=VECTOR('',#12686,0.32);
#10070=CARTESIAN_POINT('',(-0.41,0.645,-1.5));
#10071=AXIS2_PLACEMENT_3D('',#12687,#12688,#12689);
#10072=CARTESIAN_POINT('',(-0.41,0.645,-1.25));
#10073=CARTESIAN_POINT('',(-0.41,0.645,-1.5));
#10074=VECTOR('',#12690,0.25);
#10075=CARTESIAN_POINT('',(-0.41,0.645,-1.25));
#10076=VECTOR('',#12691,0.1414213562373);
#10077=CARTESIAN_POINT('',(-0.41,0.92,-1.25));
#10078=CARTESIAN_POINT('',(-0.51,0.92,-1.15));
#10079=VECTOR('',#12692,0.1414213562373);
#10080=CARTESIAN_POINT('',(-0.41,0.7730131584643,-1.25));
#10081=CARTESIAN_POINT('',(-0.41,0.645,-1.25));
#10082=VECTOR('',#12693,0.1280131584643);
#10083=CARTESIAN_POINT('',(-0.41,0.92,-1.25));
#10084=VECTOR('',#12694,0.1469868415357);
#10085=CARTESIAN_POINT('',(-0.41,0.92,-1.75));
#10086=CARTESIAN_POINT('',(-0.41,0.92,-1.75));
#10087=VECTOR('',#12695,0.5);
#10088=CARTESIAN_POINT('',(-0.41,0.925,-1.18));
#10089=AXIS2_PLACEMENT_3D('',#12696,#12697,#12698);
#10090=CARTESIAN_POINT('',(-0.41,0.925,-1.75));
#10091=CARTESIAN_POINT('',(-0.41,0.925,-1.18));
#10092=VECTOR('',#12699,0.57);
#10093=CARTESIAN_POINT('',(-0.41,0.92,-1.75));
#10094=VECTOR('',#12700,0.005);
#10095=CARTESIAN_POINT('',(0.41,0.92,-1.75));
#10096=CARTESIAN_POINT('',(0.41,0.925,-1.75));
#10097=CARTESIAN_POINT('',(0.41,0.92,-1.75));
#10098=VECTOR('',#12701,0.005);
#10099=CARTESIAN_POINT('',(0.41,0.92,-1.75));
#10100=VECTOR('',#12702,0.82);
#10101=CARTESIAN_POINT('',(-0.41,0.925,-1.75));
#10102=VECTOR('',#12703,0.82);
#10103=CARTESIAN_POINT('',(1.21,0.925,-2.35));
#10104=CARTESIAN_POINT('',(-1.21,0.925,-2.35));
#10105=CARTESIAN_POINT('',(1.21,0.925,-2.35));
#10106=VECTOR('',#12704,2.42);
#10107=CARTESIAN_POINT('',(1.21,0.925,-1.35));
#10108=CARTESIAN_POINT('',(1.21,0.925,-2.35));
#10109=VECTOR('',#12705,1.0);
#10110=CARTESIAN_POINT('',(2.37,0.925,-1.35));
#10111=CARTESIAN_POINT('',(1.21,0.925,-1.35));
#10112=VECTOR('',#12706,1.16);
#10113=CARTESIAN_POINT('',(2.37,0.925,-1.65));
#10114=CARTESIAN_POINT('',(2.37,0.925,-1.65));
#10115=VECTOR('',#12707,0.3);
#10116=CARTESIAN_POINT('',(2.32,0.925,-1.65));
#10117=CARTESIAN_POINT('',(2.37,0.925,-1.65));
#10118=VECTOR('',#12708,0.05);
#10119=CARTESIAN_POINT('',(2.32,0.925,-2.35));
#10120=CARTESIAN_POINT('',(2.32,0.925,-2.35));
#10121=VECTOR('',#12709,0.7);
#10122=CARTESIAN_POINT('',(3.2,0.925,-2.35));
#10123=CARTESIAN_POINT('',(3.2,0.925,-2.35));
#10124=VECTOR('',#12710,0.88);
#10125=CARTESIAN_POINT('',(3.2,0.925,-2.35));
#10126=VECTOR('',#12711,4.7);
#10127=CARTESIAN_POINT('',(3.2,0.925,2.354813742174));
#10128=CARTESIAN_POINT('',(3.2,0.925,2.35));
#10129=VECTOR('',#12712,0.00481374217418);
#10130=CARTESIAN_POINT('',(-3.2,0.925,2.354813742174));
#10131=CARTESIAN_POINT('',(3.2,0.925,2.354813742174));
#10132=VECTOR('',#12713,6.4);
#10133=CARTESIAN_POINT('',(-3.2,0.925,2.35));
#10134=VECTOR('',#12714,0.00481374217418);
#10135=CARTESIAN_POINT('',(-3.2,0.925,-2.35));
#10136=CARTESIAN_POINT('',(-3.2,0.925,-2.35));
#10137=VECTOR('',#12715,4.7);
#10138=CARTESIAN_POINT('',(-2.32,0.925,-2.35));
#10139=CARTESIAN_POINT('',(-2.32,0.925,-2.35));
#10140=VECTOR('',#12716,0.88);
#10141=CARTESIAN_POINT('',(-2.32,0.925,-1.65));
#10142=CARTESIAN_POINT('',(-2.32,0.925,-2.35));
#10143=VECTOR('',#12717,0.7);
#10144=CARTESIAN_POINT('',(-2.37,0.925,-1.65));
#10145=CARTESIAN_POINT('',(-2.32,0.925,-1.65));
#10146=VECTOR('',#12718,0.05);
#10147=CARTESIAN_POINT('',(-2.37,0.925,-1.35));
#10148=CARTESIAN_POINT('',(-2.37,0.925,-1.65));
#10149=VECTOR('',#12719,0.3);
#10150=CARTESIAN_POINT('',(-1.21,0.925,-1.35));
#10151=CARTESIAN_POINT('',(-2.37,0.925,-1.35));
#10152=VECTOR('',#12720,1.16);
#10153=CARTESIAN_POINT('',(-1.21,0.925,-2.35));
#10154=VECTOR('',#12721,1.0);
#10155=CARTESIAN_POINT('',(-2.025,0.925,1.35));
#10156=CARTESIAN_POINT('',(-1.9,0.925,1.35));
#10157=CARTESIAN_POINT('',(-2.025,0.925,1.35));
#10158=VECTOR('',#12722,0.125);
#10159=AXIS2_PLACEMENT_3D('',#12723,#12724,#12725);
#10160=CARTESIAN_POINT('',(-2.025,0.925,1.1));
#10161=CARTESIAN_POINT('',(-1.9,0.925,1.1));
#10162=VECTOR('',#12726,0.125);
#10163=CARTESIAN_POINT('',(-2.025,0.925,-0.12));
#10164=CARTESIAN_POINT('',(-2.025,0.925,1.1));
#10165=VECTOR('',#12727,1.22);
#10166=CARTESIAN_POINT('',(-2.725,0.925,-0.12));
#10167=CARTESIAN_POINT('',(-2.025,0.925,-0.12));
#10168=VECTOR('',#12728,0.7);
#10169=CARTESIAN_POINT('',(-2.725,0.925,1.1));
#10170=CARTESIAN_POINT('',(-2.725,0.925,-0.12));
#10171=VECTOR('',#12729,1.22);
#10172=CARTESIAN_POINT('',(-2.725,0.925,1.1));
#10173=VECTOR('',#12730,0.125);
#10174=CARTESIAN_POINT('',(-2.85,0.925,1.35));
#10175=AXIS2_PLACEMENT_3D('',#12731,#12732,#12733);
#10176=CARTESIAN_POINT('',(-2.725,0.925,1.35));
#10177=CARTESIAN_POINT('',(-2.85,0.925,1.35));
#10178=VECTOR('',#12734,0.125);
#10179=CARTESIAN_POINT('',(-2.725,0.925,1.752598183049));
#10180=CARTESIAN_POINT('',(-2.725,0.925,1.35));
#10181=VECTOR('',#12735,0.402598183049);
#10182=CARTESIAN_POINT('',(-2.025,0.925,1.752598183049));
#10183=CARTESIAN_POINT('',(-2.725,0.925,1.752598183049));
#10184=VECTOR('',#12736,0.7);
#10185=CARTESIAN_POINT('',(-2.025,0.925,1.752598183049));
#10186=VECTOR('',#12737,0.402598183049);
#10187=CARTESIAN_POINT('',(2.725,0.925,1.35));
#10188=CARTESIAN_POINT('',(2.85,0.925,1.35));
#10189=CARTESIAN_POINT('',(2.725,0.925,1.35));
#10190=VECTOR('',#12738,0.125);
#10191=AXIS2_PLACEMENT_3D('',#12739,#12740,#12741);
#10192=CARTESIAN_POINT('',(2.725,0.925,1.1));
#10193=CARTESIAN_POINT('',(2.85,0.925,1.1));
#10194=VECTOR('',#12742,0.125);
#10195=CARTESIAN_POINT('',(2.725,0.925,-0.12));
#10196=CARTESIAN_POINT('',(2.725,0.925,1.1));
#10197=VECTOR('',#12743,1.22);
#10198=CARTESIAN_POINT('',(2.025,0.925,-0.12));
#10199=CARTESIAN_POINT('',(2.725,0.925,-0.12));
#10200=VECTOR('',#12744,0.7);
#10201=CARTESIAN_POINT('',(2.025,0.925,1.1));
#10202=CARTESIAN_POINT('',(2.025,0.925,-0.12));
#10203=VECTOR('',#12745,1.22);
#10204=CARTESIAN_POINT('',(2.025,0.925,1.1));
#10205=VECTOR('',#12746,0.125);
#10206=CARTESIAN_POINT('',(1.9,0.925,1.35));
#10207=AXIS2_PLACEMENT_3D('',#12747,#12748,#12749);
#10208=CARTESIAN_POINT('',(2.025,0.925,1.35));
#10209=CARTESIAN_POINT('',(1.9,0.925,1.35));
#10210=VECTOR('',#12750,0.125);
#10211=CARTESIAN_POINT('',(2.025,0.925,1.752598183049));
#10212=CARTESIAN_POINT('',(2.025,0.925,1.35));
#10213=VECTOR('',#12751,0.402598183049);
#10214=CARTESIAN_POINT('',(2.725,0.925,1.752598183049));
#10215=CARTESIAN_POINT('',(2.725,0.925,1.752598183049));
#10216=VECTOR('',#12752,0.7);
#10217=CARTESIAN_POINT('',(2.725,0.925,1.752598183049));
#10218=VECTOR('',#12753,0.402598183049);
#10219=CARTESIAN_POINT('',(0.41,0.925,-1.18));
#10220=CARTESIAN_POINT('',(-0.41,0.925,-1.18));
#10221=VECTOR('',#12754,0.82);
#10222=CARTESIAN_POINT('',(0.41,0.925,-1.75));
#10223=VECTOR('',#12755,0.57);
#10224=CARTESIAN_POINT('',(2.725,1.225,1.406188021535));
#10225=CARTESIAN_POINT('',(2.725,1.075,1.492790561914));
#10226=CARTESIAN_POINT('',(2.725,1.225,1.406188021535));
#10227=VECTOR('',#12756,0.173205080757);
#10228=CARTESIAN_POINT('',(2.725,1.225,1.35));
#10229=CARTESIAN_POINT('',(2.725,1.225,1.406188021535));
#10230=VECTOR('',#12757,0.05618802153515);
#10231=CARTESIAN_POINT('',(2.725,1.225,1.35));
#10232=VECTOR('',#12758,0.3);
#10233=AXIS2_PLACEMENT_3D('',#12759,#12760,#12761);
#10234=CARTESIAN_POINT('',(2.025,1.075,1.492790561914));
#10235=CARTESIAN_POINT('',(2.725,1.075,1.492790561914));
#10236=VECTOR('',#12762,0.7);
#10237=AXIS2_PLACEMENT_3D('',#12763,#12764,#12765);
#10238=CARTESIAN_POINT('',(2.025,1.225,1.35));
#10239=CARTESIAN_POINT('',(2.025,1.225,1.35));
#10240=VECTOR('',#12766,0.3);
#10241=CARTESIAN_POINT('',(2.025,1.225,1.406188021535));
#10242=CARTESIAN_POINT('',(2.025,1.225,1.35));
#10243=VECTOR('',#12767,0.05618802153515);
#10244=CARTESIAN_POINT('',(2.025,1.225,1.406188021535));
#10245=VECTOR('',#12768,0.173205080757);
#10246=CARTESIAN_POINT('',(2.025,1.305,1.36));
#10247=CARTESIAN_POINT('',(2.025,1.305,1.36));
#10248=VECTOR('',#12769,0.09237604307027);
#10249=CARTESIAN_POINT('',(2.725,1.305,1.36));
#10250=CARTESIAN_POINT('',(2.725,1.305,1.36));
#10251=VECTOR('',#12770,0.7);
#10252=CARTESIAN_POINT('',(2.725,1.305,1.36));
#10253=VECTOR('',#12771,0.09237604307027);
#10254=CARTESIAN_POINT('',(2.725,1.225,1.521658075373));
#10255=CARTESIAN_POINT('',(2.725,1.225,1.406188021535));
#10256=VECTOR('',#12772,0.115470053838);
#10257=CARTESIAN_POINT('',(2.725,1.355,1.446602540378));
#10258=CARTESIAN_POINT('',(2.725,1.355,1.446602540378));
#10259=VECTOR('',#12773,0.1);
#10260=CARTESIAN_POINT('',(2.725,1.355,1.446602540378));
#10261=VECTOR('',#12774,0.1501110699893);
#10262=CARTESIAN_POINT('',(2.525,1.225,1.752598183049));
#10263=CARTESIAN_POINT('',(2.725,1.225,1.521658075373));
#10264=CARTESIAN_POINT('',(2.725,1.225,1.557569751013));
#10265=CARTESIAN_POINT('',(2.711998370797,1.225,1.616391473089));
#10266=CARTESIAN_POINT('',(2.672515852456,1.225,1.684643981667));
#10267=CARTESIAN_POINT('',(2.614109071322,1.225,1.733972227452));
#10268=CARTESIAN_POINT('',(2.56091167564,1.225,1.752598183049));
#10269=CARTESIAN_POINT('',(2.525,1.225,1.752598183049));
#10270=CARTESIAN_POINT('',(2.525,1.455,1.619807621135));
#10271=AXIS2_PLACEMENT_3D('',#12775,#12776,#12777);
#10272=CARTESIAN_POINT('',(2.525,1.455,1.619807621135));
#10273=VECTOR('',#12778,0.2655811238273);
#10274=CARTESIAN_POINT('',(2.225,1.455,1.619807621135));
#10275=CARTESIAN_POINT('',(2.525,1.455,1.619807621135));
#10276=VECTOR('',#12779,0.3);
#10277=CARTESIAN_POINT('',(2.225,1.225,1.752598183049));
#10278=CARTESIAN_POINT('',(2.225,1.225,1.752598183049));
#10279=VECTOR('',#12780,0.2655811238273);
#10280=CARTESIAN_POINT('',(2.525,1.225,1.752598183049));
#10281=VECTOR('',#12781,0.3);
#10282=CARTESIAN_POINT('',(-1.21,1.225,-1.35));
#10283=CARTESIAN_POINT('',(-1.21,1.225,-2.35));
#10284=CARTESIAN_POINT('',(-1.21,1.225,-1.35));
#10285=VECTOR('',#12782,1.0);
#10286=CARTESIAN_POINT('',(-2.37,1.225,-1.35));
#10287=CARTESIAN_POINT('',(-2.37,1.225,-1.35));
#10288=VECTOR('',#12783,1.16);
#10289=CARTESIAN_POINT('',(-2.37,1.225,-1.65));
#10290=CARTESIAN_POINT('',(-2.37,1.225,-1.65));
#10291=VECTOR('',#12784,0.3);
#10292=CARTESIAN_POINT('',(-2.256940242224,1.225,-1.65));
#10293=CARTESIAN_POINT('',(-2.37,1.225,-1.65));
#10294=VECTOR('',#12785,0.1130597577758);
#10295=CARTESIAN_POINT('',(-2.256940242224,1.225,-2.35));
#10296=CARTESIAN_POINT('',(-2.256940242224,1.225,-2.35));
#10297=VECTOR('',#12786,0.7);
#10298=CARTESIAN_POINT('',(-3.2,1.225,-2.35));
#10299=CARTESIAN_POINT('',(-3.2,1.225,-2.35));
#10300=VECTOR('',#12787,0.9430597577758);
#10301=CARTESIAN_POINT('',(-3.2,1.225,-2.35));
#10302=VECTOR('',#12788,4.7);
#10303=CARTESIAN_POINT('',(3.2,1.225,2.35));
#10304=VECTOR('',#12789,6.4);
#10305=CARTESIAN_POINT('',(3.2,1.225,-2.35));
#10306=CARTESIAN_POINT('',(3.2,1.225,-2.35));
#10307=VECTOR('',#12790,4.7);
#10308=CARTESIAN_POINT('',(2.256940242224,1.225,-2.35));
#10309=CARTESIAN_POINT('',(2.256940242224,1.225,-2.35));
#10310=VECTOR('',#12791,0.9430597577758);
#10311=CARTESIAN_POINT('',(2.256940242224,1.225,-1.65));
#10312=CARTESIAN_POINT('',(2.256940242224,1.225,-2.35));
#10313=VECTOR('',#12792,0.7);
#10314=CARTESIAN_POINT('',(2.37,1.225,-1.65));
#10315=CARTESIAN_POINT('',(2.256940242224,1.225,-1.65));
#10316=VECTOR('',#12793,0.1130597577758);
#10317=CARTESIAN_POINT('',(2.37,1.225,-1.35));
#10318=CARTESIAN_POINT('',(2.37,1.225,-1.65));
#10319=VECTOR('',#12794,0.3);
#10320=CARTESIAN_POINT('',(1.21,1.225,-1.35));
#10321=CARTESIAN_POINT('',(1.21,1.225,-1.35));
#10322=VECTOR('',#12795,1.16);
#10323=CARTESIAN_POINT('',(1.21,1.225,-2.35));
#10324=CARTESIAN_POINT('',(1.21,1.225,-2.35));
#10325=VECTOR('',#12796,1.0);
#10326=CARTESIAN_POINT('',(-1.21,1.225,-2.35));
#10327=VECTOR('',#12797,2.42);
#10328=CARTESIAN_POINT('',(-2.525,1.225,1.752598183049));
#10329=CARTESIAN_POINT('',(-2.725,1.225,1.521658075373));
#10330=CARTESIAN_POINT('',(-2.525,1.225,1.752598183049));
#10331=CARTESIAN_POINT('',(-2.56091167564,1.225,1.752598183049));
#10332=CARTESIAN_POINT('',(-2.614109071322,1.225,1.733972227452));
#10333=CARTESIAN_POINT('',(-2.672515852456,1.225,1.684643981667));
#10334=CARTESIAN_POINT('',(-2.711998370797,1.225,1.616391473089));
#10335=CARTESIAN_POINT('',(-2.725,1.225,1.557569751013));
#10336=CARTESIAN_POINT('',(-2.725,1.225,1.521658075373));
#10337=CARTESIAN_POINT('',(-2.725,1.225,1.406188021535));
#10338=CARTESIAN_POINT('',(-2.725,1.225,1.406188021535));
#10339=VECTOR('',#12798,0.115470053838);
#10340=CARTESIAN_POINT('',(-2.725,1.225,1.35));
#10341=CARTESIAN_POINT('',(-2.725,1.225,1.35));
#10342=VECTOR('',#12799,0.05618802153515);
#10343=CARTESIAN_POINT('',(-2.85,1.225,1.35));
#10344=CARTESIAN_POINT('',(-2.85,1.225,1.35));
#10345=VECTOR('',#12800,0.125);
#10346=AXIS2_PLACEMENT_3D('',#12801,#12802,#12803);
#10347=CARTESIAN_POINT('',(-2.725,1.225,1.1));
#10348=CARTESIAN_POINT('',(-2.725,1.225,1.1));
#10349=VECTOR('',#12804,0.125);
#10350=CARTESIAN_POINT('',(-2.725,1.225,-0.12));
#10351=CARTESIAN_POINT('',(-2.725,1.225,-0.12));
#10352=VECTOR('',#12805,1.22);
#10353=CARTESIAN_POINT('',(-2.025,1.225,-0.12));
#10354=CARTESIAN_POINT('',(-2.025,1.225,-0.12));
#10355=VECTOR('',#12806,0.7);
#10356=CARTESIAN_POINT('',(-2.025,1.225,1.1));
#10357=CARTESIAN_POINT('',(-2.025,1.225,1.1));
#10358=VECTOR('',#12807,1.22);
#10359=CARTESIAN_POINT('',(-1.9,1.225,1.1));
#10360=VECTOR('',#12808,0.125);
#10361=CARTESIAN_POINT('',(-1.9,1.225,1.35));
#10362=AXIS2_PLACEMENT_3D('',#12809,#12810,#12811);
#10363=CARTESIAN_POINT('',(-2.025,1.225,1.35));
#10364=CARTESIAN_POINT('',(-2.025,1.225,1.35));
#10365=VECTOR('',#12812,0.125);
#10366=CARTESIAN_POINT('',(-2.025,1.225,1.406188021535));
#10367=CARTESIAN_POINT('',(-2.025,1.225,1.406188021535));
#10368=VECTOR('',#12813,0.05618802153515);
#10369=CARTESIAN_POINT('',(-2.025,1.225,1.521658075373));
#10370=CARTESIAN_POINT('',(-2.025,1.225,1.406188021535));
#10371=VECTOR('',#12814,0.115470053838);
#10372=CARTESIAN_POINT('',(-2.225,1.225,1.752598183049));
#10373=CARTESIAN_POINT('',(-2.025,1.225,1.521658075373));
#10374=CARTESIAN_POINT('',(-2.025,1.225,1.557569751013));
#10375=CARTESIAN_POINT('',(-2.038001629204,1.225,1.616391473089));
#10376=CARTESIAN_POINT('',(-2.077484147545,1.225,1.684643981667));
#10377=CARTESIAN_POINT('',(-2.135890928678,1.225,1.733972227452));
#10378=CARTESIAN_POINT('',(-2.18908832436,1.225,1.752598183049));
#10379=CARTESIAN_POINT('',(-2.225,1.225,1.752598183049));
#10380=CARTESIAN_POINT('',(-2.525,1.225,1.752598183049));
#10381=VECTOR('',#12815,0.3);
#10382=CARTESIAN_POINT('',(1.9,1.225,1.35));
#10383=CARTESIAN_POINT('',(1.9,1.225,1.35));
#10384=VECTOR('',#12816,0.125);
#10385=AXIS2_PLACEMENT_3D('',#12817,#12818,#12819);
#10386=CARTESIAN_POINT('',(2.025,1.225,1.1));
#10387=CARTESIAN_POINT('',(2.025,1.225,1.1));
#10388=VECTOR('',#12820,0.125);
#10389=CARTESIAN_POINT('',(2.025,1.225,-0.12));
#10390=CARTESIAN_POINT('',(2.025,1.225,-0.12));
#10391=VECTOR('',#12821,1.22);
#10392=CARTESIAN_POINT('',(2.725,1.225,-0.12));
#10393=CARTESIAN_POINT('',(2.725,1.225,-0.12));
#10394=VECTOR('',#12822,0.7);
#10395=CARTESIAN_POINT('',(2.725,1.225,1.1));
#10396=CARTESIAN_POINT('',(2.725,1.225,1.1));
#10397=VECTOR('',#12823,1.22);
#10398=CARTESIAN_POINT('',(2.85,1.225,1.1));
#10399=VECTOR('',#12824,0.125);
#10400=CARTESIAN_POINT('',(2.85,1.225,1.35));
#10401=AXIS2_PLACEMENT_3D('',#12825,#12826,#12827);
#10402=CARTESIAN_POINT('',(2.725,1.225,1.35));
#10403=VECTOR('',#12828,0.125);
#10404=CARTESIAN_POINT('',(2.025,1.225,1.521658075373));
#10405=CARTESIAN_POINT('',(2.225,1.225,1.752598183049));
#10406=CARTESIAN_POINT('',(2.18908832436,1.225,1.752598183049));
#10407=CARTESIAN_POINT('',(2.135890928678,1.225,1.733972227452));
#10408=CARTESIAN_POINT('',(2.077484147545,1.225,1.684643981667));
#10409=CARTESIAN_POINT('',(2.038001629204,1.225,1.616391473089));
#10410=CARTESIAN_POINT('',(2.025,1.225,1.557569751013));
#10411=CARTESIAN_POINT('',(2.025,1.225,1.521658075373));
#10412=CARTESIAN_POINT('',(2.025,1.225,1.406188021535));
#10413=VECTOR('',#12829,0.115470053838);
#10414=CARTESIAN_POINT('',(-0.16,1.225,-1.75));
#10415=CARTESIAN_POINT('',(-0.41,1.225,-1.5));
#10416=AXIS2_PLACEMENT_3D('',#12830,#12831,#12832);
#10417=CARTESIAN_POINT('',(0.16,1.225,-1.75));
#10418=CARTESIAN_POINT('',(0.16,1.225,-1.75));
#10419=VECTOR('',#12833,0.32);
#10420=CARTESIAN_POINT('',(0.41,1.225,-1.5));
#10421=AXIS2_PLACEMENT_3D('',#12834,#12835,#12836);
#10422=CARTESIAN_POINT('',(0.41,1.225,-1.2));
#10423=CARTESIAN_POINT('',(0.41,1.225,-1.2));
#10424=VECTOR('',#12837,0.3);
#10425=CARTESIAN_POINT('',(-0.41,1.225,-1.2));
#10426=CARTESIAN_POINT('',(-0.41,1.225,-1.2));
#10427=VECTOR('',#12838,0.82);
#10428=CARTESIAN_POINT('',(-0.41,1.225,-1.5));
#10429=VECTOR('',#12839,0.3);
#10430=CARTESIAN_POINT('',(2.025,1.355,1.446602540378));
#10431=CARTESIAN_POINT('',(2.025,1.355,1.446602540378));
#10432=VECTOR('',#12840,0.1);
#10433=CARTESIAN_POINT('',(2.025,1.225,1.521658075373));
#10434=VECTOR('',#12841,0.1501110699893);
#10435=AXIS2_PLACEMENT_3D('',#12842,#12843,#12844);
#10436=CARTESIAN_POINT('',(2.85,1.225,1.35));
#10437=VECTOR('',#12845,0.3);
#10438=CARTESIAN_POINT('',(2.725,1.225,1.1));
#10439=VECTOR('',#12846,0.3);
#10440=CARTESIAN_POINT('',(2.725,1.225,-0.12));
#10441=VECTOR('',#12847,0.3);
#10442=CARTESIAN_POINT('',(2.025,1.225,-0.12));
#10443=VECTOR('',#12848,0.3);
#10444=CARTESIAN_POINT('',(2.025,1.225,1.1));
#10445=VECTOR('',#12849,0.3);
#10446=CARTESIAN_POINT('',(1.9,1.225,1.35));
#10447=VECTOR('',#12850,0.3);
#10448=CARTESIAN_POINT('',(-2.525,1.455,1.619807621135));
#10449=CARTESIAN_POINT('',(-2.225,1.455,1.619807621135));
#10450=CARTESIAN_POINT('',(-2.525,1.455,1.619807621135));
#10451=VECTOR('',#12851,0.3);
#10452=CARTESIAN_POINT('',(-2.525,1.225,1.752598183049));
#10453=VECTOR('',#12852,0.2655811238273);
#10454=CARTESIAN_POINT('',(-2.225,1.455,1.619807621135));
#10455=VECTOR('',#12853,0.2655811238273);
#10456=CARTESIAN_POINT('',(-2.025,1.355,1.446602540378));
#10457=CARTESIAN_POINT('',(-2.025,1.355,1.446602540378));
#10458=VECTOR('',#12854,0.1501110699893);
#10459=AXIS2_PLACEMENT_3D('',#12855,#12856,#12857);
#10460=CARTESIAN_POINT('',(-2.025,1.305,1.36));
#10461=CARTESIAN_POINT('',(-2.025,1.355,1.446602540378));
#10462=VECTOR('',#12858,0.1);
#10463=CARTESIAN_POINT('',(-2.725,1.305,1.36));
#10464=CARTESIAN_POINT('',(-2.725,1.305,1.36));
#10465=VECTOR('',#12859,0.7);
#10466=CARTESIAN_POINT('',(-2.725,1.355,1.446602540378));
#10467=CARTESIAN_POINT('',(-2.725,1.355,1.446602540378));
#10468=VECTOR('',#12860,0.1);
#10469=AXIS2_PLACEMENT_3D('',#12861,#12862,#12863);
#10470=CARTESIAN_POINT('',(-2.725,1.225,1.521658075373));
#10471=VECTOR('',#12864,0.1501110699893);
#10472=CARTESIAN_POINT('',(-2.725,1.305,1.36));
#10473=VECTOR('',#12865,0.09237604307027);
#10474=CARTESIAN_POINT('',(-2.025,1.305,1.36));
#10475=VECTOR('',#12866,0.09237604307027);
#10476=CARTESIAN_POINT('',(-2.025,1.075,1.492790561914));
#10477=CARTESIAN_POINT('',(-2.025,1.225,1.406188021535));
#10478=VECTOR('',#12867,0.173205080757);
#10479=CARTESIAN_POINT('',(-2.725,1.075,1.492790561914));
#10480=CARTESIAN_POINT('',(-2.725,1.075,1.492790561914));
#10481=VECTOR('',#12868,0.7);
#10482=CARTESIAN_POINT('',(-2.725,1.225,1.406188021535));
#10483=VECTOR('',#12869,0.173205080757);
#10484=CARTESIAN_POINT('',(-2.725,1.225,1.35));
#10485=VECTOR('',#12870,0.3);
#10486=AXIS2_PLACEMENT_3D('',#12871,#12872,#12873);
#10487=AXIS2_PLACEMENT_3D('',#12874,#12875,#12876);
#10488=CARTESIAN_POINT('',(-2.025,1.225,1.35));
#10489=VECTOR('',#12877,0.3);
#10490=CARTESIAN_POINT('',(-1.9,1.225,1.35));
#10491=VECTOR('',#12878,0.3);
#10492=CARTESIAN_POINT('',(-2.025,1.225,1.1));
#10493=VECTOR('',#12879,0.3);
#10494=CARTESIAN_POINT('',(-2.025,1.225,-0.12));
#10495=VECTOR('',#12880,0.3);
#10496=CARTESIAN_POINT('',(-2.725,1.225,-0.12));
#10497=VECTOR('',#12881,0.3);
#10498=CARTESIAN_POINT('',(-2.725,1.225,1.1));
#10499=VECTOR('',#12882,0.3);
#10500=CARTESIAN_POINT('',(-2.85,1.225,1.35));
#10501=VECTOR('',#12883,0.3);
#10502=CARTESIAN_POINT('',(-1.21,0.925,-2.65));
#10503=CARTESIAN_POINT('',(1.21,0.925,-2.65));
#10504=CARTESIAN_POINT('',(-1.21,0.925,-2.65));
#10505=VECTOR('',#12884,2.42);
#10506=AXIS2_PLACEMENT_3D('',#12885,#12886,#12887);
#10507=AXIS2_PLACEMENT_3D('',#12888,#12889,#12890);
#10508=CARTESIAN_POINT('',(1.21,1.225,-1.35));
#10509=VECTOR('',#12891,0.3);
#10510=CARTESIAN_POINT('',(1.21,0.92,-2.35));
#10511=CARTESIAN_POINT('',(1.21,0.925,-2.35));
#10512=VECTOR('',#12892,0.005);
#10513=CARTESIAN_POINT('',(1.21,0.92,-1.63));
#10514=CARTESIAN_POINT('',(1.21,0.92,-2.35));
#10515=VECTOR('',#12893,0.72);
#10516=CARTESIAN_POINT('',(1.21,0.5,-1.63));
#10517=CARTESIAN_POINT('',(1.21,0.5,-1.63));
#10518=VECTOR('',#12894,0.42);
#10519=CARTESIAN_POINT('',(1.21,0.5,-2.35));
#10520=CARTESIAN_POINT('',(1.21,0.5,-2.35));
#10521=VECTOR('',#12895,0.72);
#10522=CARTESIAN_POINT('',(1.21,0.575,-2.35));
#10523=CARTESIAN_POINT('',(1.21,0.5,-2.35));
#10524=VECTOR('',#12896,0.075);
#10525=CARTESIAN_POINT('',(1.21,0.575,-2.65));
#10526=CARTESIAN_POINT('',(1.21,0.575,-2.35));
#10527=VECTOR('',#12897,0.3);
#10528=CARTESIAN_POINT('',(1.21,0.925,-2.65));
#10529=VECTOR('',#12898,0.35);
#10530=CARTESIAN_POINT('',(1.902820323028,0.175,-2.65));
#10531=CARTESIAN_POINT('',(1.21,0.575,-2.65));
#10532=VECTOR('',#12899,0.8);
#10533=CARTESIAN_POINT('',(2.45,0.175,-2.65));
#10534=CARTESIAN_POINT('',(1.902820323028,0.175,-2.65));
#10535=VECTOR('',#12900,0.5471796769725);
#10536=CARTESIAN_POINT('',(3.0,-0.375,-2.65));
#10537=AXIS2_PLACEMENT_3D('',#12901,#12902,#12903);
#10538=CARTESIAN_POINT('',(3.0,-0.925,-2.65));
#10539=CARTESIAN_POINT('',(3.0,-0.375,-2.65));
#10540=VECTOR('',#12904,0.55);
#10541=CARTESIAN_POINT('',(1.925,-0.925,-2.65));
#10542=CARTESIAN_POINT('',(3.0,-0.925,-2.65));
#10543=VECTOR('',#12905,1.075);
#10544=CARTESIAN_POINT('',(1.925,-0.725,-2.65));
#10545=CARTESIAN_POINT('',(1.925,-0.925,-2.65));
#10546=VECTOR('',#12906,0.2);
#10547=CARTESIAN_POINT('',(-1.925,-0.725,-2.65));
#10548=CARTESIAN_POINT('',(1.925,-0.725,-2.65));
#10549=VECTOR('',#12907,3.85);
#10550=CARTESIAN_POINT('',(-1.925,-0.925,-2.65));
#10551=CARTESIAN_POINT('',(-1.925,-0.725,-2.65));
#10552=VECTOR('',#12908,0.2);
#10553=CARTESIAN_POINT('',(-3.0,-0.925,-2.65));
#10554=CARTESIAN_POINT('',(-1.925,-0.925,-2.65));
#10555=VECTOR('',#12909,1.075);
#10556=CARTESIAN_POINT('',(-3.0,-0.375,-2.65));
#10557=CARTESIAN_POINT('',(-3.0,-0.925,-2.65));
#10558=VECTOR('',#12910,0.55);
#10559=CARTESIAN_POINT('',(-2.45,0.175,-2.65));
#10560=AXIS2_PLACEMENT_3D('',#12911,#12912,#12913);
#10561=CARTESIAN_POINT('',(-1.902820323028,0.175,-2.65));
#10562=CARTESIAN_POINT('',(-2.45,0.175,-2.65));
#10563=VECTOR('',#12914,0.5471796769725);
#10564=CARTESIAN_POINT('',(-1.21,0.575,-2.65));
#10565=CARTESIAN_POINT('',(-1.902820323028,0.175,-2.65));
#10566=VECTOR('',#12915,0.8);
#10567=CARTESIAN_POINT('',(-1.21,0.575,-2.65));
#10568=VECTOR('',#12916,0.35);
#10569=CARTESIAN_POINT('',(-1.21,0.575,-2.35));
#10570=CARTESIAN_POINT('',(-1.21,0.575,-2.35));
#10571=VECTOR('',#12917,0.3);
#10572=CARTESIAN_POINT('',(-1.21,0.5,-2.35));
#10573=CARTESIAN_POINT('',(-1.21,0.575,-2.35));
#10574=VECTOR('',#12918,0.075);
#10575=CARTESIAN_POINT('',(-1.21,0.5,-1.63));
#10576=CARTESIAN_POINT('',(-1.21,0.5,-2.35));
#10577=VECTOR('',#12919,0.72);
#10578=CARTESIAN_POINT('',(-1.21,0.92,-1.63));
#10579=CARTESIAN_POINT('',(-1.21,0.92,-1.63));
#10580=VECTOR('',#12920,0.42);
#10581=CARTESIAN_POINT('',(-1.21,0.92,-2.35));
#10582=CARTESIAN_POINT('',(-1.21,0.92,-2.35));
#10583=VECTOR('',#12921,0.72);
#10584=CARTESIAN_POINT('',(-1.21,0.92,-2.35));
#10585=VECTOR('',#12922,0.005);
#10586=CARTESIAN_POINT('',(-1.21,1.225,-1.35));
#10587=VECTOR('',#12923,0.3);
#10588=CARTESIAN_POINT('',(-2.37,1.225,-1.35));
#10589=VECTOR('',#12924,0.3);
#10590=CARTESIAN_POINT('',(-2.37,0.925,-1.65));
#10591=VECTOR('',#12925,0.3);
#10592=CARTESIAN_POINT('',(2.262642356365,0.9069152044289,-1.65));
#10593=CARTESIAN_POINT('',(1.819483496816,0.5966120303484,-1.65));
#10594=CARTESIAN_POINT('',(2.262642356365,0.9069152044289,-1.65));
#10595=VECTOR('',#12926,0.5409970745217);
#10596=AXIS2_PLACEMENT_3D('',#12927,#12928,#12929);
#10597=CARTESIAN_POINT('',(2.37,0.925,-1.65));
#10598=VECTOR('',#12930,0.3);
#10599=CARTESIAN_POINT('',(2.142224954954,1.188830408858,-1.65));
#10600=AXIS2_PLACEMENT_3D('',#12931,#12932,#12933);
#10601=CARTESIAN_POINT('',(1.647410565911,0.8423576436351,-1.65));
#10602=CARTESIAN_POINT('',(1.647410565911,0.8423576436351,-1.65));
#10603=VECTOR('',#12934,0.6040568322975);
#10604=CARTESIAN_POINT('',(1.647410565911,0.8423576436351,-1.65));
#10605=VECTOR('',#12935,0.3);
#10606=CARTESIAN_POINT('',(-2.142224954954,1.188830408858,-1.65));
#10607=CARTESIAN_POINT('',(-1.647410565911,0.8423576436351,-1.65));
#10608=CARTESIAN_POINT('',(-2.142224954954,1.188830408858,-1.65));
#10609=VECTOR('',#12936,0.6040568322975);
#10610=AXIS2_PLACEMENT_3D('',#12937,#12938,#12939);
#10611=CARTESIAN_POINT('',(-2.262642356365,0.9069152044289,-1.65));
#10612=AXIS2_PLACEMENT_3D('',#12940,#12941,#12942);
#10613=CARTESIAN_POINT('',(-1.819483496816,0.5966120303484,-1.65));
#10614=CARTESIAN_POINT('',(-1.819483496816,0.5966120303484,-1.65));
#10615=VECTOR('',#12943,0.5409970745217);
#10616=CARTESIAN_POINT('',(-1.819483496816,0.5966120303484,-1.65));
#10617=VECTOR('',#12944,0.3);
#10618=CARTESIAN_POINT('',(1.565495361482,0.785,-1.75));
#10619=AXIS2_PLACEMENT_3D('',#12945,#12946,#12947);
#10620=CARTESIAN_POINT('',(1.737568292387,0.5392543867133,-1.75));
#10621=CARTESIAN_POINT('',(1.565495361482,0.785,-1.75));
#10622=VECTOR('',#12948,0.3);
#10623=AXIS2_PLACEMENT_3D('',#12949,#12950,#12951);
#10624=CARTESIAN_POINT('',(1.737568292387,0.5392543867133,-2.05));
#10625=CARTESIAN_POINT('',(1.737568292387,0.5392543867133,-2.05));
#10626=VECTOR('',#12952,0.3);
#10627=CARTESIAN_POINT('',(1.983313905674,0.7113273176186,-2.35));
#10628=AXIS2_PLACEMENT_3D('',#12953,#12954,#12955);
#10629=CARTESIAN_POINT('',(2.262642356365,0.9069152044289,-2.35));
#10630=CARTESIAN_POINT('',(2.262642356365,0.9069152044289,-2.35));
#10631=VECTOR('',#12956,0.3409970745217);
#10632=CARTESIAN_POINT('',(2.262642356365,0.9069152044289,-2.35));
#10633=VECTOR('',#12957,0.7);
#10634=AXIS2_PLACEMENT_3D('',#12958,#12959,#12960);
#10635=CARTESIAN_POINT('',(-1.983313905674,0.7113273176186,-2.35));
#10636=CARTESIAN_POINT('',(-2.262642356365,0.9069152044289,-2.35));
#10637=CARTESIAN_POINT('',(-1.983313905674,0.7113273176186,-2.35));
#10638=VECTOR('',#12961,0.3409970745217);
#10639=AXIS2_PLACEMENT_3D('',#12962,#12963,#12964);
#10640=AXIS2_PLACEMENT_3D('',#12965,#12966,#12967);
#10641=CARTESIAN_POINT('',(-3.37629959392,-0.2486991218958,-2.35));
#10642=AXIS2_PLACEMENT_3D('',#12968,#12969,#12970);
#10643=CARTESIAN_POINT('',(-3.05,-0.575,-2.35));
#10644=CARTESIAN_POINT('',(-3.05,-0.575,-2.35));
#10645=VECTOR('',#12971,0.4619074284794);
#10646=CARTESIAN_POINT('',(-3.474264068712,-0.575,-2.35));
#10647=CARTESIAN_POINT('',(-3.474264068712,-0.575,-2.35));
#10648=VECTOR('',#12972,0.4242640687119);
#10649=CARTESIAN_POINT('',(-3.588908729653,-0.4603553390593,-2.35));
#10650=CARTESIAN_POINT('',(-3.588908729653,-0.4603553390593,-2.35));
#10651=VECTOR('',#12973,0.162132034356);
#10652=CARTESIAN_POINT('',(-3.75,-0.07144660940673,-2.35));
#10653=AXIS2_PLACEMENT_3D('',#12974,#12975,#12976);
#10654=CARTESIAN_POINT('',(-3.75,0.675,-2.35));
#10655=CARTESIAN_POINT('',(-3.75,0.675,-2.35));
#10656=VECTOR('',#12977,0.7464466094067);
#10657=AXIS2_PLACEMENT_3D('',#12978,#12979,#12980);
#10658=CARTESIAN_POINT('',(-2.142224954954,1.188830408858,-2.35));
#10659=AXIS2_PLACEMENT_3D('',#12981,#12982,#12983);
#10660=CARTESIAN_POINT('',(-1.811240974769,0.9570729309053,-2.35));
#10661=CARTESIAN_POINT('',(-2.142224954954,1.188830408858,-2.35));
#10662=VECTOR('',#12984,0.4040568322975);
#10663=CARTESIAN_POINT('',(-1.811240974769,0.9570729309053,-2.35));
#10664=VECTOR('',#12985,0.3);
#10665=CARTESIAN_POINT('',(1.811240974769,0.9570729309053,-2.35));
#10666=CARTESIAN_POINT('',(2.142224954954,1.188830408858,-2.35));
#10667=CARTESIAN_POINT('',(1.811240974769,0.9570729309053,-2.35));
#10668=VECTOR('',#12986,0.4040568322975);
#10669=AXIS2_PLACEMENT_3D('',#12987,#12988,#12989);
#10670=AXIS2_PLACEMENT_3D('',#12990,#12991,#12992);
#10671=CARTESIAN_POINT('',(3.474264068712,-0.575,-2.35));
#10672=CARTESIAN_POINT('',(3.474264068712,-0.575,-2.35));
#10673=VECTOR('',#12993,0.162132034356);
#10674=CARTESIAN_POINT('',(3.05,-0.575,-2.35));
#10675=VECTOR('',#12994,0.4242640687119);
#10676=AXIS2_PLACEMENT_3D('',#12995,#12996,#12997);
#10677=CARTESIAN_POINT('',(1.983313905674,0.7113273176186,-2.35));
#10678=VECTOR('',#12998,0.3);
#10679=CARTESIAN_POINT('',(-1.565495361482,0.785,-2.05));
#10680=AXIS2_PLACEMENT_3D('',#12999,#13000,#13001);
#10681=CARTESIAN_POINT('',(-1.737568292387,0.5392543867133,-2.05));
#10682=CARTESIAN_POINT('',(-1.565495361482,0.785,-2.05));
#10683=VECTOR('',#13002,0.3);
#10684=AXIS2_PLACEMENT_3D('',#13003,#13004,#13005);
#10685=CARTESIAN_POINT('',(-2.262642356365,0.9069152044289,-2.35));
#10686=VECTOR('',#13006,0.7);
#10687=CARTESIAN_POINT('',(-1.737568292387,0.5392543867133,-1.75));
#10688=CARTESIAN_POINT('',(-1.737568292387,0.5392543867133,-2.05));
#10689=VECTOR('',#13007,0.3);
#10690=AXIS2_PLACEMENT_3D('',#13008,#13009,#13010);
#10691=CARTESIAN_POINT('',(-1.565495361482,0.785,-1.75));
#10692=CARTESIAN_POINT('',(-1.737568292387,0.5392543867133,-1.75));
#10693=VECTOR('',#13011,0.3);
#10694=AXIS2_PLACEMENT_3D('',#13012,#13013,#13014);
#10695=CARTESIAN_POINT('',(-1.565495361482,0.785,-2.05));
#10696=VECTOR('',#13015,0.3);
#10697=CARTESIAN_POINT('',(-2.142224954954,1.188830408858,-2.35));
#10698=VECTOR('',#13016,0.7);
#10699=CARTESIAN_POINT('',(-3.75,0.675,-2.35));
#10700=VECTOR('',#13017,4.7);
#10701=CARTESIAN_POINT('',(-3.75,-0.07144660940673,-0.541561175052));
#10702=CARTESIAN_POINT('',(-3.75,-0.07144660940673,-0.541561175052));
#10703=VECTOR('',#13018,1.808438824948);
#10704=AXIS2_PLACEMENT_3D('',#13019,#13020,#13021);
#10705=CARTESIAN_POINT('',(-3.75,-0.07144660940673,0.941561175052));
#10706=AXIS2_PLACEMENT_3D('',#13022,#13023,#13024);
#10707=CARTESIAN_POINT('',(-3.75,-0.07144660940673,2.35));
#10708=VECTOR('',#13025,1.408438824948);
#10709=CARTESIAN_POINT('',(-3.588908729653,-0.4603553390593,-0.56));
#10710=CARTESIAN_POINT('',(-3.588908729653,-0.4603553390593,-2.35));
#10711=VECTOR('',#13026,1.79);
#10712=CARTESIAN_POINT('',(-3.740163581979,-0.175,-0.56));
#10713=AXIS2_PLACEMENT_3D('',#13027,#13028,#13029);
#10714=CARTESIAN_POINT('',(-3.740163581979,-0.175,-0.56));
#10715=CARTESIAN_POINT('',(-3.743515634982,-0.15751474967,-0.56));
#10716=CARTESIAN_POINT('',(-3.748473630876,-0.122395129262,-0.5569331909051));
#10717=CARTESIAN_POINT('',(-3.75,-0.08810864667122,-0.5476891877391));
#10718=CARTESIAN_POINT('',(-3.75,-0.07144660940673,-0.541561175052));
#10719=CARTESIAN_POINT('',(-3.588908729653,-0.4603553390593,0.96));
#10720=CARTESIAN_POINT('',(-3.588908729653,-0.4603553390593,0.96));
#10721=VECTOR('',#13030,1.39);
#10722=CARTESIAN_POINT('',(-3.740163581979,-0.175,0.96));
#10723=CARTESIAN_POINT('',(-3.75,-0.07144660940673,0.941561175052));
#10724=CARTESIAN_POINT('',(-3.75,-0.08810864667122,0.9476891877391));
#10725=CARTESIAN_POINT('',(-3.748473630876,-0.122395129262,0.9569331909051));
#10726=CARTESIAN_POINT('',(-3.743515634982,-0.15751474967,0.96));
#10727=CARTESIAN_POINT('',(-3.740163581979,-0.175,0.96));
#10728=AXIS2_PLACEMENT_3D('',#13031,#13032,#13033);
#10729=CARTESIAN_POINT('',(-3.427544930281,-0.175,-0.56));
#10730=CARTESIAN_POINT('',(-3.427544930281,-0.175,-0.56));
#10731=VECTOR('',#13034,0.3126186516981);
#10732=CARTESIAN_POINT('',(-3.45,-0.07144660940673,-0.541561175052));
#10733=CARTESIAN_POINT('',(-3.45,-0.0890562117489,-0.5480376859885));
#10734=CARTESIAN_POINT('',(-3.446265168051,-0.1244006575634,-0.5572804533602));
#10735=CARTESIAN_POINT('',(-3.435043086846,-0.158523789004,-0.56));
#10736=CARTESIAN_POINT('',(-3.427544930281,-0.175,-0.56));
#10737=CARTESIAN_POINT('',(-3.376776695297,-0.2482233047034,-0.56));
#10738=CARTESIAN_POINT('',(-3.376617874958,-0.2483821250418,-2.35));
#10739=VECTOR('',#13035,1.790000014092);
#10740=AXIS2_PLACEMENT_3D('',#13036,#13037,#13038);
#10741=CARTESIAN_POINT('',(-3.376776695297,-0.2482233047034,0.96));
#10742=CARTESIAN_POINT('',(-3.376776695297,-0.2482233047034,0.96));
#10743=VECTOR('',#13039,1.39);
#10744=CARTESIAN_POINT('',(-3.427544930281,-0.175,0.96));
#10745=AXIS2_PLACEMENT_3D('',#13040,#13041,#13042);
#10746=CARTESIAN_POINT('',(-3.427544930281,-0.175,0.96));
#10747=CARTESIAN_POINT('',(-3.435044082635,-0.1585216008882,0.96));
#10748=CARTESIAN_POINT('',(-3.446266203969,-0.1243957615502,0.9572796429995));
#10749=CARTESIAN_POINT('',(-3.45,-0.08905395158883,0.9480368547402));
#10750=CARTESIAN_POINT('',(-3.45,-0.07144660940673,0.941561175052));
#10751=CARTESIAN_POINT('',(-2.985355339059,-1.063908729653,-0.56));
#10752=CARTESIAN_POINT('',(-3.588908729653,-0.4603553390593,-0.56));
#10753=VECTOR('',#13043,0.8535533905933);
#10754=CARTESIAN_POINT('',(-2.596446609407,-1.225,-0.56));
#10755=AXIS2_PLACEMENT_3D('',#13044,#13045,#13046);
#10756=CARTESIAN_POINT('',(-2.4,-1.225,-0.56));
#10757=CARTESIAN_POINT('',(-2.596446609407,-1.225,-0.56));
#10758=VECTOR('',#13047,0.1964466094067);
#10759=CARTESIAN_POINT('',(-2.4,-1.225,-0.56));
#10760=VECTOR('',#13048,0.3);
#10761=CARTESIAN_POINT('',(-2.773223304703,-0.8517766952966,-0.56));
#10762=AXIS2_PLACEMENT_3D('',#13049,#13050,#13051);
#10763=CARTESIAN_POINT('',(-2.773223304703,-0.8517766952966,-0.56));
#10764=VECTOR('',#13052,0.8535533905933);
#10765=CARTESIAN_POINT('',(-2.773223304703,-0.8517766952966,0.96));
#10766=CARTESIAN_POINT('',(-2.773223304703,-0.8517766952966,0.96));
#10767=VECTOR('',#13053,1.39);
#10768=CARTESIAN_POINT('',(-2.773223304703,-0.8517766952966,0.96));
#10769=VECTOR('',#13054,0.8535533905933);
#10770=CARTESIAN_POINT('',(-2.773223304703,-0.8517766952966,-1.531808643576));
#10771=CARTESIAN_POINT('',(-2.773223304703,-0.8517766952966,-1.531808643576));
#10772=VECTOR('',#13055,0.9718086435764);
#10773=CARTESIAN_POINT('',(-2.9,-0.725,-1.68));
#10774=CARTESIAN_POINT('',(-2.9,-0.725,-1.68));
#10775=CARTESIAN_POINT('',(-2.9,-0.725,-1.654274107399));
#10776=CARTESIAN_POINT('',(-2.889099431951,-0.7359005680495,-1.616624166029));
#10777=CARTESIAN_POINT('',(-2.851332144966,-0.7736678550337,-1.561539956467));
#10778=CARTESIAN_POINT('',(-2.80938387573,-0.8156161242699,-1.537475424551));
#10779=CARTESIAN_POINT('',(-2.773223304703,-0.8517766952966,-1.531808643576));
#10780=CARTESIAN_POINT('',(-2.9,-0.725,-2.2));
#10781=CARTESIAN_POINT('',(-2.9,-0.725,-2.2));
#10782=VECTOR('',#13056,0.52);
#10783=CARTESIAN_POINT('',(-2.9,-0.725,-2.2));
#10784=CARTESIAN_POINT('',(-2.9,-0.725,-2.215088834765));
#10785=CARTESIAN_POINT('',(-2.904063775792,-0.7209362242078,-2.239519457455));
#10786=CARTESIAN_POINT('',(-2.919357454992,-0.7056425450077,-2.278246267971));
#10787=CARTESIAN_POINT('',(-2.947656106256,-0.677343893744,-2.313670105381));
#10788=CARTESIAN_POINT('',(-2.991922677631,-0.6330773223694,-2.341600728372));
#10789=CARTESIAN_POINT('',(-3.028661165235,-0.5963388347648,-2.35));
#10790=CARTESIAN_POINT('',(-3.05,-0.575,-2.35));
#10791=AXIS2_PLACEMENT_3D('',#13057,#13058,#13059);
#10792=CARTESIAN_POINT('',(-2.4,-1.225,0.96));
#10793=CARTESIAN_POINT('',(-2.4,-1.225,0.96));
#10794=VECTOR('',#13060,0.3);
#10795=CARTESIAN_POINT('',(-2.596446609407,-1.225,0.96));
#10796=CARTESIAN_POINT('',(-2.596446609407,-1.225,0.96));
#10797=VECTOR('',#13061,0.1964466094067);
#10798=CARTESIAN_POINT('',(-2.985355339059,-1.063908729653,0.96));
#10799=AXIS2_PLACEMENT_3D('',#13062,#13063,#13064);
#10800=CARTESIAN_POINT('',(-3.588908729653,-0.4603553390593,0.96));
#10801=VECTOR('',#13065,0.8535533905933);
#10802=CARTESIAN_POINT('',(-3.740163581979,-0.175,0.96));
#10803=VECTOR('',#13066,0.3126186516981);
#10804=CARTESIAN_POINT('',(-2.985355339059,-1.063908729653,0.96));
#10805=VECTOR('',#13067,1.39);
#10806=CARTESIAN_POINT('',(-3.324264068712,-0.725,-2.2));
#10807=CARTESIAN_POINT('',(-3.324264068712,-0.725,-1.68));
#10808=CARTESIAN_POINT('',(-3.324264068712,-0.725,-2.2));
#10809=VECTOR('',#13068,0.52);
#10810=CARTESIAN_POINT('',(-3.174264068712,-0.875,-1.53));
#10811=CARTESIAN_POINT('',(-3.324264068712,-0.725,-1.68));
#10812=CARTESIAN_POINT('',(-3.324264068712,-0.725,-1.664911165235));
#10813=CARTESIAN_POINT('',(-3.32020029292,-0.7290637757922,-1.640480542545));
#10814=CARTESIAN_POINT('',(-3.30490661372,-0.7443574549923,-1.601753732029));
#10815=CARTESIAN_POINT('',(-3.276607962456,-0.772656106256,-1.566329894619));
#10816=CARTESIAN_POINT('',(-3.232341391081,-0.8169226776306,-1.538399271628));
#10817=CARTESIAN_POINT('',(-3.195602903477,-0.8536611652352,-1.53));
#10818=CARTESIAN_POINT('',(-3.174264068712,-0.875,-1.53));
#10819=CARTESIAN_POINT('',(-2.985355339059,-1.063908729653,-1.53));
#10820=CARTESIAN_POINT('',(-2.985355339059,-1.063908729653,-1.53));
#10821=VECTOR('',#13069,0.2671572875254);
#10822=CARTESIAN_POINT('',(-2.985355339059,-1.063908729653,-1.53));
#10823=VECTOR('',#13070,0.97);
#10824=CARTESIAN_POINT('',(-3.324264068712,-0.725,-2.2));
#10825=CARTESIAN_POINT('',(-3.324264068712,-0.725,-2.215088834765));
#10826=CARTESIAN_POINT('',(-3.328327844504,-0.7209362242078,-2.239519457455));
#10827=CARTESIAN_POINT('',(-3.343621523704,-0.7056425450077,-2.278246267971));
#10828=CARTESIAN_POINT('',(-3.371920174968,-0.677343893744,-2.313670105381));
#10829=CARTESIAN_POINT('',(-3.416186746343,-0.6330773223694,-2.341600728372));
#10830=CARTESIAN_POINT('',(-3.452925233947,-0.5963388347648,-2.35));
#10831=CARTESIAN_POINT('',(-3.474264068712,-0.575,-2.35));
#10832=CARTESIAN_POINT('',(-2.596446609407,-1.225,0.96));
#10833=VECTOR('',#13071,1.39);
#10834=CARTESIAN_POINT('',(-2.596446609407,-1.225,-1.53));
#10835=CARTESIAN_POINT('',(-2.596446609407,-1.225,-1.53));
#10836=VECTOR('',#13072,0.97);
#10837=AXIS2_PLACEMENT_3D('',#13073,#13074,#13075);
#10838=CARTESIAN_POINT('',(-0.01,-1.225,2.0));
#10839=CARTESIAN_POINT('',(-0.35,-1.225,2.0));
#10840=CARTESIAN_POINT('',(-0.01,-1.225,2.0));
#10841=VECTOR('',#13076,0.34);
#10842=CARTESIAN_POINT('',(-0.01,-1.225,2.35));
#10843=CARTESIAN_POINT('',(-0.01,-1.225,2.35));
#10844=VECTOR('',#13077,0.35);
#10845=CARTESIAN_POINT('',(-0.01,-1.225,2.35));
#10846=VECTOR('',#13078,2.49);
#10847=CARTESIAN_POINT('',(-2.25,-1.225,0.81));
#10848=AXIS2_PLACEMENT_3D('',#13079,#13080,#13081);
#10849=CARTESIAN_POINT('',(-2.25,-1.225,0.8));
#10850=CARTESIAN_POINT('',(-2.25,-1.225,0.8));
#10851=VECTOR('',#13082,0.01);
#10852=CARTESIAN_POINT('',(-2.4,-1.225,0.65));
#10853=AXIS2_PLACEMENT_3D('',#13083,#13084,#13085);
#10854=CARTESIAN_POINT('',(-3.7,-1.225,0.65));
#10855=CARTESIAN_POINT('',(-2.4,-1.225,0.65));
#10856=VECTOR('',#13086,1.3);
#10857=CARTESIAN_POINT('',(-3.9,-1.225,0.45));
#10858=AXIS2_PLACEMENT_3D('',#13087,#13088,#13089);
#10859=CARTESIAN_POINT('',(-3.9,-1.225,-0.05));
#10860=CARTESIAN_POINT('',(-3.9,-1.225,0.45));
#10861=VECTOR('',#13090,0.5);
#10862=CARTESIAN_POINT('',(-3.7,-1.225,-0.25));
#10863=AXIS2_PLACEMENT_3D('',#13091,#13092,#13093);
#10864=CARTESIAN_POINT('',(-2.4,-1.225,-0.25));
#10865=CARTESIAN_POINT('',(-3.7,-1.225,-0.25));
#10866=VECTOR('',#13094,1.3);
#10867=CARTESIAN_POINT('',(-2.25,-1.225,-0.4));
#10868=AXIS2_PLACEMENT_3D('',#13095,#13096,#13097);
#10869=CARTESIAN_POINT('',(-2.25,-1.225,-0.41));
#10870=CARTESIAN_POINT('',(-2.25,-1.225,-0.41));
#10871=VECTOR('',#13098,0.01);
#10872=AXIS2_PLACEMENT_3D('',#13099,#13100,#13101);
#10873=CARTESIAN_POINT('',(-1.79,-1.225,-1.53));
#10874=CARTESIAN_POINT('',(-2.596446609407,-1.225,-1.53));
#10875=VECTOR('',#13102,0.8064466094067);
#10876=CARTESIAN_POINT('',(-1.79,-1.225,-1.21));
#10877=CARTESIAN_POINT('',(-1.79,-1.225,-1.53));
#10878=VECTOR('',#13103,0.32);
#10879=CARTESIAN_POINT('',(-1.71,-1.225,-1.13));
#10880=AXIS2_PLACEMENT_3D('',#13104,#13105,#13106);
#10881=CARTESIAN_POINT('',(-0.01,-1.225,-1.13));
#10882=CARTESIAN_POINT('',(-0.01,-1.225,-1.13));
#10883=VECTOR('',#13107,1.7);
#10884=CARTESIAN_POINT('',(-0.01,-1.225,-0.65));
#10885=CARTESIAN_POINT('',(-0.01,-1.225,-0.65));
#10886=VECTOR('',#13108,0.48);
#10887=CARTESIAN_POINT('',(-0.35,-1.225,-0.65));
#10888=CARTESIAN_POINT('',(-0.35,-1.225,-0.65));
#10889=VECTOR('',#13109,0.34);
#10890=CARTESIAN_POINT('',(-0.35,-1.225,-0.2));
#10891=CARTESIAN_POINT('',(-0.35,-1.225,-0.2));
#10892=VECTOR('',#13110,0.45);
#10893=CARTESIAN_POINT('',(0.79,-1.225,-0.2));
#10894=CARTESIAN_POINT('',(0.79,-1.225,-0.2));
#10895=VECTOR('',#13111,1.14);
#10896=CARTESIAN_POINT('',(0.79,-1.225,1.55));
#10897=CARTESIAN_POINT('',(0.79,-1.225,1.55));
#10898=VECTOR('',#13112,1.75);
#10899=CARTESIAN_POINT('',(-0.35,-1.225,1.55));
#10900=CARTESIAN_POINT('',(-0.35,-1.225,1.55));
#10901=VECTOR('',#13113,1.14);
#10902=CARTESIAN_POINT('',(-0.35,-1.225,2.0));
#10903=VECTOR('',#13114,0.45);
#10904=CARTESIAN_POINT('',(0.81,-1.225,-0.2));
#10905=CARTESIAN_POINT('',(0.81,-1.225,1.55));
#10906=CARTESIAN_POINT('',(0.81,-1.225,-0.2));
#10907=VECTOR('',#13115,1.75);
#10908=CARTESIAN_POINT('',(1.5,-1.225,-0.2));
#10909=CARTESIAN_POINT('',(1.5,-1.225,-0.2));
#10910=VECTOR('',#13116,0.69);
#10911=CARTESIAN_POINT('',(1.5,-1.225,-0.65));
#10912=CARTESIAN_POINT('',(1.5,-1.225,-0.65));
#10913=VECTOR('',#13117,0.45);
#10914=CARTESIAN_POINT('',(0.01,-1.225,-0.65));
#10915=CARTESIAN_POINT('',(0.01,-1.225,-0.65));
#10916=VECTOR('',#13118,1.49);
#10917=CARTESIAN_POINT('',(0.01,-1.225,-1.13));
#10918=CARTESIAN_POINT('',(0.01,-1.225,-1.13));
#10919=VECTOR('',#13119,0.48);
#10920=CARTESIAN_POINT('',(1.71,-1.225,-1.13));
#10921=CARTESIAN_POINT('',(1.71,-1.225,-1.13));
#10922=VECTOR('',#13120,1.7);
#10923=CARTESIAN_POINT('',(1.79,-1.225,-1.21));
#10924=AXIS2_PLACEMENT_3D('',#13121,#13122,#13123);
#10925=CARTESIAN_POINT('',(1.79,-1.225,-1.53));
#10926=CARTESIAN_POINT('',(1.79,-1.225,-1.53));
#10927=VECTOR('',#13124,0.32);
#10928=CARTESIAN_POINT('',(2.596446609407,-1.225,-1.53));
#10929=CARTESIAN_POINT('',(1.79,-1.225,-1.53));
#10930=VECTOR('',#13125,0.8064466094067);
#10931=CARTESIAN_POINT('',(2.596446609407,-1.225,-0.56));
#10932=CARTESIAN_POINT('',(2.596446609407,-1.225,-1.53));
#10933=VECTOR('',#13126,0.97);
#10934=CARTESIAN_POINT('',(2.4,-1.225,-0.56));
#10935=CARTESIAN_POINT('',(2.596446609407,-1.225,-0.56));
#10936=VECTOR('',#13127,0.1964466094067);
#10937=CARTESIAN_POINT('',(2.25,-1.225,-0.41));
#10938=AXIS2_PLACEMENT_3D('',#13128,#13129,#13130);
#10939=CARTESIAN_POINT('',(2.25,-1.225,-0.4));
#10940=CARTESIAN_POINT('',(2.25,-1.225,-0.4));
#10941=VECTOR('',#13131,0.01);
#10942=CARTESIAN_POINT('',(2.4,-1.225,-0.25));
#10943=AXIS2_PLACEMENT_3D('',#13132,#13133,#13134);
#10944=CARTESIAN_POINT('',(3.7,-1.225,-0.25));
#10945=CARTESIAN_POINT('',(2.4,-1.225,-0.25));
#10946=VECTOR('',#13135,1.3);
#10947=CARTESIAN_POINT('',(3.9,-1.225,-0.05));
#10948=AXIS2_PLACEMENT_3D('',#13136,#13137,#13138);
#10949=CARTESIAN_POINT('',(3.9,-1.225,0.45));
#10950=CARTESIAN_POINT('',(3.9,-1.225,-0.05));
#10951=VECTOR('',#13139,0.5);
#10952=CARTESIAN_POINT('',(3.7,-1.225,0.65));
#10953=AXIS2_PLACEMENT_3D('',#13140,#13141,#13142);
#10954=CARTESIAN_POINT('',(2.4,-1.225,0.65));
#10955=CARTESIAN_POINT('',(3.7,-1.225,0.65));
#10956=VECTOR('',#13143,1.3);
#10957=CARTESIAN_POINT('',(2.25,-1.225,0.8));
#10958=AXIS2_PLACEMENT_3D('',#13144,#13145,#13146);
#10959=CARTESIAN_POINT('',(2.25,-1.225,0.81));
#10960=CARTESIAN_POINT('',(2.25,-1.225,0.81));
#10961=VECTOR('',#13147,0.01);
#10962=AXIS2_PLACEMENT_3D('',#13148,#13149,#13150);
#10963=CARTESIAN_POINT('',(2.596446609407,-1.225,0.96));
#10964=VECTOR('',#13151,1.39);
#10965=CARTESIAN_POINT('',(0.01,-1.225,2.35));
#10966=CARTESIAN_POINT('',(2.5,-1.225,2.35));
#10967=VECTOR('',#13152,2.49);
#10968=CARTESIAN_POINT('',(0.01,-1.225,2.0));
#10969=CARTESIAN_POINT('',(0.01,-1.225,2.35));
#10970=VECTOR('',#13153,0.35);
#10971=CARTESIAN_POINT('',(1.5,-1.225,2.0));
#10972=CARTESIAN_POINT('',(1.5,-1.225,2.0));
#10973=VECTOR('',#13154,1.49);
#10974=CARTESIAN_POINT('',(1.5,-1.225,1.55));
#10975=CARTESIAN_POINT('',(1.5,-1.225,1.55));
#10976=VECTOR('',#13155,0.45);
#10977=CARTESIAN_POINT('',(0.81,-1.225,1.55));
#10978=VECTOR('',#13156,0.69);
#10979=CARTESIAN_POINT('',(-0.35,-1.125,1.55));
#10980=CARTESIAN_POINT('',(-0.35,-1.225,1.55));
#10981=VECTOR('',#13157,0.1);
#10982=CARTESIAN_POINT('',(-0.35,-1.125,2.0));
#10983=CARTESIAN_POINT('',(-0.35,-1.125,2.0));
#10984=VECTOR('',#13158,0.45);
#10985=CARTESIAN_POINT('',(-0.35,-1.225,2.0));
#10986=VECTOR('',#13159,0.1);
#10987=CARTESIAN_POINT('',(0.01,-1.125,2.0));
#10988=CARTESIAN_POINT('',(0.01,-1.125,2.0));
#10989=VECTOR('',#13160,0.1);
#10990=CARTESIAN_POINT('',(1.5,-1.125,2.0));
#10991=CARTESIAN_POINT('',(1.5,-1.125,2.0));
#10992=VECTOR('',#13161,1.49);
#10993=CARTESIAN_POINT('',(1.5,-1.225,2.0));
#10994=VECTOR('',#13162,0.1);
#10995=CARTESIAN_POINT('',(-0.01,-1.125,2.0));
#10996=CARTESIAN_POINT('',(-0.01,-1.125,2.0));
#10997=VECTOR('',#13163,0.34);
#10998=CARTESIAN_POINT('',(-0.01,-1.125,2.0));
#10999=VECTOR('',#13164,0.1);
#11000=CARTESIAN_POINT('',(1.5,-1.125,1.55));
#11001=CARTESIAN_POINT('',(1.5,-1.125,1.55));
#11002=VECTOR('',#13165,0.45);
#11003=CARTESIAN_POINT('',(1.5,-1.225,1.55));
#11004=VECTOR('',#13166,0.1);
#11005=CARTESIAN_POINT('',(0.79,-1.125,1.55));
#11006=CARTESIAN_POINT('',(0.79,-1.225,1.55));
#11007=VECTOR('',#13167,0.1);
#11008=CARTESIAN_POINT('',(-0.35,-1.125,1.55));
#11009=VECTOR('',#13168,1.14);
#11010=CARTESIAN_POINT('',(0.81,-1.125,1.55));
#11011=CARTESIAN_POINT('',(0.81,-1.125,1.55));
#11012=VECTOR('',#13169,0.69);
#11013=CARTESIAN_POINT('',(0.81,-1.225,1.55));
#11014=VECTOR('',#13170,0.1);
#11015=CARTESIAN_POINT('',(0.5593553883381,-1.125,-0.5366921343818));
#11016=CARTESIAN_POINT('',(0.81,-1.125,-0.4048454265099));
#11017=AXIS2_PLACEMENT_3D('',#13171,#13172,#13173);
#11018=CARTESIAN_POINT('',(0.2293140352042,-1.125,-0.3097887041022));
#11019=CARTESIAN_POINT('',(0.2293140352042,-1.125,-0.3097887041022));
#11020=VECTOR('',#13174,0.4005152449671);
#11021=CARTESIAN_POINT('',(0.01,-1.125,-0.4251545734901));
#11022=AXIS2_PLACEMENT_3D('',#13175,#13176,#13177);
#11023=CARTESIAN_POINT('',(0.01,-1.125,-0.65));
#11024=CARTESIAN_POINT('',(0.01,-1.125,-0.4251545734901));
#11025=VECTOR('',#13178,0.2248454265099);
#11026=CARTESIAN_POINT('',(1.5,-1.125,-0.65));
#11027=CARTESIAN_POINT('',(0.01,-1.125,-0.65));
#11028=VECTOR('',#13179,1.49);
#11029=CARTESIAN_POINT('',(1.5,-1.125,-0.2));
#11030=CARTESIAN_POINT('',(1.5,-1.125,-0.65));
#11031=VECTOR('',#13180,0.45);
#11032=CARTESIAN_POINT('',(0.81,-1.125,-0.2));
#11033=CARTESIAN_POINT('',(1.5,-1.125,-0.2));
#11034=VECTOR('',#13181,0.69);
#11035=CARTESIAN_POINT('',(0.81,-1.125,-0.2));
#11036=VECTOR('',#13182,0.2048454265099);
#11037=CARTESIAN_POINT('',(0.81,-1.125,1.72484542651));
#11038=CARTESIAN_POINT('',(0.81,-1.125,1.55));
#11039=VECTOR('',#13183,0.1748454265099);
#11040=CARTESIAN_POINT('',(0.01,-1.125,1.74515457349));
#11041=CARTESIAN_POINT('',(0.01,-1.125,1.74515457349));
#11042=VECTOR('',#13184,0.2548454265099);
#11043=CARTESIAN_POINT('',(0.2293140352042,-1.125,1.629788704102));
#11044=AXIS2_PLACEMENT_3D('',#13185,#13186,#13187);
#11045=CARTESIAN_POINT('',(0.5593553883381,-1.125,1.856692134382));
#11046=CARTESIAN_POINT('',(0.5593553883381,-1.125,1.856692134382));
#11047=VECTOR('',#13188,0.4005152449671);
#11048=AXIS2_PLACEMENT_3D('',#13189,#13190,#13191);
#11049=CARTESIAN_POINT('',(0.79,-1.125,1.72484542651));
#11050=CARTESIAN_POINT('',(0.79,-1.125,1.72484542651));
#11051=VECTOR('',#13192,0.1748454265099);
#11052=CARTESIAN_POINT('',(0.5706859647958,-1.125,1.840211295898));
#11053=AXIS2_PLACEMENT_3D('',#13193,#13194,#13195);
#11054=CARTESIAN_POINT('',(0.2406446116619,-1.125,1.613307865618));
#11055=CARTESIAN_POINT('',(0.2406446116619,-1.125,1.613307865618));
#11056=VECTOR('',#13196,0.4005152449671);
#11057=CARTESIAN_POINT('',(-0.01,-1.125,1.74515457349));
#11058=AXIS2_PLACEMENT_3D('',#13197,#13198,#13199);
#11059=CARTESIAN_POINT('',(-0.01,-1.125,1.74515457349));
#11060=VECTOR('',#13200,0.2548454265099);
#11061=CARTESIAN_POINT('',(0.79,-1.125,-0.2));
#11062=CARTESIAN_POINT('',(-0.35,-1.125,-0.2));
#11063=CARTESIAN_POINT('',(0.79,-1.125,-0.2));
#11064=VECTOR('',#13201,1.14);
#11065=CARTESIAN_POINT('',(-0.35,-1.125,-0.65));
#11066=CARTESIAN_POINT('',(-0.35,-1.125,-0.2));
#11067=VECTOR('',#13202,0.45);
#11068=CARTESIAN_POINT('',(-0.01,-1.125,-0.65));
#11069=CARTESIAN_POINT('',(-0.35,-1.125,-0.65));
#11070=VECTOR('',#13203,0.34);
#11071=CARTESIAN_POINT('',(-0.01,-1.125,-0.4251545734901));
#11072=CARTESIAN_POINT('',(-0.01,-1.125,-0.4251545734901));
#11073=VECTOR('',#13204,0.2248454265099);
#11074=CARTESIAN_POINT('',(0.2406446116619,-1.125,-0.2933078656182));
#11075=AXIS2_PLACEMENT_3D('',#13205,#13206,#13207);
#11076=CARTESIAN_POINT('',(0.5706859647958,-1.125,-0.5202112958978));
#11077=CARTESIAN_POINT('',(0.5706859647958,-1.125,-0.5202112958978));
#11078=VECTOR('',#13208,0.4005152449671);
#11079=CARTESIAN_POINT('',(0.79,-1.125,-0.4048454265099));
#11080=AXIS2_PLACEMENT_3D('',#13209,#13210,#13211);
#11081=CARTESIAN_POINT('',(0.79,-1.125,-0.2));
#11082=VECTOR('',#13212,0.2048454265099);
#11083=CARTESIAN_POINT('',(0.81,-1.225,-0.2));
#11084=VECTOR('',#13213,0.1);
#11085=CARTESIAN_POINT('',(0.81,-1.125,1.72484542651));
#11086=VECTOR('',#13214,0.2);
#11087=CARTESIAN_POINT('',(0.81,-1.125,-0.4048454265099));
#11088=VECTOR('',#13215,0.2);
#11089=CARTESIAN_POINT('',(0.5593553883381,-1.125,-0.5366921343818));
#11090=VECTOR('',#13216,0.2);
#11091=CARTESIAN_POINT('',(0.2293140352042,-1.125,-0.3097887041022));
#11092=VECTOR('',#13217,0.2);
#11093=CARTESIAN_POINT('',(0.01,-1.125,-0.4251545734901));
#11094=VECTOR('',#13218,0.2);
#11095=CARTESIAN_POINT('',(0.01,-0.925,-1.13));
#11096=VECTOR('',#13219,0.3);
#11097=CARTESIAN_POINT('',(0.01,-1.225,-0.65));
#11098=VECTOR('',#13220,0.1);
#11099=CARTESIAN_POINT('',(-0.01,-1.225,-0.65));
#11100=VECTOR('',#13221,0.1);
#11101=CARTESIAN_POINT('',(-0.35,-1.225,-0.65));
#11102=VECTOR('',#13222,0.1);
#11103=CARTESIAN_POINT('',(1.5,-1.225,-0.65));
#11104=VECTOR('',#13223,0.1);
#11105=CARTESIAN_POINT('',(-0.35,-1.225,-0.2));
#11106=VECTOR('',#13224,0.1);
#11107=CARTESIAN_POINT('',(1.5,-1.225,-0.2));
#11108=VECTOR('',#13225,0.1);
#11109=CARTESIAN_POINT('',(0.79,-1.225,-0.2));
#11110=VECTOR('',#13226,0.1);
#11111=CARTESIAN_POINT('',(0.79,-1.125,-0.4048454265099));
#11112=VECTOR('',#13227,0.2);
#11113=CARTESIAN_POINT('',(0.79,-1.125,1.72484542651));
#11114=VECTOR('',#13228,0.2);
#11115=CARTESIAN_POINT('',(0.5706859647958,-1.125,1.840211295898));
#11116=VECTOR('',#13229,0.2);
#11117=CARTESIAN_POINT('',(0.2406446116619,-1.125,1.613307865618));
#11118=VECTOR('',#13230,0.2);
#11119=CARTESIAN_POINT('',(-0.01,-1.125,1.74515457349));
#11120=VECTOR('',#13231,0.2);
#11121=CARTESIAN_POINT('',(-0.01,-1.03411419437,2.581486028353));
#11122=AXIS2_PLACEMENT_3D('',#13232,#13233,#13234);
#11123=CARTESIAN_POINT('',(-0.01,-1.282876752796,2.78));
#11124=CARTESIAN_POINT('',(-0.01,-1.03411419437,2.581486028353));
#11125=VECTOR('',#13235,0.3182618535327);
#11126=CARTESIAN_POINT('',(-0.01,-1.47,2.545511428091));
#11127=CARTESIAN_POINT('',(-0.01,-1.47,2.545511428091));
#11128=VECTOR('',#13236,0.3);
#11129=CARTESIAN_POINT('',(-0.01,-1.225,2.35));
#11130=VECTOR('',#13237,0.3134481113585);
#11131=CARTESIAN_POINT('',(2.5,-1.313674285394,2.420762596622));
#11132=CARTESIAN_POINT('',(2.5,-1.225,2.35));
#11133=VECTOR('',#13238,0.1134481113585);
#11134=CARTESIAN_POINT('',(2.3,-1.47,2.545511428091));
#11135=AXIS2_PLACEMENT_3D('',#13239,#13240,#13241);
#11136=CARTESIAN_POINT('',(0.01,-1.47,2.545511428091));
#11137=CARTESIAN_POINT('',(2.3,-1.47,2.545511428091));
#11138=VECTOR('',#13242,2.29);
#11139=CARTESIAN_POINT('',(0.01,-1.225,2.35));
#11140=VECTOR('',#13243,0.3134481113585);
#11141=CARTESIAN_POINT('',(-2.3,-1.47,2.545511428091));
#11142=CARTESIAN_POINT('',(-0.01,-1.47,2.545511428091));
#11143=VECTOR('',#13244,2.29);
#11144=CARTESIAN_POINT('',(-2.5,-1.313674285394,2.420762596622));
#11145=AXIS2_PLACEMENT_3D('',#13245,#13246,#13247);
#11146=CARTESIAN_POINT('',(-2.5,-1.225,2.35));
#11147=VECTOR('',#13248,0.1134481113585);
#11148=CARTESIAN_POINT('',(0.01,-1.282876752796,2.78));
#11149=CARTESIAN_POINT('',(0.01,-1.47,2.545511428091));
#11150=VECTOR('',#13249,0.3);
#11151=CARTESIAN_POINT('',(0.01,-1.03411419437,2.581486028353));
#11152=CARTESIAN_POINT('',(0.01,-1.03411419437,2.581486028353));
#11153=VECTOR('',#13250,0.3182618535327);
#11154=AXIS2_PLACEMENT_3D('',#13251,#13252,#13253);
#11155=CARTESIAN_POINT('',(0.01,-1.125,1.74515457349));
#11156=VECTOR('',#13254,0.2);
#11157=CARTESIAN_POINT('',(0.2293140352042,-1.125,1.629788704102));
#11158=VECTOR('',#13255,0.2);
#11159=CARTESIAN_POINT('',(0.5593553883381,-1.125,1.856692134382));
#11160=VECTOR('',#13256,0.2);
#11161=CARTESIAN_POINT('',(2.5,-1.03411419437,2.581486028353));
#11162=CARTESIAN_POINT('',(2.5,-1.03411419437,2.581486028353));
#11163=VECTOR('',#13257,2.49);
#11164=AXIS2_PLACEMENT_3D('',#13258,#13259,#13260);
#11165=CARTESIAN_POINT('',(-2.5,-1.03411419437,2.581486028353));
#11166=AXIS2_PLACEMENT_3D('',#13261,#13262,#13263);
#11167=CARTESIAN_POINT('',(-0.01,-1.03411419437,2.581486028353));
#11168=VECTOR('',#13264,2.49);
#11169=CARTESIAN_POINT('',(2.5,-1.12655103819,2.655251168531));
#11170=CARTESIAN_POINT('',(2.5,-1.12655103819,2.655251168531));
#11171=VECTOR('',#13265,0.1182618535327);
#11172=CARTESIAN_POINT('',(2.5,-1.12655103819,2.655251168531));
#11173=VECTOR('',#13266,0.3);
#11174=CARTESIAN_POINT('',(2.3,-1.282876752796,2.78));
#11175=AXIS2_PLACEMENT_3D('',#13267,#13268,#13269);
#11176=CARTESIAN_POINT('',(2.3,-1.282876752796,2.78));
#11177=VECTOR('',#13270,0.3);
#11178=CARTESIAN_POINT('',(2.3,-1.282876752796,2.78));
#11179=VECTOR('',#13271,2.29);
#11180=CARTESIAN_POINT('',(-2.3,-1.282876752796,2.78));
#11181=CARTESIAN_POINT('',(-0.01,-1.282876752796,2.78));
#11182=VECTOR('',#13272,2.29);
#11183=CARTESIAN_POINT('',(-2.3,-1.47,2.545511428091));
#11184=VECTOR('',#13273,0.3);
#11185=CARTESIAN_POINT('',(-2.5,-1.12655103819,2.655251168531));
#11186=CARTESIAN_POINT('',(-2.5,-1.12655103819,2.655251168531));
#11187=VECTOR('',#13274,0.1182618535327);
#11188=AXIS2_PLACEMENT_3D('',#13275,#13276,#13277);
#11189=CARTESIAN_POINT('',(-2.5,-1.313674285394,2.420762596622));
#11190=VECTOR('',#13278,0.3);
#11191=CARTESIAN_POINT('',(0.5706859647958,-1.125,-0.5202112958978));
#11192=VECTOR('',#13279,0.2);
#11193=CARTESIAN_POINT('',(0.2406446116619,-1.125,-0.2933078656182));
#11194=VECTOR('',#13280,0.2);
#11195=CARTESIAN_POINT('',(-0.01,-1.125,-0.4251545734901));
#11196=VECTOR('',#13281,0.2);
#11197=CARTESIAN_POINT('',(-0.01,-0.925,-1.13));
#11198=VECTOR('',#13282,0.3);
#11199=CARTESIAN_POINT('',(1.71,-1.225,-1.13));
#11200=VECTOR('',#13283,0.3);
#11201=CARTESIAN_POINT('',(-1.71,-1.225,-1.13));
#11202=VECTOR('',#13284,0.3);
#11203=CARTESIAN_POINT('',(1.79,-1.2,-1.21));
#11204=AXIS2_PLACEMENT_3D('',#13285,#13286,#13287);
#11205=CARTESIAN_POINT('',(1.79,-1.225,-1.21));
#11206=VECTOR('',#13288,0.025);
#11207=CARTESIAN_POINT('',(1.79,-1.2,-1.53));
#11208=CARTESIAN_POINT('',(1.79,-1.225,-1.53));
#11209=VECTOR('',#13289,0.025);
#11210=CARTESIAN_POINT('',(1.79,-1.2,-1.53));
#11211=VECTOR('',#13290,0.32);
#11212=CARTESIAN_POINT('',(-1.79,-1.2,-1.21));
#11213=AXIS2_PLACEMENT_3D('',#13291,#13292,#13293);
#11214=CARTESIAN_POINT('',(-1.79,-1.2,-1.53));
#11215=CARTESIAN_POINT('',(-1.79,-1.2,-1.21));
#11216=VECTOR('',#13294,0.32);
#11217=CARTESIAN_POINT('',(1.79,-1.2,-1.53));
#11218=VECTOR('',#13295,3.58);
#11219=CARTESIAN_POINT('',(3.174264068712,-0.875,-1.53));
#11220=CARTESIAN_POINT('',(2.746446609407,-0.875,-1.53));
#11221=VECTOR('',#13296,0.4278174593052);
#11222=CARTESIAN_POINT('',(2.985355339059,-1.063908729653,-1.53));
#11223=CARTESIAN_POINT('',(2.985355339059,-1.063908729653,-1.53));
#11224=VECTOR('',#13297,0.2671572875254);
#11225=AXIS2_PLACEMENT_3D('',#13298,#13299,#13300);
#11226=CARTESIAN_POINT('',(-1.79,-1.225,-1.53));
#11227=VECTOR('',#13301,0.025);
#11228=CARTESIAN_POINT('',(-2.746446609407,-0.875,-1.53));
#11229=CARTESIAN_POINT('',(-3.174264068712,-0.875,-1.53));
#11230=VECTOR('',#13302,0.4278174593052);
#11231=AXIS2_PLACEMENT_3D('',#13303,#13304,#13305);
#11232=CARTESIAN_POINT('',(-1.79,-0.985,-1.53));
#11233=CARTESIAN_POINT('',(-1.79,-0.925,-1.53));
#11234=VECTOR('',#13306,0.06);
#11235=CARTESIAN_POINT('',(1.79,-0.985,-1.53));
#11236=VECTOR('',#13307,3.58);
#11237=CARTESIAN_POINT('',(1.175,-0.985,-1.85));
#11238=CARTESIAN_POINT('',(1.425,-0.985,-1.85));
#11239=CARTESIAN_POINT('',(1.175,-0.985,-1.85));
#11240=VECTOR('',#13308,0.25);
#11241=CARTESIAN_POINT('',(1.425,-0.985,-1.71));
#11242=CARTESIAN_POINT('',(1.425,-0.985,-1.85));
#11243=VECTOR('',#13309,0.14);
#11244=CARTESIAN_POINT('',(1.79,-0.985,-1.71));
#11245=VECTOR('',#13310,0.365);
#11246=CARTESIAN_POINT('',(-1.79,-0.985,-1.71));
#11247=CARTESIAN_POINT('',(-1.79,-0.985,-1.53));
#11248=VECTOR('',#13311,0.18);
#11249=CARTESIAN_POINT('',(-1.425,-0.985,-1.71));
#11250=CARTESIAN_POINT('',(-1.425,-0.985,-1.71));
#11251=VECTOR('',#13312,0.365);
#11252=CARTESIAN_POINT('',(-1.425,-0.985,-1.85));
#11253=CARTESIAN_POINT('',(-1.425,-0.985,-1.85));
#11254=VECTOR('',#13313,0.14);
#11255=CARTESIAN_POINT('',(-1.175,-0.985,-1.85));
#11256=CARTESIAN_POINT('',(-1.425,-0.985,-1.85));
#11257=VECTOR('',#13314,0.25);
#11258=CARTESIAN_POINT('',(-1.175,-0.985,-1.71));
#11259=CARTESIAN_POINT('',(-1.175,-0.985,-1.85));
#11260=VECTOR('',#13315,0.14);
#11261=CARTESIAN_POINT('',(-0.775,-0.985,-1.71));
#11262=CARTESIAN_POINT('',(-0.775,-0.985,-1.71));
#11263=VECTOR('',#13316,0.4);
#11264=CARTESIAN_POINT('',(-0.775,-0.985,-1.85));
#11265=CARTESIAN_POINT('',(-0.775,-0.985,-1.85));
#11266=VECTOR('',#13317,0.14);
#11267=CARTESIAN_POINT('',(-0.525,-0.985,-1.85));
#11268=CARTESIAN_POINT('',(-0.775,-0.985,-1.85));
#11269=VECTOR('',#13318,0.25);
#11270=CARTESIAN_POINT('',(-0.525,-0.985,-1.71));
#11271=CARTESIAN_POINT('',(-0.525,-0.985,-1.85));
#11272=VECTOR('',#13319,0.14);
#11273=CARTESIAN_POINT('',(-0.125,-0.985,-1.71));
#11274=CARTESIAN_POINT('',(-0.125,-0.985,-1.71));
#11275=VECTOR('',#13320,0.4);
#11276=CARTESIAN_POINT('',(-0.125,-0.985,-1.85));
#11277=CARTESIAN_POINT('',(-0.125,-0.985,-1.85));
#11278=VECTOR('',#13321,0.14);
#11279=CARTESIAN_POINT('',(0.125,-0.985,-1.85));
#11280=CARTESIAN_POINT('',(-0.125,-0.985,-1.85));
#11281=VECTOR('',#13322,0.25);
#11282=CARTESIAN_POINT('',(0.125,-0.985,-1.71));
#11283=CARTESIAN_POINT('',(0.125,-0.985,-1.85));
#11284=VECTOR('',#13323,0.14);
#11285=CARTESIAN_POINT('',(0.525,-0.985,-1.71));
#11286=CARTESIAN_POINT('',(0.525,-0.985,-1.71));
#11287=VECTOR('',#13324,0.4);
#11288=CARTESIAN_POINT('',(0.525,-0.985,-1.85));
#11289=CARTESIAN_POINT('',(0.525,-0.985,-1.85));
#11290=VECTOR('',#13325,0.14);
#11291=CARTESIAN_POINT('',(0.775,-0.985,-1.85));
#11292=CARTESIAN_POINT('',(0.525,-0.985,-1.85));
#11293=VECTOR('',#13326,0.25);
#11294=CARTESIAN_POINT('',(0.775,-0.985,-1.71));
#11295=CARTESIAN_POINT('',(0.775,-0.985,-1.85));
#11296=VECTOR('',#13327,0.14);
#11297=CARTESIAN_POINT('',(1.175,-0.985,-1.71));
#11298=CARTESIAN_POINT('',(1.175,-0.985,-1.71));
#11299=VECTOR('',#13328,0.4);
#11300=CARTESIAN_POINT('',(1.175,-0.985,-1.85));
#11301=VECTOR('',#13329,0.14);
#11302=CARTESIAN_POINT('',(1.175,-1.105,-1.882153903092));
#11303=CARTESIAN_POINT('',(1.175,-1.105,-1.882153903092));
#11304=VECTOR('',#13330,0.1242331416492);
#11305=CARTESIAN_POINT('',(1.175,-1.105,-1.71));
#11306=CARTESIAN_POINT('',(1.175,-0.985,-1.71));
#11307=VECTOR('',#13331,0.12);
#11308=CARTESIAN_POINT('',(1.175,-1.105,-1.71));
#11309=VECTOR('',#13332,0.1721539030917);
#11310=CARTESIAN_POINT('',(-1.425,-1.105,-1.71));
#11311=CARTESIAN_POINT('',(-1.79,-1.105,-1.71));
#11312=CARTESIAN_POINT('',(-1.425,-1.105,-1.71));
#11313=VECTOR('',#13333,0.365);
#11314=CARTESIAN_POINT('',(-1.79,-1.105,-2.35));
#11315=CARTESIAN_POINT('',(-1.79,-1.105,-1.71));
#11316=VECTOR('',#13334,0.64);
#11317=CARTESIAN_POINT('',(-1.425,-1.105,-2.35));
#11318=CARTESIAN_POINT('',(-1.425,-1.105,-2.35));
#11319=VECTOR('',#13335,0.365);
#11320=CARTESIAN_POINT('',(-1.425,-1.105,-1.882153903092));
#11321=CARTESIAN_POINT('',(-1.425,-1.105,-1.882153903092));
#11322=VECTOR('',#13336,0.4678460969083);
#11323=CARTESIAN_POINT('',(-1.425,-1.105,-1.71));
#11324=VECTOR('',#13337,0.1721539030917);
#11325=CARTESIAN_POINT('',(-0.775,-1.105,-1.71));
#11326=CARTESIAN_POINT('',(-1.175,-1.105,-1.71));
#11327=CARTESIAN_POINT('',(-0.775,-1.105,-1.71));
#11328=VECTOR('',#13338,0.4);
#11329=CARTESIAN_POINT('',(-1.175,-1.105,-1.882153903092));
#11330=CARTESIAN_POINT('',(-1.175,-1.105,-1.71));
#11331=VECTOR('',#13339,0.1721539030917);
#11332=CARTESIAN_POINT('',(-1.175,-1.105,-2.35));
#11333=CARTESIAN_POINT('',(-1.175,-1.105,-2.35));
#11334=VECTOR('',#13340,0.4678460969083);
#11335=CARTESIAN_POINT('',(-0.775,-1.105,-2.35));
#11336=CARTESIAN_POINT('',(-0.775,-1.105,-2.35));
#11337=VECTOR('',#13341,0.4);
#11338=CARTESIAN_POINT('',(-0.775,-1.105,-1.882153903092));
#11339=CARTESIAN_POINT('',(-0.775,-1.105,-1.882153903092));
#11340=VECTOR('',#13342,0.4678460969083);
#11341=CARTESIAN_POINT('',(-0.775,-1.105,-1.71));
#11342=VECTOR('',#13343,0.1721539030917);
#11343=CARTESIAN_POINT('',(-0.125,-1.105,-1.71));
#11344=CARTESIAN_POINT('',(-0.525,-1.105,-1.71));
#11345=CARTESIAN_POINT('',(-0.125,-1.105,-1.71));
#11346=VECTOR('',#13344,0.4);
#11347=CARTESIAN_POINT('',(-0.525,-1.105,-1.882153903092));
#11348=CARTESIAN_POINT('',(-0.525,-1.105,-1.71));
#11349=VECTOR('',#13345,0.1721539030917);
#11350=CARTESIAN_POINT('',(-0.525,-1.105,-2.35));
#11351=CARTESIAN_POINT('',(-0.525,-1.105,-2.35));
#11352=VECTOR('',#13346,0.4678460969083);
#11353=CARTESIAN_POINT('',(-0.125,-1.105,-2.35));
#11354=CARTESIAN_POINT('',(-0.125,-1.105,-2.35));
#11355=VECTOR('',#13347,0.4);
#11356=CARTESIAN_POINT('',(-0.125,-1.105,-1.882153903092));
#11357=CARTESIAN_POINT('',(-0.125,-1.105,-1.882153903092));
#11358=VECTOR('',#13348,0.4678460969083);
#11359=CARTESIAN_POINT('',(-0.125,-1.105,-1.71));
#11360=VECTOR('',#13349,0.1721539030917);
#11361=CARTESIAN_POINT('',(0.525,-1.105,-1.71));
#11362=CARTESIAN_POINT('',(0.125,-1.105,-1.71));
#11363=CARTESIAN_POINT('',(0.525,-1.105,-1.71));
#11364=VECTOR('',#13350,0.4);
#11365=CARTESIAN_POINT('',(0.125,-1.105,-1.882153903092));
#11366=CARTESIAN_POINT('',(0.125,-1.105,-1.71));
#11367=VECTOR('',#13351,0.1721539030917);
#11368=CARTESIAN_POINT('',(0.125,-1.105,-2.35));
#11369=CARTESIAN_POINT('',(0.125,-1.105,-2.35));
#11370=VECTOR('',#13352,0.4678460969083);
#11371=CARTESIAN_POINT('',(0.525,-1.105,-2.35));
#11372=CARTESIAN_POINT('',(0.525,-1.105,-2.35));
#11373=VECTOR('',#13353,0.4);
#11374=CARTESIAN_POINT('',(0.525,-1.105,-1.882153903092));
#11375=CARTESIAN_POINT('',(0.525,-1.105,-1.882153903092));
#11376=VECTOR('',#13354,0.4678460969083);
#11377=CARTESIAN_POINT('',(0.525,-1.105,-1.71));
#11378=VECTOR('',#13355,0.1721539030917);
#11379=CARTESIAN_POINT('',(0.775,-1.105,-1.71));
#11380=CARTESIAN_POINT('',(1.175,-1.105,-1.71));
#11381=VECTOR('',#13356,0.4);
#11382=CARTESIAN_POINT('',(0.775,-1.105,-1.882153903092));
#11383=CARTESIAN_POINT('',(0.775,-1.105,-1.71));
#11384=VECTOR('',#13357,0.1721539030917);
#11385=CARTESIAN_POINT('',(0.775,-1.105,-2.35));
#11386=CARTESIAN_POINT('',(0.775,-1.105,-2.35));
#11387=VECTOR('',#13358,0.4678460969083);
#11388=CARTESIAN_POINT('',(1.175,-1.105,-2.35));
#11389=CARTESIAN_POINT('',(1.175,-1.105,-2.35));
#11390=VECTOR('',#13359,0.4);
#11391=CARTESIAN_POINT('',(1.175,-1.105,-1.882153903092));
#11392=VECTOR('',#13360,0.4678460969083);
#11393=CARTESIAN_POINT('',(1.425,-1.105,-2.35));
#11394=CARTESIAN_POINT('',(1.425,-1.105,-1.882153903092));
#11395=CARTESIAN_POINT('',(1.425,-1.105,-2.35));
#11396=VECTOR('',#13361,0.4678460969083);
#11397=CARTESIAN_POINT('',(1.79,-1.105,-2.35));
#11398=VECTOR('',#13362,0.365);
#11399=CARTESIAN_POINT('',(1.425,-1.105,-1.71));
#11400=CARTESIAN_POINT('',(1.79,-1.105,-1.71));
#11401=VECTOR('',#13363,0.365);
#11402=CARTESIAN_POINT('',(1.425,-1.105,-1.71));
#11403=VECTOR('',#13364,0.1721539030917);
#11404=CARTESIAN_POINT('',(-1.425,-1.105,-1.882153903092));
#11405=VECTOR('',#13365,0.1242331416492);
#11406=CARTESIAN_POINT('',(-1.425,-0.985,-1.71));
#11407=VECTOR('',#13366,0.12);
#11408=CARTESIAN_POINT('',(-1.79,-0.985,-1.71));
#11409=VECTOR('',#13367,0.12);
#11410=CARTESIAN_POINT('',(-1.175,-0.985,-1.71));
#11411=VECTOR('',#13368,0.12);
#11412=CARTESIAN_POINT('',(-0.775,-0.985,-1.71));
#11413=VECTOR('',#13369,0.12);
#11414=CARTESIAN_POINT('',(-0.525,-0.985,-1.71));
#11415=VECTOR('',#13370,0.12);
#11416=CARTESIAN_POINT('',(-0.125,-0.985,-1.71));
#11417=VECTOR('',#13371,0.12);
#11418=CARTESIAN_POINT('',(0.125,-0.985,-1.71));
#11419=VECTOR('',#13372,0.12);
#11420=CARTESIAN_POINT('',(0.525,-0.985,-1.71));
#11421=VECTOR('',#13373,0.12);
#11422=CARTESIAN_POINT('',(0.775,-0.985,-1.71));
#11423=VECTOR('',#13374,0.12);
#11424=CARTESIAN_POINT('',(1.425,-0.985,-1.71));
#11425=VECTOR('',#13375,0.12);
#11426=CARTESIAN_POINT('',(-1.79,-1.105,-2.35));
#11427=VECTOR('',#13376,0.185);
#11428=CARTESIAN_POINT('',(2.37,0.5,-2.35));
#11429=CARTESIAN_POINT('',(1.339903810568,0.5,-2.35));
#11430=CARTESIAN_POINT('',(2.37,0.5,-2.35));
#11431=VECTOR('',#13377,1.030096189432);
#11432=CARTESIAN_POINT('',(2.37,0.92,-2.35));
#11433=CARTESIAN_POINT('',(2.37,0.92,-2.35));
#11434=VECTOR('',#13378,0.42);
#11435=CARTESIAN_POINT('',(3.095,0.92,-2.35));
#11436=CARTESIAN_POINT('',(3.095,0.92,-2.35));
#11437=VECTOR('',#13379,0.725);
#11438=CARTESIAN_POINT('',(3.445,0.57,-2.35));
#11439=AXIS2_PLACEMENT_3D('',#13380,#13381,#13382);
#11440=CARTESIAN_POINT('',(3.445,-0.06937554159486,-2.35));
#11441=CARTESIAN_POINT('',(3.445,-0.06937554159486,-2.35));
#11442=VECTOR('',#13383,0.6393755415949);
#11443=CARTESIAN_POINT('',(3.371776695297,-0.2461522368915,-2.35));
#11444=AXIS2_PLACEMENT_3D('',#13384,#13385,#13386);
#11445=CARTESIAN_POINT('',(3.0,-0.6179289321881,-2.35));
#11446=CARTESIAN_POINT('',(3.0,-0.6179289321881,-2.35));
#11447=VECTOR('',#13387,0.5257716446628);
#11448=CARTESIAN_POINT('',(3.0,-0.375,-2.35));
#11449=CARTESIAN_POINT('',(3.0,-0.6179289321881,-2.35));
#11450=VECTOR('',#13388,0.2429289321881);
#11451=CARTESIAN_POINT('',(2.45,0.175,-2.35));
#11452=AXIS2_PLACEMENT_3D('',#13389,#13390,#13391);
#11453=CARTESIAN_POINT('',(1.902820323028,0.175,-2.35));
#11454=CARTESIAN_POINT('',(1.902820323028,0.175,-2.35));
#11455=VECTOR('',#13392,0.5471796769725);
#11456=CARTESIAN_POINT('',(1.339903810568,0.5,-2.35));
#11457=VECTOR('',#13393,0.65);
#11458=CARTESIAN_POINT('',(-3.371776695297,-0.2461522368915,-2.35));
#11459=CARTESIAN_POINT('',(-3.0,-0.6179289321881,-2.35));
#11460=CARTESIAN_POINT('',(-3.371776695297,-0.2461522368915,-2.35));
#11461=VECTOR('',#13394,0.5257716446628);
#11462=CARTESIAN_POINT('',(-3.445,-0.06937554159486,-2.35));
#11463=AXIS2_PLACEMENT_3D('',#13395,#13396,#13397);
#11464=CARTESIAN_POINT('',(-3.445,0.57,-2.35));
#11465=CARTESIAN_POINT('',(-3.445,0.57,-2.35));
#11466=VECTOR('',#13398,0.6393755415949);
#11467=CARTESIAN_POINT('',(-3.095,0.92,-2.35));
#11468=AXIS2_PLACEMENT_3D('',#13399,#13400,#13401);
#11469=CARTESIAN_POINT('',(-2.37,0.92,-2.35));
#11470=CARTESIAN_POINT('',(-2.37,0.92,-2.35));
#11471=VECTOR('',#13402,0.725);
#11472=CARTESIAN_POINT('',(-2.37,0.5,-2.35));
#11473=CARTESIAN_POINT('',(-2.37,0.92,-2.35));
#11474=VECTOR('',#13403,0.42);
#11475=CARTESIAN_POINT('',(-1.339903810568,0.5,-2.35));
#11476=CARTESIAN_POINT('',(-1.339903810568,0.5,-2.35));
#11477=VECTOR('',#13404,1.030096189432);
#11478=CARTESIAN_POINT('',(-1.902820323028,0.175,-2.35));
#11479=CARTESIAN_POINT('',(-1.902820323028,0.175,-2.35));
#11480=VECTOR('',#13405,0.65);
#11481=CARTESIAN_POINT('',(-2.45,0.175,-2.35));
#11482=CARTESIAN_POINT('',(-2.45,0.175,-2.35));
#11483=VECTOR('',#13406,0.5471796769725);
#11484=CARTESIAN_POINT('',(-3.0,-0.375,-2.35));
#11485=AXIS2_PLACEMENT_3D('',#13407,#13408,#13409);
#11486=CARTESIAN_POINT('',(-3.0,-0.6179289321881,-2.35));
#11487=VECTOR('',#13410,0.2429289321881);
#11488=CARTESIAN_POINT('',(1.175,-1.105,-2.35));
#11489=VECTOR('',#13411,0.25);
#11490=CARTESIAN_POINT('',(0.525,-1.105,-2.35));
#11491=VECTOR('',#13412,0.25);
#11492=CARTESIAN_POINT('',(-0.125,-1.105,-2.35));
#11493=VECTOR('',#13413,0.25);
#11494=CARTESIAN_POINT('',(-0.775,-1.105,-2.35));
#11495=VECTOR('',#13414,0.25);
#11496=CARTESIAN_POINT('',(-1.425,-1.105,-2.35));
#11497=VECTOR('',#13415,0.25);
#11498=CARTESIAN_POINT('',(-1.925,-0.725,-2.35));
#11499=CARTESIAN_POINT('',(-1.925,-0.92,-2.35));
#11500=VECTOR('',#13416,0.195);
#11501=CARTESIAN_POINT('',(1.925,-0.725,-2.35));
#11502=CARTESIAN_POINT('',(1.925,-0.725,-2.35));
#11503=VECTOR('',#13417,3.85);
#11504=CARTESIAN_POINT('',(1.925,-0.92,-2.35));
#11505=VECTOR('',#13418,0.195);
#11506=CARTESIAN_POINT('',(1.21,0.575,-2.35));
#11507=VECTOR('',#13419,0.15);
#11508=CARTESIAN_POINT('',(1.902820323028,0.175,-2.35));
#11509=VECTOR('',#13420,0.3);
#11510=CARTESIAN_POINT('',(2.45,0.175,-2.35));
#11511=VECTOR('',#13421,0.3);
#11512=CARTESIAN_POINT('',(3.0,-0.375,-2.35));
#11513=VECTOR('',#13422,0.3);
#11514=CARTESIAN_POINT('',(3.0,-0.925,-2.35));
#11515=CARTESIAN_POINT('',(3.0,-0.6179289321881,-2.35));
#11516=VECTOR('',#13423,0.3070710678119);
#11517=CARTESIAN_POINT('',(3.0,-0.925,-1.95));
#11518=CARTESIAN_POINT('',(3.0,-0.925,-2.35));
#11519=VECTOR('',#13424,0.4);
#11520=CARTESIAN_POINT('',(3.0,-1.225,-1.95));
#11521=CARTESIAN_POINT('',(3.0,-1.225,-1.95));
#11522=VECTOR('',#13425,0.3);
#11523=CARTESIAN_POINT('',(3.0,-1.225,-2.35));
#11524=CARTESIAN_POINT('',(3.0,-1.225,-2.35));
#11525=VECTOR('',#13426,0.4);
#11526=AXIS2_PLACEMENT_3D('',#13427,#13428,#13429);
#11527=CARTESIAN_POINT('',(1.925,-1.225,-2.35));
#11528=AXIS2_PLACEMENT_3D('',#13430,#13431,#13432);
#11529=CARTESIAN_POINT('',(3.0,-1.225,-2.35));
#11530=VECTOR('',#13433,1.075);
#11531=CARTESIAN_POINT('',(2.8,-1.225,-1.75));
#11532=AXIS2_PLACEMENT_3D('',#13434,#13435,#13436);
#11533=CARTESIAN_POINT('',(2.125,-1.225,-1.75));
#11534=CARTESIAN_POINT('',(2.8,-1.225,-1.75));
#11535=VECTOR('',#13437,0.675);
#11536=CARTESIAN_POINT('',(1.925,-1.225,-1.95));
#11537=AXIS2_PLACEMENT_3D('',#13438,#13439,#13440);
#11538=CARTESIAN_POINT('',(1.925,-1.225,-1.95));
#11539=VECTOR('',#13441,0.4);
#11540=CARTESIAN_POINT('',(-1.925,-1.225,-1.95));
#11541=CARTESIAN_POINT('',(-2.125,-1.225,-1.75));
#11542=AXIS2_PLACEMENT_3D('',#13442,#13443,#13444);
#11543=CARTESIAN_POINT('',(-2.8,-1.225,-1.75));
#11544=CARTESIAN_POINT('',(-2.125,-1.225,-1.75));
#11545=VECTOR('',#13445,0.675);
#11546=CARTESIAN_POINT('',(-3.0,-1.225,-1.95));
#11547=AXIS2_PLACEMENT_3D('',#13446,#13447,#13448);
#11548=CARTESIAN_POINT('',(-3.0,-1.225,-2.35));
#11549=CARTESIAN_POINT('',(-3.0,-1.225,-1.95));
#11550=VECTOR('',#13449,0.4);
#11551=CARTESIAN_POINT('',(-1.925,-1.225,-2.35));
#11552=CARTESIAN_POINT('',(-1.925,-1.225,-2.35));
#11553=VECTOR('',#13450,1.075);
#11554=CARTESIAN_POINT('',(-1.925,-1.225,-2.35));
#11555=VECTOR('',#13451,0.4);
#11556=CARTESIAN_POINT('',(1.925,-0.725,-2.35));
#11557=VECTOR('',#13452,0.3);
#11558=CARTESIAN_POINT('',(1.925,-0.925,-1.95));
#11559=CARTESIAN_POINT('',(1.925,-1.225,-1.95));
#11560=VECTOR('',#13453,0.3);
#11561=CARTESIAN_POINT('',(1.925,-0.925,-2.35));
#11562=CARTESIAN_POINT('',(1.925,-0.925,-1.95));
#11563=VECTOR('',#13454,0.4);
#11564=CARTESIAN_POINT('',(1.925,-0.925,-2.35));
#11565=VECTOR('',#13455,0.004999999999998);
#11566=CARTESIAN_POINT('',(1.21,0.92,-2.35));
#11567=VECTOR('',#13456,2.42);
#11568=CARTESIAN_POINT('',(1.339903810568,0.5,-2.35));
#11569=VECTOR('',#13457,0.1299038105677);
#11570=CARTESIAN_POINT('',(-1.339903810568,0.5,-2.35));
#11571=VECTOR('',#13458,0.15);
#11572=CARTESIAN_POINT('',(-1.21,0.5,-2.35));
#11573=VECTOR('',#13459,0.1299038105677);
#11574=CARTESIAN_POINT('',(2.771152236891,-0.8467766952966,-2.35));
#11575=CARTESIAN_POINT('',(2.771152236891,-0.8467766952966,-2.35));
#11576=VECTOR('',#13460,0.3236396103068);
#11577=AXIS2_PLACEMENT_3D('',#13461,#13462,#13463);
#11578=CARTESIAN_POINT('',(3.0,-0.925,-2.35));
#11579=VECTOR('',#13464,1.075);
#11580=CARTESIAN_POINT('',(-1.925,-0.925,-2.35));
#11581=CARTESIAN_POINT('',(-1.925,-0.92,-2.35));
#11582=VECTOR('',#13465,0.004999999999998);
#11583=CARTESIAN_POINT('',(-2.771152236891,-0.8467766952966,-2.35));
#11584=AXIS2_PLACEMENT_3D('',#13466,#13467,#13468);
#11585=CARTESIAN_POINT('',(-2.771152236891,-0.8467766952966,-2.35));
#11586=VECTOR('',#13469,0.3236396103068);
#11587=CARTESIAN_POINT('',(-3.0,-0.925,-2.35));
#11588=CARTESIAN_POINT('',(-3.0,-0.925,-2.35));
#11589=VECTOR('',#13470,0.3070710678119);
#11590=CARTESIAN_POINT('',(-1.925,-0.925,-2.35));
#11591=VECTOR('',#13471,1.075);
#11592=CARTESIAN_POINT('',(0.41,0.92,-1.25));
#11593=CARTESIAN_POINT('',(0.41,0.92,-1.25));
#11594=VECTOR('',#13472,0.5);
#11595=CARTESIAN_POINT('',(0.41,0.92,-1.25));
#11596=VECTOR('',#13473,0.1414213562373);
#11597=CARTESIAN_POINT('',(3.095,0.92,-2.35));
#11598=VECTOR('',#13474,1.2);
#11599=CARTESIAN_POINT('',(2.37,0.92,-1.63));
#11600=CARTESIAN_POINT('',(2.37,0.92,-2.35));
#11601=VECTOR('',#13475,0.72);
#11602=CARTESIAN_POINT('',(2.37,0.92,-1.63));
#11603=VECTOR('',#13476,1.16);
#11604=CARTESIAN_POINT('',(-2.37,0.92,-1.63));
#11605=CARTESIAN_POINT('',(-1.21,0.92,-1.63));
#11606=VECTOR('',#13477,1.16);
#11607=CARTESIAN_POINT('',(-2.37,0.92,-2.35));
#11608=VECTOR('',#13478,0.72);
#11609=CARTESIAN_POINT('',(-3.095,0.92,-2.35));
#11610=VECTOR('',#13479,1.2);
#11611=CARTESIAN_POINT('',(-3.445,0.57,-2.35));
#11612=VECTOR('',#13480,1.2);
#11613=CARTESIAN_POINT('',(-3.445,-0.06937554159486,-2.35));
#11614=VECTOR('',#13481,1.2);
#11615=CARTESIAN_POINT('',(-3.371776695297,-0.2461522368915,-2.35));
#11616=VECTOR('',#13482,1.2);
#11617=CARTESIAN_POINT('',(-2.771152236891,-0.8467766952966,-2.35));
#11618=VECTOR('',#13483,1.2);
#11619=CARTESIAN_POINT('',(-2.37,0.5,-1.63));
#11620=CARTESIAN_POINT('',(-2.37,0.5,-1.63));
#11621=VECTOR('',#13484,0.42);
#11622=CARTESIAN_POINT('',(-2.37,0.5,-2.35));
#11623=VECTOR('',#13485,0.72);
#11624=CARTESIAN_POINT('',(-1.21,0.5,-1.63));
#11625=VECTOR('',#13486,1.16);
#11626=CARTESIAN_POINT('',(2.37,0.5,-1.63));
#11627=CARTESIAN_POINT('',(2.37,0.92,-1.63));
#11628=VECTOR('',#13487,0.42);
#11629=CARTESIAN_POINT('',(2.37,0.5,-1.63));
#11630=VECTOR('',#13488,1.16);
#11631=CARTESIAN_POINT('',(2.37,0.5,-2.35));
#11632=VECTOR('',#13489,0.72);
#11633=CARTESIAN_POINT('',(3.445,0.57,-2.35));
#11634=VECTOR('',#13490,1.2);
#11635=CARTESIAN_POINT('',(3.445,-0.06937554159486,-2.35));
#11636=VECTOR('',#13491,1.2);
#11637=CARTESIAN_POINT('',(3.371776695297,-0.2461522368915,-2.35));
#11638=VECTOR('',#13492,1.2);
#11639=CARTESIAN_POINT('',(2.771152236891,-0.8467766952966,-2.35));
#11640=VECTOR('',#13493,1.2);
#11641=CARTESIAN_POINT('',(0.41,0.7730131584643,-1.25));
#11642=CARTESIAN_POINT('',(0.41,0.7730131584643,-1.25));
#11643=VECTOR('',#13494,0.1280131584643);
#11644=CARTESIAN_POINT('',(0.41,0.92,-1.25));
#11645=VECTOR('',#13495,0.1469868415357);
#11646=AXIS2_PLACEMENT_3D('',#13496,#13497,#13498);
#11647=CARTESIAN_POINT('',(-0.41,0.725,-1.38));
#11648=CARTESIAN_POINT('',(0.41,0.725,-1.38));
#11649=CARTESIAN_POINT('',(-0.41,0.725,-1.38));
#11650=VECTOR('',#13499,0.82);
#11651=AXIS2_PLACEMENT_3D('',#13500,#13501,#13502);
#11652=AXIS2_PLACEMENT_3D('',#13503,#13504,#13505);
#11653=CARTESIAN_POINT('',(-0.41,1.025,-1.5));
#11654=CARTESIAN_POINT('',(-0.41,1.025,-1.4));
#11655=CARTESIAN_POINT('',(-0.41,1.025,-1.5));
#11656=VECTOR('',#13506,0.1);
#11657=CARTESIAN_POINT('',(-0.41,1.225,-1.5));
#11658=VECTOR('',#13507,0.2);
#11659=AXIS2_PLACEMENT_3D('',#13508,#13509,#13510);
#11660=CARTESIAN_POINT('',(-0.41,0.725,-1.5));
#11661=CARTESIAN_POINT('',(-0.41,0.725,-1.5));
#11662=VECTOR('',#13511,0.08);
#11663=CARTESIAN_POINT('',(-0.41,0.725,-1.5));
#11664=VECTOR('',#13512,0.12);
#11665=CARTESIAN_POINT('',(0.41,1.025,-1.4));
#11666=AXIS2_PLACEMENT_3D('',#13513,#13514,#13515);
#11667=CARTESIAN_POINT('',(-0.41,1.025,-1.4));
#11668=VECTOR('',#13516,0.82);
#11669=CARTESIAN_POINT('',(0.41,1.025,-1.5));
#11670=CARTESIAN_POINT('',(0.41,1.025,-1.5));
#11671=VECTOR('',#13517,0.1);
#11672=CARTESIAN_POINT('',(0.16,1.025,-1.75));
#11673=AXIS2_PLACEMENT_3D('',#13518,#13519,#13520);
#11674=CARTESIAN_POINT('',(-0.16,1.025,-1.75));
#11675=CARTESIAN_POINT('',(0.16,1.025,-1.75));
#11676=VECTOR('',#13521,0.32);
#11677=AXIS2_PLACEMENT_3D('',#13522,#13523,#13524);
#11678=CARTESIAN_POINT('',(-0.16,0.725,-1.75));
#11679=CARTESIAN_POINT('',(-0.16,0.725,-1.75));
#11680=VECTOR('',#13525,0.08);
#11681=AXIS2_PLACEMENT_3D('',#13526,#13527,#13528);
#11682=CARTESIAN_POINT('',(-0.16,1.225,-1.75));
#11683=VECTOR('',#13529,0.2);
#11684=CARTESIAN_POINT('',(0.16,0.725,-1.75));
#11685=CARTESIAN_POINT('',(0.16,0.725,-1.75));
#11686=VECTOR('',#13530,0.32);
#11687=CARTESIAN_POINT('',(0.41,0.725,-1.5));
#11688=AXIS2_PLACEMENT_3D('',#13531,#13532,#13533);
#11689=CARTESIAN_POINT('',(0.41,0.725,-1.5));
#11690=VECTOR('',#13534,0.12);
#11691=CARTESIAN_POINT('',(0.41,1.225,-1.5));
#11692=VECTOR('',#13535,0.2);
#11693=CARTESIAN_POINT('',(0.41,0.725,-1.5));
#11694=VECTOR('',#13536,0.08);
#11695=CARTESIAN_POINT('',(0.16,0.725,-1.75));
#11696=VECTOR('',#13537,0.08);
#11697=CARTESIAN_POINT('',(0.16,1.225,-1.75));
#11698=VECTOR('',#13538,0.2);
#11699=CARTESIAN_POINT('',(-1.902820323028,0.175,-2.35));
#11700=VECTOR('',#13539,0.3);
#11701=CARTESIAN_POINT('',(-2.45,0.175,-2.35));
#11702=VECTOR('',#13540,0.3);
#11703=CARTESIAN_POINT('',(-3.0,-0.375,-2.35));
#11704=VECTOR('',#13541,0.3);
#11705=AXIS2_PLACEMENT_3D('',#13542,#13543,#13544);
#11706=CARTESIAN_POINT('',(-3.0,-0.925,-1.95));
#11707=CARTESIAN_POINT('',(-3.0,-1.225,-1.95));
#11708=VECTOR('',#13545,0.3);
#11709=CARTESIAN_POINT('',(-3.0,-0.925,-1.95));
#11710=VECTOR('',#13546,0.4);
#11711=CARTESIAN_POINT('',(2.125,-0.925,-1.75));
#11712=AXIS2_PLACEMENT_3D('',#13547,#13548,#13549);
#11713=CARTESIAN_POINT('',(2.8,-0.925,-1.75));
#11714=CARTESIAN_POINT('',(2.8,-0.925,-1.75));
#11715=VECTOR('',#13550,0.675);
#11716=AXIS2_PLACEMENT_3D('',#13551,#13552,#13553);
#11717=CARTESIAN_POINT('',(-2.8,-0.925,-1.75));
#11718=AXIS2_PLACEMENT_3D('',#13554,#13555,#13556);
#11719=CARTESIAN_POINT('',(-2.125,-0.925,-1.75));
#11720=CARTESIAN_POINT('',(-2.125,-0.925,-1.75));
#11721=VECTOR('',#13557,0.675);
#11722=CARTESIAN_POINT('',(-1.925,-0.925,-1.95));
#11723=AXIS2_PLACEMENT_3D('',#13558,#13559,#13560);
#11724=CARTESIAN_POINT('',(-1.925,-0.925,-2.35));
#11725=VECTOR('',#13561,0.4);
#11726=CARTESIAN_POINT('',(2.8,-1.225,-1.75));
#11727=VECTOR('',#13562,0.3);
#11728=CARTESIAN_POINT('',(2.125,-1.225,-1.75));
#11729=VECTOR('',#13563,0.3);
#11730=CARTESIAN_POINT('',(-1.925,-0.725,-2.35));
#11731=VECTOR('',#13564,0.3);
#11732=CARTESIAN_POINT('',(-1.925,-1.225,-1.95));
#11733=VECTOR('',#13565,0.3);
#11734=AXIS2_PLACEMENT_3D('',#13566,#13567,#13568);
#11735=CARTESIAN_POINT('',(-2.125,-1.225,-1.75));
#11736=VECTOR('',#13569,0.3);
#11737=CARTESIAN_POINT('',(-2.8,-1.225,-1.75));
#11738=VECTOR('',#13570,0.3);
#11739=CARTESIAN_POINT('',(-1.175,-1.105,-2.65));
#11740=CARTESIAN_POINT('',(-1.175,-1.105,-2.65));
#11741=VECTOR('',#13571,0.3);
#11742=CARTESIAN_POINT('',(-1.425,-1.105,-2.65));
#11743=CARTESIAN_POINT('',(-1.425,-1.105,-2.65));
#11744=VECTOR('',#13572,0.25);
#11745=CARTESIAN_POINT('',(-1.425,-1.105,-2.65));
#11746=VECTOR('',#13573,0.3);
#11747=CARTESIAN_POINT('',(-1.425,-1.255,-2.65));
#11748=CARTESIAN_POINT('',(-1.425,-1.255,-2.65));
#11749=VECTOR('',#13574,0.15);
#11750=CARTESIAN_POINT('',(-1.425,-1.255,-1.999078980754));
#11751=CARTESIAN_POINT('',(-1.425,-1.255,-1.999078980754));
#11752=VECTOR('',#13575,0.6509210192457);
#11753=CARTESIAN_POINT('',(-1.425,-1.18088190451,-1.902486398125));
#11754=AXIS2_PLACEMENT_3D('',#13576,#13577,#13578);
#11755=CARTESIAN_POINT('',(-1.425,-1.105,-1.882153903092));
#11756=VECTOR('',#13579,0.07855872826362);
#11757=CARTESIAN_POINT('',(-1.175,-1.18088190451,-1.902486398125));
#11758=CARTESIAN_POINT('',(-1.425,-1.18088190451,-1.902486398125));
#11759=VECTOR('',#13580,0.25);
#11760=CARTESIAN_POINT('',(-1.175,-1.105,-1.882153903092));
#11761=VECTOR('',#13581,0.07855872826362);
#11762=CARTESIAN_POINT('',(-1.175,-1.105,-1.882153903092));
#11763=VECTOR('',#13582,0.1242331416492);
#11764=CARTESIAN_POINT('',(-1.175,-1.255,-1.999078980754));
#11765=AXIS2_PLACEMENT_3D('',#13583,#13584,#13585);
#11766=CARTESIAN_POINT('',(-1.175,-1.255,-2.65));
#11767=CARTESIAN_POINT('',(-1.175,-1.255,-1.999078980754));
#11768=VECTOR('',#13586,0.6509210192457);
#11769=CARTESIAN_POINT('',(-1.175,-1.255,-2.65));
#11770=VECTOR('',#13587,0.15);
#11771=CARTESIAN_POINT('',(-1.425,-1.255,-2.65));
#11772=VECTOR('',#13588,0.25);
#11773=CARTESIAN_POINT('',(-1.425,-1.255,-1.999078980754));
#11774=VECTOR('',#13589,0.25);
#11775=CARTESIAN_POINT('',(-0.525,-1.105,-2.65));
#11776=CARTESIAN_POINT('',(-0.525,-1.105,-2.65));
#11777=VECTOR('',#13590,0.3);
#11778=CARTESIAN_POINT('',(-0.775,-1.105,-2.65));
#11779=CARTESIAN_POINT('',(-0.775,-1.105,-2.65));
#11780=VECTOR('',#13591,0.25);
#11781=CARTESIAN_POINT('',(-0.775,-1.105,-2.65));
#11782=VECTOR('',#13592,0.3);
#11783=CARTESIAN_POINT('',(-0.775,-1.255,-2.65));
#11784=CARTESIAN_POINT('',(-0.775,-1.255,-2.65));
#11785=VECTOR('',#13593,0.15);
#11786=CARTESIAN_POINT('',(-0.775,-1.255,-1.999078980754));
#11787=CARTESIAN_POINT('',(-0.775,-1.255,-1.999078980754));
#11788=VECTOR('',#13594,0.6509210192457);
#11789=CARTESIAN_POINT('',(-0.775,-1.18088190451,-1.902486398125));
#11790=AXIS2_PLACEMENT_3D('',#13595,#13596,#13597);
#11791=CARTESIAN_POINT('',(-0.775,-1.105,-1.882153903092));
#11792=VECTOR('',#13598,0.07855872826362);
#11793=CARTESIAN_POINT('',(-0.775,-1.105,-1.882153903092));
#11794=VECTOR('',#13599,0.1242331416492);
#11795=CARTESIAN_POINT('',(-0.525,-1.18088190451,-1.902486398125));
#11796=CARTESIAN_POINT('',(-0.775,-1.18088190451,-1.902486398125));
#11797=VECTOR('',#13600,0.25);
#11798=CARTESIAN_POINT('',(-0.525,-1.105,-1.882153903092));
#11799=VECTOR('',#13601,0.07855872826362);
#11800=CARTESIAN_POINT('',(-0.525,-1.105,-1.882153903092));
#11801=VECTOR('',#13602,0.1242331416492);
#11802=CARTESIAN_POINT('',(-0.525,-1.255,-1.999078980754));
#11803=AXIS2_PLACEMENT_3D('',#13603,#13604,#13605);
#11804=CARTESIAN_POINT('',(-0.525,-1.255,-2.65));
#11805=CARTESIAN_POINT('',(-0.525,-1.255,-1.999078980754));
#11806=VECTOR('',#13606,0.6509210192457);
#11807=CARTESIAN_POINT('',(-0.525,-1.255,-2.65));
#11808=VECTOR('',#13607,0.15);
#11809=CARTESIAN_POINT('',(-0.775,-1.255,-2.65));
#11810=VECTOR('',#13608,0.25);
#11811=CARTESIAN_POINT('',(-0.775,-1.255,-1.999078980754));
#11812=VECTOR('',#13609,0.25);
#11813=CARTESIAN_POINT('',(0.125,-1.105,-2.65));
#11814=CARTESIAN_POINT('',(0.125,-1.105,-2.65));
#11815=VECTOR('',#13610,0.3);
#11816=CARTESIAN_POINT('',(-0.125,-1.105,-2.65));
#11817=CARTESIAN_POINT('',(-0.125,-1.105,-2.65));
#11818=VECTOR('',#13611,0.25);
#11819=CARTESIAN_POINT('',(-0.125,-1.105,-2.65));
#11820=VECTOR('',#13612,0.3);
#11821=CARTESIAN_POINT('',(-0.125,-1.255,-2.65));
#11822=CARTESIAN_POINT('',(-0.125,-1.255,-2.65));
#11823=VECTOR('',#13613,0.15);
#11824=CARTESIAN_POINT('',(-0.125,-1.255,-1.999078980754));
#11825=CARTESIAN_POINT('',(-0.125,-1.255,-1.999078980754));
#11826=VECTOR('',#13614,0.6509210192457);
#11827=CARTESIAN_POINT('',(-0.125,-1.18088190451,-1.902486398125));
#11828=AXIS2_PLACEMENT_3D('',#13615,#13616,#13617);
#11829=CARTESIAN_POINT('',(-0.125,-1.105,-1.882153903092));
#11830=VECTOR('',#13618,0.07855872826362);
#11831=CARTESIAN_POINT('',(-0.125,-1.105,-1.882153903092));
#11832=VECTOR('',#13619,0.1242331416492);
#11833=CARTESIAN_POINT('',(0.125,-1.18088190451,-1.902486398125));
#11834=CARTESIAN_POINT('',(-0.125,-1.18088190451,-1.902486398125));
#11835=VECTOR('',#13620,0.25);
#11836=CARTESIAN_POINT('',(0.125,-1.105,-1.882153903092));
#11837=VECTOR('',#13621,0.07855872826362);
#11838=CARTESIAN_POINT('',(0.125,-1.105,-1.882153903092));
#11839=VECTOR('',#13622,0.1242331416492);
#11840=CARTESIAN_POINT('',(0.125,-1.255,-1.999078980754));
#11841=AXIS2_PLACEMENT_3D('',#13623,#13624,#13625);
#11842=CARTESIAN_POINT('',(0.125,-1.255,-2.65));
#11843=CARTESIAN_POINT('',(0.125,-1.255,-1.999078980754));
#11844=VECTOR('',#13626,0.6509210192457);
#11845=CARTESIAN_POINT('',(0.125,-1.255,-2.65));
#11846=VECTOR('',#13627,0.15);
#11847=CARTESIAN_POINT('',(-0.125,-1.255,-2.65));
#11848=VECTOR('',#13628,0.25);
#11849=CARTESIAN_POINT('',(-0.125,-1.255,-1.999078980754));
#11850=VECTOR('',#13629,0.25);
#11851=CARTESIAN_POINT('',(0.775,-1.105,-2.65));
#11852=CARTESIAN_POINT('',(0.775,-1.105,-2.65));
#11853=VECTOR('',#13630,0.3);
#11854=CARTESIAN_POINT('',(0.525,-1.105,-2.65));
#11855=CARTESIAN_POINT('',(0.525,-1.105,-2.65));
#11856=VECTOR('',#13631,0.25);
#11857=CARTESIAN_POINT('',(0.525,-1.105,-2.65));
#11858=VECTOR('',#13632,0.3);
#11859=CARTESIAN_POINT('',(0.525,-1.255,-2.65));
#11860=CARTESIAN_POINT('',(0.525,-1.255,-2.65));
#11861=VECTOR('',#13633,0.15);
#11862=CARTESIAN_POINT('',(0.525,-1.255,-1.999078980754));
#11863=CARTESIAN_POINT('',(0.525,-1.255,-1.999078980754));
#11864=VECTOR('',#13634,0.6509210192457);
#11865=CARTESIAN_POINT('',(0.525,-1.18088190451,-1.902486398125));
#11866=AXIS2_PLACEMENT_3D('',#13635,#13636,#13637);
#11867=CARTESIAN_POINT('',(0.525,-1.105,-1.882153903092));
#11868=VECTOR('',#13638,0.07855872826362);
#11869=CARTESIAN_POINT('',(0.525,-1.105,-1.882153903092));
#11870=VECTOR('',#13639,0.1242331416492);
#11871=CARTESIAN_POINT('',(0.775,-1.18088190451,-1.902486398125));
#11872=CARTESIAN_POINT('',(0.525,-1.18088190451,-1.902486398125));
#11873=VECTOR('',#13640,0.25);
#11874=CARTESIAN_POINT('',(0.775,-1.105,-1.882153903092));
#11875=VECTOR('',#13641,0.07855872826362);
#11876=CARTESIAN_POINT('',(0.775,-1.105,-1.882153903092));
#11877=VECTOR('',#13642,0.1242331416492);
#11878=CARTESIAN_POINT('',(0.775,-1.255,-1.999078980754));
#11879=AXIS2_PLACEMENT_3D('',#13643,#13644,#13645);
#11880=CARTESIAN_POINT('',(0.775,-1.255,-2.65));
#11881=CARTESIAN_POINT('',(0.775,-1.255,-1.999078980754));
#11882=VECTOR('',#13646,0.6509210192457);
#11883=CARTESIAN_POINT('',(0.775,-1.255,-2.65));
#11884=VECTOR('',#13647,0.15);
#11885=CARTESIAN_POINT('',(0.525,-1.255,-2.65));
#11886=VECTOR('',#13648,0.25);
#11887=CARTESIAN_POINT('',(0.525,-1.255,-1.999078980754));
#11888=VECTOR('',#13649,0.25);
#11889=CARTESIAN_POINT('',(1.425,-1.105,-2.65));
#11890=CARTESIAN_POINT('',(1.425,-1.105,-2.65));
#11891=VECTOR('',#13650,0.3);
#11892=CARTESIAN_POINT('',(1.175,-1.105,-2.65));
#11893=CARTESIAN_POINT('',(1.175,-1.105,-2.65));
#11894=VECTOR('',#13651,0.25);
#11895=CARTESIAN_POINT('',(1.175,-1.105,-2.65));
#11896=VECTOR('',#13652,0.3);
#11897=CARTESIAN_POINT('',(1.175,-1.255,-2.65));
#11898=CARTESIAN_POINT('',(1.175,-1.255,-2.65));
#11899=VECTOR('',#13653,0.15);
#11900=CARTESIAN_POINT('',(1.175,-1.255,-1.999078980754));
#11901=CARTESIAN_POINT('',(1.175,-1.255,-1.999078980754));
#11902=VECTOR('',#13654,0.6509210192457);
#11903=CARTESIAN_POINT('',(1.175,-1.18088190451,-1.902486398125));
#11904=AXIS2_PLACEMENT_3D('',#13655,#13656,#13657);
#11905=CARTESIAN_POINT('',(1.175,-1.105,-1.882153903092));
#11906=VECTOR('',#13658,0.07855872826362);
#11907=CARTESIAN_POINT('',(1.425,-1.18088190451,-1.902486398125));
#11908=CARTESIAN_POINT('',(1.175,-1.18088190451,-1.902486398125));
#11909=VECTOR('',#13659,0.25);
#11910=CARTESIAN_POINT('',(1.425,-1.105,-1.882153903092));
#11911=VECTOR('',#13660,0.07855872826362);
#11912=CARTESIAN_POINT('',(1.425,-1.105,-1.882153903092));
#11913=VECTOR('',#13661,0.1242331416492);
#11914=CARTESIAN_POINT('',(1.425,-1.255,-1.999078980754));
#11915=AXIS2_PLACEMENT_3D('',#13662,#13663,#13664);
#11916=CARTESIAN_POINT('',(1.425,-1.255,-2.65));
#11917=CARTESIAN_POINT('',(1.425,-1.255,-1.999078980754));
#11918=VECTOR('',#13665,0.6509210192457);
#11919=CARTESIAN_POINT('',(1.425,-1.255,-2.65));
#11920=VECTOR('',#13666,0.15);
#11921=CARTESIAN_POINT('',(1.175,-1.255,-2.65));
#11922=VECTOR('',#13667,0.25);
#11923=CARTESIAN_POINT('',(1.175,-1.255,-1.999078980754));
#11924=VECTOR('',#13668,0.25);
#11925=CARTESIAN_POINT('',(-2.746446609407,-0.875,-1.53));
#11926=CARTESIAN_POINT('',(-2.751418506165,-0.8712710774316,-1.53));
#11927=CARTESIAN_POINT('',(-2.760841262569,-0.8636248252562,-1.530279311124));
#11928=CARTESIAN_POINT('',(-2.769257147991,-0.8557428520088,-1.531187100809));
#11929=CARTESIAN_POINT('',(-2.773223304703,-0.8517766952966,-1.531808643576));
#11930=CARTESIAN_POINT('',(-3.324264068712,-0.725,-1.68));
#11931=VECTOR('',#13669,0.4242640687119);
#11932=CARTESIAN_POINT('',(3.324264068712,-0.725,-1.68));
#11933=CARTESIAN_POINT('',(2.9,-0.725,-1.68));
#11934=VECTOR('',#13670,0.4242640687119);
#11935=CARTESIAN_POINT('',(3.324264068712,-0.725,-1.68));
#11936=CARTESIAN_POINT('',(3.324264068712,-0.725,-1.664911165235));
#11937=CARTESIAN_POINT('',(3.32020029292,-0.7290637757922,-1.640480542545));
#11938=CARTESIAN_POINT('',(3.30490661372,-0.7443574549923,-1.601753732029));
#11939=CARTESIAN_POINT('',(3.276607962456,-0.772656106256,-1.566329894619));
#11940=CARTESIAN_POINT('',(3.232341391081,-0.8169226776306,-1.538399271628));
#11941=CARTESIAN_POINT('',(3.195602903477,-0.8536611652352,-1.53));
#11942=CARTESIAN_POINT('',(3.174264068712,-0.875,-1.53));
#11943=CARTESIAN_POINT('',(-3.324264068712,-0.725,-2.2));
#11944=VECTOR('',#13671,0.4242640687119);
#11945=CARTESIAN_POINT('',(3.324264068712,-0.725,-2.2));
#11946=CARTESIAN_POINT('',(2.9,-0.725,-2.2));
#11947=VECTOR('',#13672,0.4242640687119);
#11948=CARTESIAN_POINT('',(3.324264068712,-0.725,-2.2));
#11949=VECTOR('',#13673,0.52);
#11950=CARTESIAN_POINT('',(3.324264068712,-0.725,-2.2));
#11951=CARTESIAN_POINT('',(3.324264068712,-0.725,-2.215088834765));
#11952=CARTESIAN_POINT('',(3.328327844504,-0.7209362242078,-2.239519457455));
#11953=CARTESIAN_POINT('',(3.343621523704,-0.7056425450077,-2.278246267971));
#11954=CARTESIAN_POINT('',(3.371920174968,-0.677343893744,-2.313670105381));
#11955=CARTESIAN_POINT('',(3.416186746343,-0.6330773223694,-2.341600728372));
#11956=CARTESIAN_POINT('',(3.452925233947,-0.5963388347648,-2.35));
#11957=CARTESIAN_POINT('',(3.474264068712,-0.575,-2.35));
#11958=CARTESIAN_POINT('',(2.985355339059,-1.063908729653,0.96));
#11959=VECTOR('',#13674,1.39);
#11960=CARTESIAN_POINT('',(2.985355339059,-1.063908729653,-0.56));
#11961=CARTESIAN_POINT('',(2.985355339059,-1.063908729653,-0.56));
#11962=VECTOR('',#13675,0.8535533905933);
#11963=CARTESIAN_POINT('',(2.985355339059,-1.063908729653,-1.53));
#11964=VECTOR('',#13676,0.97);
#11965=AXIS2_PLACEMENT_3D('',#13677,#13678,#13679);
#11966=CARTESIAN_POINT('',(2.4,-1.225,-0.56));
#11967=VECTOR('',#13680,0.3);
#11968=CARTESIAN_POINT('',(2.25,-1.225,-0.41));
#11969=VECTOR('',#13681,0.3);
#11970=CARTESIAN_POINT('',(2.25,-1.225,0.81));
#11971=VECTOR('',#13682,0.3);
#11972=CARTESIAN_POINT('',(2.25,-0.925,0.8));
#11973=VECTOR('',#13683,0.3);
#11974=CARTESIAN_POINT('',(2.25,-0.925,-0.4));
#11975=VECTOR('',#13684,0.3);
#11976=CARTESIAN_POINT('',(2.4,-1.225,0.65));
#11977=VECTOR('',#13685,0.3);
#11978=CARTESIAN_POINT('',(3.7,-1.225,0.65));
#11979=VECTOR('',#13686,0.3);
#11980=CARTESIAN_POINT('',(3.9,-1.225,0.45));
#11981=VECTOR('',#13687,0.3);
#11982=CARTESIAN_POINT('',(3.9,-1.225,-0.05));
#11983=VECTOR('',#13688,0.3);
#11984=CARTESIAN_POINT('',(3.7,-1.225,-0.25));
#11985=VECTOR('',#13689,0.3);
#11986=CARTESIAN_POINT('',(2.4,-1.225,-0.25));
#11987=VECTOR('',#13690,0.3);
#11988=CARTESIAN_POINT('',(-1.79,-1.225,-1.21));
#11989=VECTOR('',#13691,0.025);
#11990=CARTESIAN_POINT('',(-2.25,-1.225,-0.41));
#11991=VECTOR('',#13692,0.3);
#11992=CARTESIAN_POINT('',(-2.25,-0.925,-0.4));
#11993=VECTOR('',#13693,0.3);
#11994=CARTESIAN_POINT('',(-2.25,-1.225,0.81));
#11995=VECTOR('',#13694,0.3);
#11996=CARTESIAN_POINT('',(-2.25,-0.925,0.8));
#11997=VECTOR('',#13695,0.3);
#11998=CARTESIAN_POINT('',(-2.4,-1.225,-0.25));
#11999=VECTOR('',#13696,0.3);
#12000=CARTESIAN_POINT('',(-3.7,-1.225,-0.25));
#12001=VECTOR('',#13697,0.3);
#12002=CARTESIAN_POINT('',(-3.9,-1.225,-0.05));
#12003=VECTOR('',#13698,0.3);
#12004=CARTESIAN_POINT('',(-3.9,-1.225,0.45));
#12005=VECTOR('',#13699,0.3);
#12006=CARTESIAN_POINT('',(-3.7,-1.225,0.65));
#12007=VECTOR('',#13700,0.3);
#12008=CARTESIAN_POINT('',(-2.4,-1.225,0.65));
#12009=VECTOR('',#13701,0.3);
#12010=CARTESIAN_POINT('',(1.565495361482,0.785,-2.05));
#12011=CARTESIAN_POINT('',(1.737568292387,0.5392543867133,-2.05));
#12012=VECTOR('',#13702,0.3);
#12013=AXIS2_PLACEMENT_3D('',#13703,#13704,#13705);
#12014=CARTESIAN_POINT('',(2.142224954954,1.188830408858,-2.35));
#12015=VECTOR('',#13706,0.7);
#12016=CARTESIAN_POINT('',(1.565495361482,0.785,-2.05));
#12017=VECTOR('',#13707,0.3);
#12018=CARTESIAN_POINT('',(2.37,1.225,-1.35));
#12019=VECTOR('',#13708,0.3);
#12020=CARTESIAN_POINT('',(3.0,1.47,2.545511428091));
#12021=CARTESIAN_POINT('',(-3.0,1.47,2.545511428091));
#12022=CARTESIAN_POINT('',(3.0,1.47,2.545511428091));
#12023=VECTOR('',#13709,6.0);
#12024=CARTESIAN_POINT('',(3.2,1.313674285394,2.420762596622));
#12025=AXIS2_PLACEMENT_3D('',#13710,#13711,#13712);
#12026=CARTESIAN_POINT('',(3.2,1.313674285394,2.420762596622));
#12027=VECTOR('',#13713,0.1134481113585);
#12028=CARTESIAN_POINT('',(-3.2,1.313674285394,2.420762596622));
#12029=CARTESIAN_POINT('',(-3.2,1.313674285394,2.420762596622));
#12030=VECTOR('',#13714,0.1134481113585);
#12031=AXIS2_PLACEMENT_3D('',#13715,#13716,#13717);
#12032=CARTESIAN_POINT('',(-3.2,1.12655103819,2.655251168531));
#12033=CARTESIAN_POINT('',(-3.2,1.12655103819,2.655251168531));
#12034=VECTOR('',#13718,0.3);
#12035=CARTESIAN_POINT('',(-3.0,1.282876752796,2.78));
#12036=AXIS2_PLACEMENT_3D('',#13719,#13720,#13721);
#12037=CARTESIAN_POINT('',(-3.0,1.282876752796,2.78));
#12038=VECTOR('',#13722,0.3);
#12039=CARTESIAN_POINT('',(3.0,1.282876752796,2.78));
#12040=CARTESIAN_POINT('',(3.0,1.282876752796,2.78));
#12041=VECTOR('',#13723,6.0);
#12042=CARTESIAN_POINT('',(3.0,1.47,2.545511428091));
#12043=VECTOR('',#13724,0.3);
#12044=CARTESIAN_POINT('',(3.2,1.12655103819,2.655251168531));
#12045=CARTESIAN_POINT('',(3.2,1.313674285394,2.420762596622));
#12046=VECTOR('',#13725,0.3);
#12047=AXIS2_PLACEMENT_3D('',#13726,#13727,#13728);
#12048=CARTESIAN_POINT('',(-3.2,1.03411419437,2.581486028353));
#12049=CARTESIAN_POINT('',(-3.2,1.03411419437,2.581486028353));
#12050=VECTOR('',#13729,0.1182618535327);
#12051=CARTESIAN_POINT('',(3.2,1.03411419437,2.581486028353));
#12052=CARTESIAN_POINT('',(3.2,1.03411419437,2.581486028353));
#12053=VECTOR('',#13730,6.4);
#12054=CARTESIAN_POINT('',(3.2,1.03411419437,2.581486028353));
#12055=VECTOR('',#13731,0.1182618535327);
#12056=AXIS2_PLACEMENT_3D('',#13732,#13733,#13734);
#12057=AXIS2_PLACEMENT_3D('',#13735,#13736,#13737);
#12058=CARTESIAN_POINT('',(1.75,0.4449999997472,1.35));
#12059=CARTESIAN_POINT('',(1.75,0.445,-1.15));
#12060=VECTOR('',#13738,2.5);
#12061=AXIS2_PLACEMENT_3D('',#13739,#13740,#13741);
#12062=AXIS2_PLACEMENT_3D('',#13742,#13743,#13744);
#12063=CARTESIAN_POINT('',(1.75,0.245,1.35));
#12064=AXIS2_PLACEMENT_3D('',#13745,#13746,#13747);
#12065=CARTESIAN_POINT('',(1.75,0.2450000000906,1.35));
#12066=VECTOR('',#13748,0.1999999996566);
#12067=CARTESIAN_POINT('',(1.75,0.245,-1.15));
#12068=VECTOR('',#13749,2.5);
#12069=AXIS2_PLACEMENT_3D('',#13750,#13751,#13752);
#12070=CARTESIAN_POINT('',(-0.835,0.265,1.15));
#12071=CARTESIAN_POINT('',(-0.835,0.265,1.15));
#12072=VECTOR('',#13753,0.4);
#12073=CARTESIAN_POINT('',(-0.835,0.165,1.05));
#12074=CARTESIAN_POINT('',(-0.835,0.165,-1.15));
#12075=VECTOR('',#13754,2.2);
#12076=AXIS2_PLACEMENT_3D('',#13755,#13756,#13757);
#12077=CARTESIAN_POINT('',(-0.465,0.165,1.05));
#12078=CARTESIAN_POINT('',(-0.835,0.165,1.05));
#12079=VECTOR('',#13758,0.37);
#12080=CARTESIAN_POINT('',(-0.465,0.265,1.15));
#12081=AXIS2_PLACEMENT_3D('',#13759,#13760,#13761);
#12082=CARTESIAN_POINT('',(-0.835,0.265,1.15));
#12083=VECTOR('',#13762,0.37);
#12084=CARTESIAN_POINT('',(-0.465,0.265,1.15));
#12085=VECTOR('',#13763,0.4);
#12086=CARTESIAN_POINT('',(-0.465,0.165,-1.15));
#12087=VECTOR('',#13764,2.2);
#12088=CARTESIAN_POINT('',(-0.185,0.265,1.15));
#12089=CARTESIAN_POINT('',(-0.185,0.265,1.15));
#12090=VECTOR('',#13765,0.4);
#12091=CARTESIAN_POINT('',(-0.185,0.165,1.05));
#12092=CARTESIAN_POINT('',(-0.185,0.165,-1.15));
#12093=VECTOR('',#13766,2.2);
#12094=AXIS2_PLACEMENT_3D('',#13767,#13768,#13769);
#12095=CARTESIAN_POINT('',(0.185,0.165,1.05));
#12096=CARTESIAN_POINT('',(-0.185,0.165,1.05));
#12097=VECTOR('',#13770,0.37);
#12098=CARTESIAN_POINT('',(0.185,0.265,1.15));
#12099=AXIS2_PLACEMENT_3D('',#13771,#13772,#13773);
#12100=CARTESIAN_POINT('',(-0.185,0.265,1.15));
#12101=VECTOR('',#13774,0.37);
#12102=CARTESIAN_POINT('',(0.185,0.265,1.15));
#12103=VECTOR('',#13775,0.4);
#12104=CARTESIAN_POINT('',(0.185,0.165,-1.15));
#12105=VECTOR('',#13776,2.2);
#12106=CARTESIAN_POINT('',(0.465,0.265,1.15));
#12107=CARTESIAN_POINT('',(0.465,0.265,1.15));
#12108=VECTOR('',#13777,0.4);
#12109=CARTESIAN_POINT('',(0.465,0.165,1.05));
#12110=CARTESIAN_POINT('',(0.465,0.165,-1.15));
#12111=VECTOR('',#13778,2.2);
#12112=AXIS2_PLACEMENT_3D('',#13779,#13780,#13781);
#12113=CARTESIAN_POINT('',(0.835,0.165,1.05));
#12114=CARTESIAN_POINT('',(0.465,0.165,1.05));
#12115=VECTOR('',#13782,0.37);
#12116=CARTESIAN_POINT('',(0.835,0.265,1.15));
#12117=AXIS2_PLACEMENT_3D('',#13783,#13784,#13785);
#12118=CARTESIAN_POINT('',(0.465,0.265,1.15));
#12119=VECTOR('',#13786,0.37);
#12120=CARTESIAN_POINT('',(0.835,0.265,1.15));
#12121=VECTOR('',#13787,0.4);
#12122=CARTESIAN_POINT('',(0.835,0.165,-1.15));
#12123=VECTOR('',#13788,2.2);
#12124=CARTESIAN_POINT('',(3.99,0.225,2.54911585164));
#12125=CARTESIAN_POINT('',(3.99,0.425,2.54911585164));
#12126=CARTESIAN_POINT('',(3.99,0.225,2.54911585164));
#12127=VECTOR('',#13789,0.2);
#12128=AXIS2_PLACEMENT_3D('',#13790,#13791,#13792);
#12129=AXIS2_PLACEMENT_3D('',#13793,#13794,#13795);
#12130=CARTESIAN_POINT('',(3.798447109038,0.425,2.78));
#12131=AXIS2_PLACEMENT_3D('',#13796,#13797,#13798);
#12132=CARTESIAN_POINT('',(3.798447109038,0.425,2.78));
#12133=VECTOR('',#13799,0.3);
#12134=CARTESIAN_POINT('',(3.798447109038,0.225,2.78));
#12135=CARTESIAN_POINT('',(3.798447109038,0.225,2.78));
#12136=VECTOR('',#13800,0.2);
#12137=CARTESIAN_POINT('',(3.99,0.225,2.54911585164));
#12138=VECTOR('',#13801,0.3);
#12139=AXIS2_PLACEMENT_3D('',#13802,#13803,#13804);
#12140=CARTESIAN_POINT('',(3.554832205403,0.025,2.577885045795));
#12141=VECTOR('',#13805,0.6);
#12142=DIRECTION('',(-0.0,1.0,0.0));
#12143=CARTESIAN_POINT('',(-2.85,0.925,1.225));
#12144=DIRECTION('',(0.0,1.0,0.0));
#12145=DIRECTION('',(0.0,0.0,-1.0));
#12146=DIRECTION('',(0.0,-1.0,0.0));
#12147=CARTESIAN_POINT('',(-2.85,1.225,1.225));
#12148=DIRECTION('',(0.0,1.0,0.0));
#12149=DIRECTION('',(0.0,0.0,-1.0));
#12150=DIRECTION('',(-0.0,-1.0,-0.0));
#12151=CARTESIAN_POINT('',(-1.9,1.225,1.225));
#12152=DIRECTION('',(0.0,1.0,0.0));
#12153=DIRECTION('',(0.0,0.0,1.0));
#12154=DIRECTION('',(0.0,-1.0,0.0));
#12155=CARTESIAN_POINT('',(-1.9,0.925,1.225));
#12156=DIRECTION('',(0.0,1.0,0.0));
#12157=DIRECTION('',(0.0,0.0,1.0));
#12158=DIRECTION('',(-0.0,1.0,0.0));
#12159=CARTESIAN_POINT('',(1.9,0.925,1.225));
#12160=DIRECTION('',(0.0,1.0,0.0));
#12161=DIRECTION('',(0.0,0.0,-1.0));
#12162=DIRECTION('',(0.0,-1.0,0.0));
#12163=CARTESIAN_POINT('',(1.9,1.225,1.225));
#12164=DIRECTION('',(0.0,1.0,0.0));
#12165=DIRECTION('',(0.0,0.0,-1.0));
#12166=DIRECTION('',(-0.0,-1.0,-0.0));
#12167=CARTESIAN_POINT('',(2.85,1.225,1.225));
#12168=DIRECTION('',(0.0,1.0,0.0));
#12169=DIRECTION('',(0.0,0.0,1.0));
#12170=DIRECTION('',(0.0,-1.0,0.0));
#12171=CARTESIAN_POINT('',(2.85,0.925,1.225));
#12172=DIRECTION('',(0.0,1.0,0.0));
#12173=DIRECTION('',(0.0,0.0,1.0));
#12174=DIRECTION('',(0.0,-1.0,0.0));
#12175=CARTESIAN_POINT('',(-3.2,-0.07144660940673,2.35));
#12176=DIRECTION('',(0.0,0.0,1.0));
#12177=DIRECTION('',(-1.0,0.0,0.0));
#12178=DIRECTION('',(0.707106781186548,-0.707106781186548,0.0));
#12179=CARTESIAN_POINT('',(-2.596446609407,-0.675,2.35));
#12180=DIRECTION('',(0.0,0.0,1.0));
#12181=DIRECTION('',(-0.707106781186548,-0.707106781186548,0.0));
#12182=DIRECTION('',(1.0,0.0,0.0));
#12183=DIRECTION('',(0.0,1.0,0.0));
#12184=DIRECTION('',(-1.0,0.0,0.0));
#12185=CARTESIAN_POINT('',(-2.596446609407,-0.675,2.35));
#12186=DIRECTION('',(0.0,0.0,-1.0));
#12187=DIRECTION('',(0.0,-1.0,0.0));
#12188=DIRECTION('',(-0.707106781186548,0.707106781186548,0.0));
#12189=CARTESIAN_POINT('',(-3.2,-0.07144660940673,2.35));
#12190=DIRECTION('',(-0.0,0.0,-1.0));
#12191=DIRECTION('',(-0.707106781186498,-0.707106781186598,0.0));
#12192=DIRECTION('',(0.0,1.0,0.0));
#12193=DIRECTION('',(1.0,0.0,0.0));
#12194=DIRECTION('',(0.0,-1.0,0.0));
#12195=CARTESIAN_POINT('',(3.2,-0.07144660940673,2.35));
#12196=DIRECTION('',(0.0,0.0,-1.0));
#12197=DIRECTION('',(1.0,0.0,0.0));
#12198=DIRECTION('',(-0.707106781186548,-0.707106781186548,0.0));
#12199=CARTESIAN_POINT('',(2.596446609407,-0.675,2.35));
#12200=DIRECTION('',(0.0,0.0,-1.0));
#12201=DIRECTION('',(0.707106781186498,-0.707106781186598,0.0));
#12202=DIRECTION('',(-1.0,0.0,0.0));
#12203=DIRECTION('',(0.0,1.0,0.0));
#12204=DIRECTION('',(1.0,0.0,0.0));
#12205=CARTESIAN_POINT('',(2.596446609407,-0.675,2.35));
#12206=DIRECTION('',(0.0,0.0,1.0));
#12207=DIRECTION('',(0.0,-1.0,0.0));
#12208=DIRECTION('',(0.707106781186548,0.707106781186548,0.0));
#12209=CARTESIAN_POINT('',(3.2,-0.07144660940673,2.35));
#12210=DIRECTION('',(0.0,0.0,1.0));
#12211=DIRECTION('',(0.707106781186548,-0.707106781186548,0.0));
#12212=DIRECTION('',(0.0,1.0,0.0));
#12213=DIRECTION('',(1.0,0.0,0.0));
#12214=DIRECTION('',(0.0,1.0,0.0));
#12215=CARTESIAN_POINT('',(-3.2,0.675,2.35));
#12216=DIRECTION('',(0.0,0.0,-1.0));
#12217=DIRECTION('',(-1.0,0.0,0.0));
#12218=DIRECTION('',(0.0,-1.0,0.0));
#12219=CARTESIAN_POINT('',(-3.2,0.675,2.35));
#12220=DIRECTION('',(0.0,-0.0,1.0));
#12221=DIRECTION('',(0.0,1.0,0.0));
#12222=DIRECTION('',(0.0,-1.0,0.0));
#12223=DIRECTION('',(1.0,0.0,0.0));
#12224=DIRECTION('',(0.0,1.0,0.0));
#12225=CARTESIAN_POINT('',(3.2,0.675,2.35));
#12226=DIRECTION('',(0.0,0.0,1.0));
#12227=DIRECTION('',(1.0,0.0,0.0));
#12228=DIRECTION('',(0.0,-1.0,0.0));
#12229=CARTESIAN_POINT('',(3.2,0.675,2.35));
#12230=DIRECTION('',(0.0,0.0,-1.0));
#12231=DIRECTION('',(0.0,1.0,0.0));
#12232=DIRECTION('',(0.0,-1.0,0.0));
#12233=DIRECTION('',(1.0,0.0,0.0));
#12234=DIRECTION('',(0.769613827868109,0.0,-0.638509636539807));
#12235=DIRECTION('',(0.0,0.0,1.0));
#12236=CARTESIAN_POINT('',(-3.74,0.025,2.354697035713));
#12237=DIRECTION('',(0.0,-1.0,0.0));
#12238=DIRECTION('',(1.0,0.0,0.0));
#12239=DIRECTION('',(-0.769613827868109,0.0,0.638509636539807));
#12240=DIRECTION('',(-0.638509636539807,0.0,-0.769613827868109));
#12241=DIRECTION('',(-0.769613827868109,0.0,-0.638509636539807));
#12242=CARTESIAN_POINT('',(3.74,0.025,2.354697035713));
#12243=DIRECTION('',(0.0,-1.0,0.0));
#12244=DIRECTION('',(-0.638509636539807,0.0,0.769613827868109));
#12245=DIRECTION('',(0.0,0.0,-1.0));
#12246=DIRECTION('',(0.769613827868109,0.0,0.638509636539807));
#12247=DIRECTION('',(-0.638509636539807,0.0,0.769613827868109));
#12248=CARTESIAN_POINT('',(-3.644524343464,0.225,2.652298072692));
#12249=DIRECTION('',(0.638509636539807,0.0,0.769613827868109));
#12250=DIRECTION('',(-0.769613827868109,0.0,0.638509636539807));
#12251=DIRECTION('',(-0.638509636539807,0.0,-0.769613827868109));
#12252=CARTESIAN_POINT('',(-3.836077234426,0.225,2.421413924332));
#12253=DIRECTION('',(-0.638509636539807,-0.0,-0.769613827868109));
#12254=DIRECTION('',(0.0,-1.0,0.0));
#12255=DIRECTION('',(0.769613827868109,0.0,-0.638509636539807));
#12256=DIRECTION('',(0.0,-1.0,0.0));
#12257=DIRECTION('',(0.0,1.0,0.0));
#12258=CARTESIAN_POINT('',(-3.836077234426,0.425,2.421413924332));
#12259=DIRECTION('',(-0.638509636539807,0.0,-0.769613827868109));
#12260=DIRECTION('',(-0.769613827868109,-1.49880108324402E-14,0.638509636539807));
#12261=DIRECTION('',(0.638509636539807,0.0,0.769613827868109));
#12262=DIRECTION('',(0.638509636539807,0.0,0.769613827868109));
#12263=CARTESIAN_POINT('',(-3.644524343464,0.425,2.652298072692));
#12264=DIRECTION('',(0.638509636539807,-0.0,0.769613827868109));
#12265=DIRECTION('',(0.0,1.0,0.0));
#12266=DIRECTION('',(0.0,1.0,0.0));
#12267=DIRECTION('',(0.0,1.0,0.0));
#12268=DIRECTION('',(-0.769613827868109,0.0,0.638509636539807));
#12269=CARTESIAN_POINT('',(-3.74,0.625,2.354697035713));
#12270=DIRECTION('',(0.0,-1.0,0.0));
#12271=DIRECTION('',(1.0,0.0,0.0));
#12272=DIRECTION('',(0.0,0.0,1.0));
#12273=DIRECTION('',(0.769613827868109,0.0,0.638509636539807));
#12274=DIRECTION('',(0.0,0.0,-1.0));
#12275=CARTESIAN_POINT('',(3.74,0.625,2.354697035713));
#12276=DIRECTION('',(0.0,-1.0,0.0));
#12277=DIRECTION('',(-0.638509636539807,0.0,0.769613827868109));
#12278=DIRECTION('',(-0.769613827868109,0.0,-0.638509636539807));
#12279=DIRECTION('',(0.638509636539807,0.0,-0.769613827868109));
#12280=CARTESIAN_POINT('',(-3.45,-0.175,-0.26));
#12281=DIRECTION('',(-1.0,0.0,0.0));
#12282=DIRECTION('',(0.0,1.0,0.0));
#12283=DIRECTION('',(0.0,0.0,-1.0));
#12284=DIRECTION('',(0.0,1.0,0.0));
#12285=DIRECTION('',(0.0,0.0,1.0));
#12286=DIRECTION('',(0.0,1.0,0.0));
#12287=DIRECTION('',(0.0,0.0,-1.0));
#12288=CARTESIAN_POINT('',(-3.45,-0.175,0.66));
#12289=DIRECTION('',(-1.0,0.0,0.0));
#12290=DIRECTION('',(0.0,0.345177968644199,0.938537250173196));
#12291=DIRECTION('',(0.0,0.0,1.0));
#12292=DIRECTION('',(0.0,0.0,1.0));
#12293=DIRECTION('',(-1.0,0.0,0.0));
#12294=DIRECTION('',(0.0,0.0,1.0));
#12295=DIRECTION('',(1.0,0.0,0.0));
#12296=DIRECTION('',(1.0,0.0,0.0));
#12297=DIRECTION('',(0.0,0.0,1.0));
#12298=DIRECTION('',(-1.0,0.0,0.0));
#12299=CARTESIAN_POINT('',(3.75,-0.175,0.66));
#12300=DIRECTION('',(-1.0,0.0,0.0));
#12301=DIRECTION('',(0.0,0.345177968644199,0.938537250173196));
#12302=DIRECTION('',(1.0,0.0,0.0));
#12303=CARTESIAN_POINT('',(3.45,-0.175,0.66));
#12304=DIRECTION('',(1.0,0.0,0.0));
#12305=DIRECTION('',(0.0,1.0,0.0));
#12306=DIRECTION('',(0.0,0.0,1.0));
#12307=DIRECTION('',(0.0,1.0,0.0));
#12308=DIRECTION('',(0.0,0.0,1.0));
#12309=DIRECTION('',(0.0,-1.0,0.0));
#12310=DIRECTION('',(0.0,0.0,1.0));
#12311=CARTESIAN_POINT('',(3.45,-0.175,-0.26));
#12312=DIRECTION('',(1.0,0.0,0.0));
#12313=DIRECTION('',(0.0,0.345177968644199,-0.938537250173196));
#12314=DIRECTION('',(-1.0,0.0,0.0));
#12315=CARTESIAN_POINT('',(3.75,-0.175,-0.26));
#12316=DIRECTION('',(-1.0,0.0,0.0));
#12317=DIRECTION('',(0.0,1.0,0.0));
#12318=DIRECTION('',(0.0,1.0,0.0));
#12319=DIRECTION('',(0.0,0.0,1.0));
#12320=DIRECTION('',(0.0,-1.0,0.0));
#12321=DIRECTION('',(0.0,0.0,1.0));
#12322=DIRECTION('',(0.0,0.0,1.0));
#12323=DIRECTION('',(0.0,0.0,1.0));
#12324=CARTESIAN_POINT('',(3.2,-0.07144660940673,0.96));
#12325=DIRECTION('',(0.0,0.0,1.0));
#12326=DIRECTION('',(0.707106781186597,-0.707106781186498,0.0));
#12327=DIRECTION('',(0.0,0.0,1.0));
#12328=CARTESIAN_POINT('',(3.2,-0.07144660940673,-2.35));
#12329=DIRECTION('',(0.0,0.0,1.0));
#12330=DIRECTION('',(0.707106781186548,-0.707106781186548,0.0));
#12331=CARTESIAN_POINT('',(3.2,-0.07144660940673,-0.56));
#12332=DIRECTION('',(0.0,0.0,1.0));
#12333=DIRECTION('',(0.707106781186548,-0.707106781186548,0.0));
#12334=DIRECTION('',(0.707106781186548,0.707106781186548,0.0));
#12335=CARTESIAN_POINT('',(2.596446609407,-0.675,0.96));
#12336=DIRECTION('',(0.0,0.0,1.0));
#12337=DIRECTION('',(0.0,-1.0,0.0));
#12338=DIRECTION('',(-1.0,0.0,0.0));
#12339=DIRECTION('',(0.0,1.0,0.0));
#12340=DIRECTION('',(-1.0,0.0,0.0));
#12341=CARTESIAN_POINT('',(2.596446609407,-0.675,0.96));
#12342=DIRECTION('',(0.0,0.0,1.0));
#12343=DIRECTION('',(0.0,-1.0,0.0));
#12344=DIRECTION('',(-0.707106781186548,-0.707106781186548,0.0));
#12345=CARTESIAN_POINT('',(3.2,-0.07144660940673,0.96));
#12346=DIRECTION('',(0.0,0.0,1.0));
#12347=DIRECTION('',(0.707106781186498,-0.707106781186598,0.0));
#12348=DIRECTION('',(0.0,0.0,1.0));
#12349=CARTESIAN_POINT('',(3.2,-0.07144660940673,-2.35));
#12350=DIRECTION('',(0.0,0.0,-1.0));
#12351=DIRECTION('',(1.0,0.0,0.0));
#12352=DIRECTION('',(8.87264453296916E-05,8.87264453298916E-05,0.999999992127618));
#12353=CARTESIAN_POINT('',(3.2,-0.07144660940673,-0.56));
#12354=DIRECTION('',(0.0,0.0,1.0));
#12355=DIRECTION('',(0.707106781186498,-0.707106781186598,0.0));
#12356=DIRECTION('',(0.0,0.0,1.0));
#12357=DIRECTION('',(0.0,0.0,1.0));
#12358=DIRECTION('',(0.0,0.0,1.0));
#12359=DIRECTION('',(-0.707106781186548,-0.707106781186548,0.0));
#12360=DIRECTION('',(-0.707106781186548,-0.707106781186548,0.0));
#12361=DIRECTION('',(0.0,0.0,1.0));
#12362=DIRECTION('',(0.0,0.0,1.0));
#12363=CARTESIAN_POINT('',(2.596446609407,-0.675,-0.56));
#12364=DIRECTION('',(0.0,0.0,1.0));
#12365=DIRECTION('',(0.0,-1.0,0.0));
#12366=CARTESIAN_POINT('',(2.596446609407,-0.675,-1.53));
#12367=DIRECTION('',(0.0,0.0,1.0));
#12368=DIRECTION('',(0.0,-1.0,0.0));
#12369=DIRECTION('',(1.0,0.0,0.0));
#12370=CARTESIAN_POINT('',(1.71,-0.925,-1.21));
#12371=DIRECTION('',(0.0,-1.0,0.0));
#12372=DIRECTION('',(0.661437827766121,0.0,0.750000000000024));
#12373=DIRECTION('',(-1.0,0.0,0.0));
#12374=DIRECTION('',(0.0,0.0,1.0));
#12375=CARTESIAN_POINT('',(0.15,-0.925,-0.4251545734901));
#12376=DIRECTION('',(0.0,-1.0,0.0));
#12377=DIRECTION('',(0.566528822887074,0.0,0.824041924199362));
#12378=DIRECTION('',(0.824041924199362,0.0,-0.566528822887074));
#12379=CARTESIAN_POINT('',(0.65,-0.925,-0.4048454265099));
#12380=DIRECTION('',(0.0,-1.0,-0.0));
#12381=DIRECTION('',(-0.566528822887074,0.0,-0.824041924199362));
#12382=DIRECTION('',(0.0,0.0,1.0));
#12383=CARTESIAN_POINT('',(0.65,-0.925,1.72484542651));
#12384=DIRECTION('',(0.0,-1.0,0.0));
#12385=DIRECTION('',(1.0,0.0,0.0));
#12386=DIRECTION('',(-0.824041924199362,0.0,-0.566528822887074));
#12387=CARTESIAN_POINT('',(0.15,-0.925,1.74515457349));
#12388=DIRECTION('',(0.0,-1.0,0.0));
#12389=DIRECTION('',(-1.0,0.0,0.0));
#12390=DIRECTION('',(0.0,0.0,-1.0));
#12391=DIRECTION('',(-1.0,0.0,0.0));
#12392=DIRECTION('',(0.0,0.0,-1.0));
#12393=CARTESIAN_POINT('',(2.4,-0.925,0.81));
#12394=DIRECTION('',(0.0,-1.0,0.0));
#12395=DIRECTION('',(0.0,0.0,1.0));
#12396=DIRECTION('',(0.0,3.330669073875E-14,-1.0));
#12397=CARTESIAN_POINT('',(2.4,-0.925,0.8));
#12398=DIRECTION('',(0.0,1.0,0.0));
#12399=DIRECTION('',(0.0,0.0,-1.0));
#12400=DIRECTION('',(-1.0,0.0,0.0));
#12401=CARTESIAN_POINT('',(3.7,-0.925,0.45));
#12402=DIRECTION('',(0.0,-1.0,0.0));
#12403=DIRECTION('',(1.0,0.0,0.0));
#12404=DIRECTION('',(0.0,0.0,1.0));
#12405=CARTESIAN_POINT('',(3.7,-0.925,-0.05));
#12406=DIRECTION('',(0.0,-1.0,0.0));
#12407=DIRECTION('',(0.0,0.0,-1.0));
#12408=DIRECTION('',(1.0,0.0,0.0));
#12409=CARTESIAN_POINT('',(2.4,-0.925,-0.4));
#12410=DIRECTION('',(0.0,1.0,0.0));
#12411=DIRECTION('',(-1.0,0.0,0.0));
#12412=DIRECTION('',(0.0,-3.330669073875E-14,-1.0));
#12413=CARTESIAN_POINT('',(2.4,-0.925,-0.41));
#12414=DIRECTION('',(0.0,-1.0,0.0));
#12415=DIRECTION('',(-1.0,0.0,0.0));
#12416=DIRECTION('',(-1.0,0.0,0.0));
#12417=DIRECTION('',(1.0,0.0,0.0));
#12418=DIRECTION('',(0.0,0.0,-1.0));
#12419=DIRECTION('',(1.0,0.0,0.0));
#12420=DIRECTION('',(0.0,0.0,1.0));
#12421=DIRECTION('',(1.0,0.0,0.0));
#12422=CARTESIAN_POINT('',(-2.4,-0.925,-0.41));
#12423=DIRECTION('',(0.0,-1.0,0.0));
#12424=DIRECTION('',(0.0,0.0,-1.0));
#12425=DIRECTION('',(0.0,3.330669073875E-14,1.0));
#12426=CARTESIAN_POINT('',(-2.4,-0.925,-0.4));
#12427=DIRECTION('',(0.0,1.0,0.0));
#12428=DIRECTION('',(0.0,0.0,1.0));
#12429=DIRECTION('',(1.0,0.0,0.0));
#12430=CARTESIAN_POINT('',(-3.7,-0.925,-0.05));
#12431=DIRECTION('',(0.0,-1.0,0.0));
#12432=DIRECTION('',(-1.0,0.0,0.0));
#12433=DIRECTION('',(0.0,0.0,-1.0));
#12434=CARTESIAN_POINT('',(-3.7,-0.925,0.45));
#12435=DIRECTION('',(0.0,-1.0,0.0));
#12436=DIRECTION('',(0.0,0.0,1.0));
#12437=DIRECTION('',(-1.0,0.0,0.0));
#12438=CARTESIAN_POINT('',(-2.4,-0.925,0.8));
#12439=DIRECTION('',(-0.0,1.0,0.0));
#12440=DIRECTION('',(1.0,0.0,0.0));
#12441=DIRECTION('',(0.0,-3.330669073875E-14,1.0));
#12442=CARTESIAN_POINT('',(-2.4,-0.925,0.81));
#12443=DIRECTION('',(0.0,-1.0,0.0));
#12444=DIRECTION('',(1.0,0.0,0.0));
#12445=DIRECTION('',(1.0,0.0,0.0));
#12446=DIRECTION('',(0.0,0.0,1.0));
#12447=DIRECTION('',(0.0,0.0,-1.0));
#12448=DIRECTION('',(-1.0,0.0,0.0));
#12449=DIRECTION('',(0.0,0.0,-1.0));
#12450=CARTESIAN_POINT('',(0.15,-0.925,1.74515457349));
#12451=DIRECTION('',(0.0,-1.0,0.0));
#12452=DIRECTION('',(-1.0,0.0,0.0));
#12453=DIRECTION('',(0.824041924199362,0.0,0.566528822887074));
#12454=CARTESIAN_POINT('',(0.65,-0.925,1.72484542651));
#12455=DIRECTION('',(0.0,-1.0,0.0));
#12456=DIRECTION('',(1.0,0.0,0.0));
#12457=DIRECTION('',(0.0,0.0,-1.0));
#12458=CARTESIAN_POINT('',(0.65,-0.925,-0.4048454265099));
#12459=DIRECTION('',(0.0,-1.0,-0.0));
#12460=DIRECTION('',(-0.566528822887074,0.0,-0.824041924199362));
#12461=DIRECTION('',(-0.824041924199362,0.0,0.566528822887074));
#12462=CARTESIAN_POINT('',(0.15,-0.925,-0.4251545734901));
#12463=DIRECTION('',(0.0,-1.0,0.0));
#12464=DIRECTION('',(0.566528822887074,0.0,0.824041924199362));
#12465=DIRECTION('',(0.0,0.0,-1.0));
#12466=DIRECTION('',(-1.0,0.0,0.0));
#12467=CARTESIAN_POINT('',(-1.71,-0.925,-1.21));
#12468=DIRECTION('',(0.0,-1.0,0.0));
#12469=DIRECTION('',(0.0,0.0,1.0));
#12470=DIRECTION('',(1.0,0.0,0.0));
#12471=DIRECTION('',(0.0,0.0,1.0));
#12472=DIRECTION('',(0.0,-1.0,4.440892098501E-14));
#12473=DIRECTION('',(0.0,-1.0,0.0));
#12474=DIRECTION('',(0.0,0.0,-1.0));
#12475=DIRECTION('',(0.0,-1.0,0.0));
#12476=DIRECTION('',(0.0,0.0,-1.0));
#12477=DIRECTION('',(0.0,1.0,0.0));
#12478=DIRECTION('',(0.0,0.0,1.0));
#12479=DIRECTION('',(1.0,0.0,0.0));
#12480=DIRECTION('',(1.0,0.0,0.0));
#12481=DIRECTION('',(0.0,0.0,1.0));
#12482=DIRECTION('',(1.0,0.0,0.0));
#12483=DIRECTION('',(1.0,0.0,0.0));
#12484=DIRECTION('',(0.0,0.0,1.0));
#12485=DIRECTION('',(1.0,0.0,0.0));
#12486=DIRECTION('',(1.0,0.0,0.0));
#12487=DIRECTION('',(0.0,0.0,1.0));
#12488=DIRECTION('',(0.0,1.0,0.0));
#12489=DIRECTION('',(1.0,0.0,0.0));
#12490=DIRECTION('',(0.0,1.0,0.0));
#12491=DIRECTION('',(1.0,0.0,0.0));
#12492=DIRECTION('',(0.0,1.0,0.0));
#12493=DIRECTION('',(1.0,0.0,0.0));
#12494=DIRECTION('',(0.0,1.0,0.0));
#12495=DIRECTION('',(1.0,0.0,0.0));
#12496=DIRECTION('',(0.0,1.0,0.0));
#12497=DIRECTION('',(1.0,0.0,0.0));
#12498=DIRECTION('',(0.0,1.0,0.0));
#12499=DIRECTION('',(1.0,0.0,0.0));
#12500=DIRECTION('',(0.0,1.0,0.0));
#12501=DIRECTION('',(1.0,0.0,0.0));
#12502=DIRECTION('',(0.0,1.0,0.0));
#12503=DIRECTION('',(1.0,0.0,0.0));
#12504=DIRECTION('',(0.0,1.0,0.0));
#12505=DIRECTION('',(1.0,0.0,0.0));
#12506=CARTESIAN_POINT('',(-1.55,0.245,-1.15));
#12507=DIRECTION('',(0.0,0.0,1.0));
#12508=DIRECTION('',(-1.0,0.0,0.0));
#12509=DIRECTION('',(0.0,-1.0,0.0));
#12510=CARTESIAN_POINT('',(-1.55,0.445,-1.15));
#12511=DIRECTION('',(0.0,-0.0,1.0));
#12512=DIRECTION('',(0.0,1.0,0.0));
#12513=DIRECTION('',(-1.0,0.0,0.0));
#12514=DIRECTION('',(0.0,1.0,0.0));
#12515=DIRECTION('',(-1.0,0.0,0.0));
#12516=CARTESIAN_POINT('',(-3.095,0.57,-1.15));
#12517=DIRECTION('',(0.0,-0.0,1.0));
#12518=DIRECTION('',(0.0,1.0,0.0));
#12519=DIRECTION('',(0.0,-1.0,0.0));
#12520=CARTESIAN_POINT('',(-3.195,-0.06937554159486,-1.15));
#12521=DIRECTION('',(0.0,0.0,1.0));
#12522=DIRECTION('',(-1.0,0.0,0.0));
#12523=DIRECTION('',(0.707106781186548,-0.707106781186548,0.0));
#12524=CARTESIAN_POINT('',(-2.594375541595,-0.67,-1.15));
#12525=DIRECTION('',(0.0,0.0,1.0));
#12526=DIRECTION('',(-0.707106781186548,-0.707106781186548,0.0));
#12527=DIRECTION('',(0.0,-1.0,0.0));
#12528=DIRECTION('',(0.0,-1.0,0.0));
#12529=DIRECTION('',(-1.0,0.0,0.0));
#12530=DIRECTION('',(0.0,-1.0,0.0));
#12531=CARTESIAN_POINT('',(2.594375541595,-0.67,-1.15));
#12532=DIRECTION('',(0.0,0.0,1.0));
#12533=DIRECTION('',(0.0,-1.0,0.0));
#12534=DIRECTION('',(0.707106781186548,0.707106781186548,0.0));
#12535=CARTESIAN_POINT('',(3.195,-0.06937554159486,-1.15));
#12536=DIRECTION('',(0.0,0.0,1.0));
#12537=DIRECTION('',(0.707106781186548,-0.707106781186548,0.0));
#12538=DIRECTION('',(0.0,1.0,0.0));
#12539=CARTESIAN_POINT('',(3.095,0.57,-1.15));
#12540=DIRECTION('',(0.0,0.0,1.0));
#12541=DIRECTION('',(1.0,0.0,0.0));
#12542=DIRECTION('',(-1.0,0.0,0.0));
#12543=DIRECTION('',(0.0,-1.0,0.0));
#12544=DIRECTION('',(-1.0,0.0,0.0));
#12545=CARTESIAN_POINT('',(1.55,0.445,-1.15));
#12546=DIRECTION('',(0.0,0.0,1.0));
#12547=DIRECTION('',(1.0,0.0,0.0));
#12548=DIRECTION('',(0.0,1.0,0.0));
#12549=CARTESIAN_POINT('',(1.55,0.245,-1.15));
#12550=DIRECTION('',(0.0,0.0,1.0));
#12551=DIRECTION('',(0.0,-1.0,0.0));
#12552=DIRECTION('',(1.0,0.0,0.0));
#12553=DIRECTION('',(0.0,1.0,0.0));
#12554=DIRECTION('',(1.0,0.0,0.0));
#12555=DIRECTION('',(0.0,0.0,1.0));
#12556=DIRECTION('',(1.0,0.0,0.0));
#12557=DIRECTION('',(0.0,0.0,1.0));
#12558=DIRECTION('',(0.0,0.0,1.0));
#12559=DIRECTION('',(1.110223024625E-14,1.0,0.0));
#12560=CARTESIAN_POINT('',(1.115,0.245,1.35));
#12561=DIRECTION('',(1.0,0.0,-0.0));
#12562=DIRECTION('',(0.0,0.0,1.0));
#12563=DIRECTION('',(0.0,0.0,1.0));
#12564=CARTESIAN_POINT('',(1.115,0.265,1.05));
#12565=DIRECTION('',(1.0,0.0,-0.0));
#12566=DIRECTION('',(0.0,0.0,1.0));
#12567=CARTESIAN_POINT('',(1.485,0.265,1.05));
#12568=DIRECTION('',(1.0,0.0,-0.0));
#12569=DIRECTION('',(0.0,0.0,1.0));
#12570=DIRECTION('',(1.0,0.0,0.0));
#12571=DIRECTION('',(0.0,0.0,1.0));
#12572=DIRECTION('',(1.0,0.0,0.0));
#12573=DIRECTION('',(0.0,1.0,0.0));
#12574=DIRECTION('',(1.0,0.0,0.0));
#12575=DIRECTION('',(0.0,1.0,0.0));
#12576=DIRECTION('',(-1.0,0.0,0.0));
#12577=DIRECTION('',(0.0,-1.0,0.0));
#12578=DIRECTION('',(1.0,0.0,0.0));
#12579=DIRECTION('',(0.0,1.0,0.0));
#12580=DIRECTION('',(1.0,0.0,0.0));
#12581=DIRECTION('',(0.0,1.0,0.0));
#12582=DIRECTION('',(1.0,0.0,0.0));
#12583=DIRECTION('',(0.0,1.0,0.0));
#12584=DIRECTION('',(1.0,0.0,0.0));
#12585=DIRECTION('',(0.0,1.0,0.0));
#12586=DIRECTION('',(1.0,0.0,0.0));
#12587=DIRECTION('',(0.0,1.0,0.0));
#12588=DIRECTION('',(1.0,0.0,0.0));
#12589=DIRECTION('',(0.0,1.0,0.0));
#12590=DIRECTION('',(1.0,0.0,0.0));
#12591=DIRECTION('',(0.0,1.0,0.0));
#12592=DIRECTION('',(1.0,0.0,0.0));
#12593=DIRECTION('',(0.0,1.0,0.0));
#12594=DIRECTION('',(1.0,0.0,0.0));
#12595=CARTESIAN_POINT('',(-1.55,0.245,1.35));
#12596=DIRECTION('',(1.0,0.0,-0.0));
#12597=DIRECTION('',(0.0,0.0,1.0));
#12598=DIRECTION('',(1.0,0.0,0.0));
#12599=CARTESIAN_POINT('',(-1.485,0.245,1.35));
#12600=DIRECTION('',(1.0,0.0,-0.0));
#12601=DIRECTION('',(0.0,0.0,1.0));
#12602=CARTESIAN_POINT('',(-1.115,0.245,1.35));
#12603=DIRECTION('',(1.0,0.0,-0.0));
#12604=DIRECTION('',(0.0,0.0,1.0));
#12605=DIRECTION('',(1.0,0.0,0.0));
#12606=CARTESIAN_POINT('',(-0.835,0.245,1.35));
#12607=DIRECTION('',(1.0,0.0,-0.0));
#12608=DIRECTION('',(0.0,0.0,1.0));
#12609=CARTESIAN_POINT('',(-0.465,0.245,1.35));
#12610=DIRECTION('',(1.0,0.0,-0.0));
#12611=DIRECTION('',(0.0,0.0,1.0));
#12612=DIRECTION('',(1.0,0.0,0.0));
#12613=CARTESIAN_POINT('',(-0.185,0.245,1.35));
#12614=DIRECTION('',(1.0,0.0,-0.0));
#12615=DIRECTION('',(0.0,0.0,1.0));
#12616=CARTESIAN_POINT('',(0.185,0.245,1.35));
#12617=DIRECTION('',(1.0,0.0,-0.0));
#12618=DIRECTION('',(0.0,0.0,1.0));
#12619=DIRECTION('',(1.0,0.0,0.0));
#12620=CARTESIAN_POINT('',(0.465,0.245,1.35));
#12621=DIRECTION('',(1.0,0.0,-0.0));
#12622=DIRECTION('',(0.0,0.0,1.0));
#12623=CARTESIAN_POINT('',(0.835,0.245,1.35));
#12624=DIRECTION('',(1.0,0.0,-0.0));
#12625=DIRECTION('',(0.0,0.0,1.0));
#12626=DIRECTION('',(1.0,0.0,0.0));
#12627=DIRECTION('',(1.0,0.0,0.0));
#12628=CARTESIAN_POINT('',(1.55,0.245,1.35));
#12629=DIRECTION('',(1.0,0.0,-0.0));
#12630=DIRECTION('',(0.0,0.0,1.0));
#12631=CARTESIAN_POINT('',(1.485,0.245,1.35));
#12632=DIRECTION('',(1.0,0.0,-0.0));
#12633=DIRECTION('',(0.0,0.0,1.0));
#12634=DIRECTION('',(0.0,0.0,1.0));
#12635=DIRECTION('',(0.0,0.0,1.0));
#12636=DIRECTION('',(0.0,0.0,1.0));
#12637=CARTESIAN_POINT('',(-1.485,0.265,1.05));
#12638=DIRECTION('',(1.0,0.0,-0.0));
#12639=DIRECTION('',(0.0,0.0,1.0));
#12640=DIRECTION('',(1.0,0.0,0.0));
#12641=CARTESIAN_POINT('',(-1.115,0.265,1.05));
#12642=DIRECTION('',(1.0,0.0,-0.0));
#12643=DIRECTION('',(0.0,0.0,1.0));
#12644=DIRECTION('',(1.0,0.0,0.0));
#12645=DIRECTION('',(0.0,0.0,1.0));
#12646=DIRECTION('',(0.0,0.0,1.0));
#12647=DIRECTION('',(0.0,0.0,1.0));
#12648=DIRECTION('',(3.625473254942E-11,0.0,1.0));
#12649=DIRECTION('',(0.0,0.0,1.0));
#12650=DIRECTION('',(0.0,0.0,1.0));
#12651=DIRECTION('',(0.0,0.0,1.0));
#12652=DIRECTION('',(0.0,0.0,1.0));
#12653=DIRECTION('',(0.0,0.0,1.0));
#12654=DIRECTION('',(0.0,0.0,1.0));
#12655=DIRECTION('',(-1.011119188377E-10,0.0,1.0));
#12656=DIRECTION('',(0.0,0.0,1.0));
#12657=DIRECTION('',(0.0,1.011120076555E-10,1.0));
#12658=CARTESIAN_POINT('',(-1.55,0.245,1.35));
#12659=DIRECTION('',(0.0,0.0,1.0));
#12660=DIRECTION('',(-1.0,0.0,0.0));
#12661=CARTESIAN_POINT('',(-1.55,0.245,1.35));
#12662=DIRECTION('',(0.0,-1.0,0.0));
#12663=DIRECTION('',(0.0,0.0,1.0));
#12664=CARTESIAN_POINT('',(-1.55,0.445,1.35));
#12665=DIRECTION('',(0.0,-1.0,0.0));
#12666=DIRECTION('',(0.0,0.0,1.0));
#12667=DIRECTION('',(0.0,-1.0,0.0));
#12668=DIRECTION('',(0.0,-3.625455491374E-11,1.0));
#12669=DIRECTION('',(1.011119188377E-10,0.0,1.0));
#12670=CARTESIAN_POINT('',(-1.55,0.445,1.35));
#12671=DIRECTION('',(0.0,-0.0,1.0));
#12672=DIRECTION('',(0.0,1.0,0.0));
#12673=CARTESIAN_POINT('',(-1.55,0.445,1.35));
#12674=DIRECTION('',(-1.0,0.0,0.0));
#12675=DIRECTION('',(0.0,0.0,1.0));
#12676=CARTESIAN_POINT('',(1.55,0.445,1.35));
#12677=DIRECTION('',(-1.0,0.0,0.0));
#12678=DIRECTION('',(0.0,0.0,1.0));
#12679=DIRECTION('',(-1.0,0.0,0.0));
#12680=DIRECTION('',(-3.625473254942E-11,0.0,1.0));
#12681=DIRECTION('',(-0.707106781186548,0.0,-0.707106781186548));
#12682=DIRECTION('',(0.0,0.0,-1.0));
#12683=CARTESIAN_POINT('',(0.16,0.645,-1.5));
#12684=DIRECTION('',(-0.0,1.0,0.0));
#12685=DIRECTION('',(1.0,0.0,0.0));
#12686=DIRECTION('',(-1.0,0.0,0.0));
#12687=CARTESIAN_POINT('',(-0.16,0.645,-1.5));
#12688=DIRECTION('',(0.0,1.0,0.0));
#12689=DIRECTION('',(0.0,0.0,-1.0));
#12690=DIRECTION('',(0.0,0.0,1.0));
#12691=DIRECTION('',(-0.707106781186548,0.0,0.707106781186548));
#12692=DIRECTION('',(0.707106781186548,0.0,-0.707106781186548));
#12693=DIRECTION('',(0.0,1.0,0.0));
#12694=DIRECTION('',(0.0,-1.0,0.0));
#12695=DIRECTION('',(0.0,0.0,1.0));
#12696=CARTESIAN_POINT('',(-0.41,0.925,-1.38));
#12697=DIRECTION('',(1.0,0.0,-0.0));
#12698=DIRECTION('',(0.0,0.0,1.0));
#12699=DIRECTION('',(0.0,0.0,-1.0));
#12700=DIRECTION('',(0.0,1.0,0.0));
#12701=DIRECTION('',(0.0,1.0,0.0));
#12702=DIRECTION('',(-1.0,0.0,0.0));
#12703=DIRECTION('',(1.0,0.0,0.0));
#12704=DIRECTION('',(-1.0,0.0,0.0));
#12705=DIRECTION('',(0.0,0.0,1.0));
#12706=DIRECTION('',(1.0,0.0,0.0));
#12707=DIRECTION('',(0.0,0.0,1.0));
#12708=DIRECTION('',(-1.0,0.0,0.0));
#12709=DIRECTION('',(0.0,0.0,1.0));
#12710=DIRECTION('',(-1.0,0.0,0.0));
#12711=DIRECTION('',(0.0,0.0,1.0));
#12712=DIRECTION('',(0.0,0.0,1.0));
#12713=DIRECTION('',(-1.0,0.0,0.0));
#12714=DIRECTION('',(0.0,-2.306361629794E-14,1.0));
#12715=DIRECTION('',(0.0,0.0,1.0));
#12716=DIRECTION('',(-1.0,0.0,0.0));
#12717=DIRECTION('',(0.0,0.0,1.0));
#12718=DIRECTION('',(-1.0,0.0,0.0));
#12719=DIRECTION('',(0.0,0.0,1.0));
#12720=DIRECTION('',(1.0,0.0,0.0));
#12721=DIRECTION('',(0.0,0.0,1.0));
#12722=DIRECTION('',(1.0,0.0,0.0));
#12723=CARTESIAN_POINT('',(-1.9,0.925,1.225));
#12724=DIRECTION('',(0.0,1.0,0.0));
#12725=DIRECTION('',(0.0,0.0,1.0));
#12726=DIRECTION('',(-1.0,0.0,0.0));
#12727=DIRECTION('',(0.0,0.0,-1.0));
#12728=DIRECTION('',(-1.0,0.0,0.0));
#12729=DIRECTION('',(0.0,0.0,1.0));
#12730=DIRECTION('',(-1.0,0.0,0.0));
#12731=CARTESIAN_POINT('',(-2.85,0.925,1.225));
#12732=DIRECTION('',(0.0,1.0,0.0));
#12733=DIRECTION('',(0.0,0.0,-1.0));
#12734=DIRECTION('',(1.0,0.0,0.0));
#12735=DIRECTION('',(0.0,0.0,1.0));
#12736=DIRECTION('',(1.0,0.0,0.0));
#12737=DIRECTION('',(0.0,0.0,-1.0));
#12738=DIRECTION('',(1.0,0.0,0.0));
#12739=CARTESIAN_POINT('',(2.85,0.925,1.225));
#12740=DIRECTION('',(0.0,1.0,0.0));
#12741=DIRECTION('',(0.0,0.0,1.0));
#12742=DIRECTION('',(-1.0,0.0,0.0));
#12743=DIRECTION('',(0.0,0.0,-1.0));
#12744=DIRECTION('',(-1.0,0.0,0.0));
#12745=DIRECTION('',(0.0,0.0,1.0));
#12746=DIRECTION('',(-1.0,0.0,0.0));
#12747=CARTESIAN_POINT('',(1.9,0.925,1.225));
#12748=DIRECTION('',(0.0,1.0,0.0));
#12749=DIRECTION('',(0.0,0.0,-1.0));
#12750=DIRECTION('',(1.0,0.0,0.0));
#12751=DIRECTION('',(0.0,0.0,1.0));
#12752=DIRECTION('',(-1.0,0.0,0.0));
#12753=DIRECTION('',(0.0,0.0,-1.0));
#12754=DIRECTION('',(1.0,0.0,0.0));
#12755=DIRECTION('',(0.0,0.0,1.0));
#12756=DIRECTION('',(0.0,-0.866025403784317,0.50000000000021));
#12757=DIRECTION('',(0.0,0.0,-1.0));
#12758=DIRECTION('',(0.0,-1.0,0.0));
#12759=CARTESIAN_POINT('',(2.725,1.225,1.752598183049));
#12760=DIRECTION('',(-1.0,-0.0,0.0));
#12761=DIRECTION('',(0.0,-0.50000000000021,-0.866025403784317));
#12762=DIRECTION('',(-1.0,0.0,0.0));
#12763=CARTESIAN_POINT('',(2.025,1.225,1.752598183049));
#12764=DIRECTION('',(-1.0,-0.0,0.0));
#12765=DIRECTION('',(0.0,-0.50000000000021,-0.866025403784317));
#12766=DIRECTION('',(0.0,-1.0,0.0));
#12767=DIRECTION('',(0.0,0.0,1.0));
#12768=DIRECTION('',(0.0,-0.866025403784317,0.50000000000021));
#12769=DIRECTION('',(0.0,-0.866025403784317,0.50000000000021));
#12770=DIRECTION('',(-1.0,0.0,0.0));
#12771=DIRECTION('',(0.0,-0.866025403784317,0.50000000000021));
#12772=DIRECTION('',(0.0,0.0,1.0));
#12773=DIRECTION('',(0.0,-0.50000000000021,-0.866025403784317));
#12774=DIRECTION('',(0.0,-0.866025403784317,0.50000000000021));
#12775=CARTESIAN_POINT('',(2.525,1.355,1.446602540378));
#12776=DIRECTION('',(0.0,0.866025403784317,-0.50000000000021));
#12777=DIRECTION('',(0.0,0.50000000000021,0.866025403784317));
#12778=DIRECTION('',(0.0,-0.866025403784317,0.50000000000021));
#12779=DIRECTION('',(-1.0,0.0,0.0));
#12780=DIRECTION('',(0.0,0.866025403784317,-0.50000000000021));
#12781=DIRECTION('',(-1.0,0.0,0.0));
#12782=DIRECTION('',(0.0,0.0,-1.0));
#12783=DIRECTION('',(1.0,0.0,0.0));
#12784=DIRECTION('',(0.0,0.0,1.0));
#12785=DIRECTION('',(1.0,0.0,0.0));
#12786=DIRECTION('',(0.0,0.0,1.0));
#12787=DIRECTION('',(1.0,0.0,0.0));
#12788=DIRECTION('',(0.0,0.0,1.0));
#12789=DIRECTION('',(-1.0,0.0,0.0));
#12790=DIRECTION('',(0.0,0.0,1.0));
#12791=DIRECTION('',(1.0,0.0,0.0));
#12792=DIRECTION('',(0.0,0.0,1.0));
#12793=DIRECTION('',(1.0,0.0,0.0));
#12794=DIRECTION('',(0.0,0.0,1.0));
#12795=DIRECTION('',(1.0,0.0,0.0));
#12796=DIRECTION('',(0.0,0.0,1.0));
#12797=DIRECTION('',(1.0,0.0,0.0));
#12798=DIRECTION('',(0.0,0.0,1.0));
#12799=DIRECTION('',(0.0,0.0,1.0));
#12800=DIRECTION('',(1.0,0.0,0.0));
#12801=CARTESIAN_POINT('',(-2.85,1.225,1.225));
#12802=DIRECTION('',(0.0,1.0,0.0));
#12803=DIRECTION('',(0.0,0.0,-1.0));
#12804=DIRECTION('',(-1.0,0.0,0.0));
#12805=DIRECTION('',(0.0,0.0,1.0));
#12806=DIRECTION('',(-1.0,0.0,0.0));
#12807=DIRECTION('',(0.0,0.0,-1.0));
#12808=DIRECTION('',(-1.0,0.0,0.0));
#12809=CARTESIAN_POINT('',(-1.9,1.225,1.225));
#12810=DIRECTION('',(0.0,1.0,0.0));
#12811=DIRECTION('',(0.0,0.0,1.0));
#12812=DIRECTION('',(1.0,0.0,0.0));
#12813=DIRECTION('',(0.0,0.0,-1.0));
#12814=DIRECTION('',(0.0,0.0,1.0));
#12815=DIRECTION('',(1.0,0.0,0.0));
#12816=DIRECTION('',(1.0,0.0,0.0));
#12817=CARTESIAN_POINT('',(1.9,1.225,1.225));
#12818=DIRECTION('',(0.0,1.0,0.0));
#12819=DIRECTION('',(0.0,0.0,-1.0));
#12820=DIRECTION('',(-1.0,0.0,0.0));
#12821=DIRECTION('',(0.0,0.0,1.0));
#12822=DIRECTION('',(-1.0,0.0,0.0));
#12823=DIRECTION('',(0.0,0.0,-1.0));
#12824=DIRECTION('',(-1.0,0.0,0.0));
#12825=CARTESIAN_POINT('',(2.85,1.225,1.225));
#12826=DIRECTION('',(0.0,1.0,0.0));
#12827=DIRECTION('',(0.0,0.0,1.0));
#12828=DIRECTION('',(1.0,0.0,0.0));
#12829=DIRECTION('',(0.0,0.0,1.0));
#12830=CARTESIAN_POINT('',(-0.16,1.225,-1.5));
#12831=DIRECTION('',(0.0,1.0,0.0));
#12832=DIRECTION('',(0.0,0.0,-1.0));
#12833=DIRECTION('',(-1.0,0.0,0.0));
#12834=CARTESIAN_POINT('',(0.16,1.225,-1.5));
#12835=DIRECTION('',(-0.0,1.0,0.0));
#12836=DIRECTION('',(1.0,0.0,0.0));
#12837=DIRECTION('',(0.0,0.0,-1.0));
#12838=DIRECTION('',(1.0,0.0,0.0));
#12839=DIRECTION('',(0.0,0.0,1.0));
#12840=DIRECTION('',(0.0,-0.50000000000021,-0.866025403784317));
#12841=DIRECTION('',(0.0,0.866025403784317,-0.50000000000021));
#12842=CARTESIAN_POINT('',(2.225,1.355,1.446602540378));
#12843=DIRECTION('',(0.0,0.866025403784317,-0.50000000000021));
#12844=DIRECTION('',(-1.0,0.0,0.0));
#12845=DIRECTION('',(0.0,-1.0,0.0));
#12846=DIRECTION('',(0.0,-1.0,0.0));
#12847=DIRECTION('',(0.0,-1.0,0.0));
#12848=DIRECTION('',(0.0,-1.0,0.0));
#12849=DIRECTION('',(0.0,-1.0,0.0));
#12850=DIRECTION('',(0.0,-1.0,0.0));
#12851=DIRECTION('',(1.0,0.0,0.0));
#12852=DIRECTION('',(0.0,0.866025403784317,-0.50000000000021));
#12853=DIRECTION('',(0.0,-0.866025403784317,0.50000000000021));
#12854=DIRECTION('',(0.0,-0.866025403784317,0.50000000000021));
#12855=CARTESIAN_POINT('',(-2.225,1.355,1.446602540378));
#12856=DIRECTION('',(0.0,0.866025403784317,-0.50000000000021));
#12857=DIRECTION('',(0.0,0.50000000000021,0.866025403784317));
#12858=DIRECTION('',(0.0,-0.50000000000021,-0.866025403784317));
#12859=DIRECTION('',(1.0,0.0,0.0));
#12860=DIRECTION('',(0.0,-0.50000000000021,-0.866025403784317));
#12861=CARTESIAN_POINT('',(-2.525,1.355,1.446602540378));
#12862=DIRECTION('',(0.0,0.866025403784317,-0.50000000000021));
#12863=DIRECTION('',(-1.0,0.0,0.0));
#12864=DIRECTION('',(0.0,0.866025403784317,-0.50000000000021));
#12865=DIRECTION('',(0.0,-0.866025403784317,0.50000000000021));
#12866=DIRECTION('',(0.0,-0.866025403784317,0.50000000000021));
#12867=DIRECTION('',(0.0,-0.866025403784317,0.50000000000021));
#12868=DIRECTION('',(1.0,0.0,0.0));
#12869=DIRECTION('',(0.0,-0.866025403784317,0.50000000000021));
#12870=DIRECTION('',(0.0,-1.0,0.0));
#12871=CARTESIAN_POINT('',(-2.725,1.225,1.752598183049));
#12872=DIRECTION('',(-1.0,-0.0,0.0));
#12873=DIRECTION('',(0.0,-0.500000000000167,-0.866025403784342));
#12874=CARTESIAN_POINT('',(-2.025,1.225,1.752598183049));
#12875=DIRECTION('',(-1.0,-0.0,0.0));
#12876=DIRECTION('',(0.0,-0.50000000000021,-0.866025403784317));
#12877=DIRECTION('',(0.0,-1.0,0.0));
#12878=DIRECTION('',(0.0,-1.0,0.0));
#12879=DIRECTION('',(0.0,-1.0,0.0));
#12880=DIRECTION('',(0.0,-1.0,0.0));
#12881=DIRECTION('',(0.0,-1.0,0.0));
#12882=DIRECTION('',(0.0,-1.0,0.0));
#12883=DIRECTION('',(0.0,-1.0,0.0));
#12884=DIRECTION('',(1.0,0.0,0.0));
#12885=CARTESIAN_POINT('',(-1.21,0.925,-2.35));
#12886=DIRECTION('',(-1.0,0.0,0.0));
#12887=DIRECTION('',(0.0,1.0,0.0));
#12888=CARTESIAN_POINT('',(1.21,0.925,-2.35));
#12889=DIRECTION('',(1.0,0.0,0.0));
#12890=DIRECTION('',(0.0,0.0,-1.0));
#12891=DIRECTION('',(0.0,-1.0,0.0));
#12892=DIRECTION('',(-4.440892098501E-14,-1.0,0.0));
#12893=DIRECTION('',(0.0,0.0,1.0));
#12894=DIRECTION('',(0.0,1.0,0.0));
#12895=DIRECTION('',(0.0,0.0,1.0));
#12896=DIRECTION('',(0.0,1.0,0.0));
#12897=DIRECTION('',(0.0,0.0,-1.0));
#12898=DIRECTION('',(0.0,-1.0,0.0));
#12899=DIRECTION('',(0.866025403784429,-0.500000000000017,0.0));
#12900=DIRECTION('',(1.0,0.0,0.0));
#12901=CARTESIAN_POINT('',(2.45,-0.375,-2.65));
#12902=DIRECTION('',(0.0,0.0,-1.0));
#12903=DIRECTION('',(0.0,1.0,0.0));
#12904=DIRECTION('',(0.0,-1.0,0.0));
#12905=DIRECTION('',(-1.0,0.0,0.0));
#12906=DIRECTION('',(0.0,1.0,0.0));
#12907=DIRECTION('',(-1.0,0.0,0.0));
#12908=DIRECTION('',(0.0,-1.0,0.0));
#12909=DIRECTION('',(-1.0,0.0,0.0));
#12910=DIRECTION('',(0.0,1.0,0.0));
#12911=CARTESIAN_POINT('',(-2.45,-0.375,-2.65));
#12912=DIRECTION('',(0.0,0.0,-1.0));
#12913=DIRECTION('',(-1.0,0.0,0.0));
#12914=DIRECTION('',(1.0,0.0,0.0));
#12915=DIRECTION('',(0.866025403784429,0.500000000000017,0.0));
#12916=DIRECTION('',(0.0,1.0,0.0));
#12917=DIRECTION('',(0.0,0.0,-1.0));
#12918=DIRECTION('',(0.0,-1.0,0.0));
#12919=DIRECTION('',(0.0,0.0,1.0));
#12920=DIRECTION('',(0.0,-1.0,0.0));
#12921=DIRECTION('',(0.0,0.0,1.0));
#12922=DIRECTION('',(0.0,1.0,0.0));
#12923=DIRECTION('',(0.0,-1.0,0.0));
#12924=DIRECTION('',(0.0,-1.0,0.0));
#12925=DIRECTION('',(0.0,1.0,0.0));
#12926=DIRECTION('',(-0.819152044288969,-0.573576436351078,0.0));
#12927=CARTESIAN_POINT('',(2.32,0.825,-1.65));
#12928=DIRECTION('',(0.0,-0.0,1.0));
#12929=DIRECTION('',(0.0,1.0,0.0));
#12930=DIRECTION('',(0.0,1.0,0.0));
#12931=CARTESIAN_POINT('',(2.256940242224,1.025,-1.65));
#12932=DIRECTION('',(0.0,0.0,-1.0));
#12933=DIRECTION('',(-0.573576436351078,0.819152044288969,0.0));
#12934=DIRECTION('',(0.819152044289016,0.573576436351011,0.0));
#12935=DIRECTION('',(0.573576436351011,-0.819152044289016,0.0));
#12936=DIRECTION('',(0.819152044289016,-0.573576436351011,0.0));
#12937=CARTESIAN_POINT('',(-2.256940242224,1.025,-1.65));
#12938=DIRECTION('',(0.0,0.0,-1.0));
#12939=DIRECTION('',(0.0,1.0,0.0));
#12940=CARTESIAN_POINT('',(-2.32,0.825,-1.65));
#12941=DIRECTION('',(0.0,-0.0,1.0));
#12942=DIRECTION('',(0.573576436351011,0.819152044289016,0.0));
#12943=DIRECTION('',(-0.819152044289016,0.573576436351011,0.0));
#12944=DIRECTION('',(0.573576436351011,0.819152044289016,0.0));
#12945=CARTESIAN_POINT('',(1.647410565911,0.8423576436351,-1.75));
#12946=DIRECTION('',(-0.573576436351011,0.819152044289016,0.0));
#12947=DIRECTION('',(-0.819152044289016,-0.573576436351011,0.0));
#12948=DIRECTION('',(0.573576436351011,-0.819152044289016,0.0));
#12949=CARTESIAN_POINT('',(1.819483496816,0.5966120303484,-1.75));
#12950=DIRECTION('',(0.573576436351011,-0.819152044289016,0.0));
#12951=DIRECTION('',(0.0,0.0,1.0));
#12952=DIRECTION('',(0.0,0.0,1.0));
#12953=CARTESIAN_POINT('',(1.983313905674,0.7113273176186,-2.05));
#12954=DIRECTION('',(0.573576436351011,-0.819152044289016,0.0));
#12955=DIRECTION('',(-0.819152044289016,-0.573576436351011,0.0));
#12956=DIRECTION('',(-0.819152044288969,-0.573576436351078,0.0));
#12957=DIRECTION('',(0.0,0.0,1.0));
#12958=CARTESIAN_POINT('',(2.32,0.825,-2.35));
#12959=DIRECTION('',(0.0,-0.0,1.0));
#12960=DIRECTION('',(0.0,1.0,0.0));
#12961=DIRECTION('',(-0.819152044289016,0.573576436351011,0.0));
#12962=CARTESIAN_POINT('',(-2.32,0.825,-2.35));
#12963=DIRECTION('',(0.0,-0.0,1.0));
#12964=DIRECTION('',(0.573576436351011,0.819152044289016,0.0));
#12965=CARTESIAN_POINT('',(-3.2,0.675,-2.35));
#12966=DIRECTION('',(0.0,0.0,-1.0));
#12967=DIRECTION('',(-1.0,0.0,0.0));
#12968=CARTESIAN_POINT('',(-3.2,-0.07144660940673,-2.35));
#12969=DIRECTION('',(-0.0,0.0,-1.0));
#12970=DIRECTION('',(-0.705198375679636,-0.709010049956136,0.0));
#12971=DIRECTION('',(-0.707106781186548,0.707106781186548,0.0));
#12972=DIRECTION('',(1.0,0.0,0.0));
#12973=DIRECTION('',(0.707106781186597,-0.707106781186498,0.0));
#12974=CARTESIAN_POINT('',(-3.2,-0.07144660940673,-2.35));
#12975=DIRECTION('',(0.0,0.0,1.0));
#12976=DIRECTION('',(-1.0,0.0,0.0));
#12977=DIRECTION('',(0.0,-1.0,0.0));
#12978=CARTESIAN_POINT('',(-3.2,0.675,-2.35));
#12979=DIRECTION('',(0.0,-0.0,1.0));
#12980=DIRECTION('',(0.0,1.0,0.0));
#12981=CARTESIAN_POINT('',(-2.256940242224,1.025,-2.35));
#12982=DIRECTION('',(0.0,0.0,-1.0));
#12983=DIRECTION('',(0.0,1.0,0.0));
#12984=DIRECTION('',(0.819152044289016,-0.573576436351011,0.0));
#12985=DIRECTION('',(-0.573576436351011,-0.819152044289016,0.0));
#12986=DIRECTION('',(0.819152044289016,0.573576436351011,0.0));
#12987=CARTESIAN_POINT('',(2.256940242224,1.025,-2.35));
#12988=DIRECTION('',(0.0,0.0,-1.0));
#12989=DIRECTION('',(-0.573576436351078,0.819152044288969,0.0));
#12990=CARTESIAN_POINT('',(3.2,0.675,-2.35));
#12991=DIRECTION('',(0.0,0.0,1.0));
#12992=DIRECTION('',(1.0,0.0,0.0));
#12993=DIRECTION('',(0.707106781186597,0.707106781186498,0.0));
#12994=DIRECTION('',(1.0,0.0,0.0));
#12995=CARTESIAN_POINT('',(3.2,0.675,-2.35));
#12996=DIRECTION('',(0.0,0.0,-1.0));
#12997=DIRECTION('',(0.0,1.0,0.0));
#12998=DIRECTION('',(-0.573576436351011,0.819152044289016,0.0));
#12999=CARTESIAN_POINT('',(-1.811240974769,0.9570729309053,-2.05));
#13000=DIRECTION('',(0.573576436351011,0.819152044289016,0.0));
#13001=DIRECTION('',(0.819152044289016,-0.573576436351011,0.0));
#13002=DIRECTION('',(-0.573576436351011,-0.819152044289016,0.0));
#13003=CARTESIAN_POINT('',(-1.983313905674,0.7113273176186,-2.05));
#13004=DIRECTION('',(-0.573576436351011,-0.819152044289016,-0.0));
#13005=DIRECTION('',(0.0,0.0,-1.0));
#13006=DIRECTION('',(0.0,0.0,1.0));
#13007=DIRECTION('',(0.0,0.0,1.0));
#13008=CARTESIAN_POINT('',(-1.819483496816,0.5966120303484,-1.75));
#13009=DIRECTION('',(-0.573576436351011,-0.819152044289016,0.0));
#13010=DIRECTION('',(0.819152044289016,-0.573576436351011,0.0));
#13011=DIRECTION('',(0.573576436351011,0.819152044289016,0.0));
#13012=CARTESIAN_POINT('',(-1.647410565911,0.8423576436351,-1.75));
#13013=DIRECTION('',(0.573576436351011,0.819152044289016,-0.0));
#13014=DIRECTION('',(0.0,0.0,1.0));
#13015=DIRECTION('',(0.0,0.0,1.0));
#13016=DIRECTION('',(0.0,0.0,1.0));
#13017=DIRECTION('',(0.0,0.0,1.0));
#13018=DIRECTION('',(0.0,0.0,-1.0));
#13019=CARTESIAN_POINT('',(-3.75,-0.175,-0.26));
#13020=DIRECTION('',(1.0,0.0,0.0));
#13021=DIRECTION('',(0.0,0.345177968644199,-0.938537250173196));
#13022=CARTESIAN_POINT('',(-3.75,-0.175,0.66));
#13023=DIRECTION('',(1.0,0.0,0.0));
#13024=DIRECTION('',(0.0,1.0,0.0));
#13025=DIRECTION('',(0.0,0.0,-1.0));
#13026=DIRECTION('',(0.0,0.0,1.0));
#13027=CARTESIAN_POINT('',(-3.2,-0.07144660940673,-0.56));
#13028=DIRECTION('',(0.0,0.0,1.0));
#13029=DIRECTION('',(-0.982115603598602,-0.1882788919878,0.0));
#13030=DIRECTION('',(0.0,0.0,1.0));
#13031=CARTESIAN_POINT('',(-3.2,-0.07144660940673,0.96));
#13032=DIRECTION('',(0.0,0.0,1.0));
#13033=DIRECTION('',(-0.982115603598602,-0.1882788919878,0.0));
#13034=DIRECTION('',(-1.0,0.0,0.0));
#13035=DIRECTION('',(-8.87264453306816E-05,8.87264453305716E-05,0.999999992127618));
#13036=CARTESIAN_POINT('',(-3.2,-0.07144660940673,-0.56));
#13037=DIRECTION('',(0.0,0.0,1.0));
#13038=DIRECTION('',(-0.910179721124461,-0.414213562373082,0.0));
#13039=DIRECTION('',(0.0,0.0,1.0));
#13040=CARTESIAN_POINT('',(-3.2,-0.07144660940673,0.96));
#13041=DIRECTION('',(0.0,0.0,1.0));
#13042=DIRECTION('',(-0.910179721124461,-0.414213562373082,0.0));
#13043=DIRECTION('',(0.707106781186548,-0.707106781186548,0.0));
#13044=CARTESIAN_POINT('',(-2.596446609407,-0.675,-0.56));
#13045=DIRECTION('',(0.0,0.0,1.0));
#13046=DIRECTION('',(-0.707106781186548,-0.707106781186548,0.0));
#13047=DIRECTION('',(1.0,0.0,0.0));
#13048=DIRECTION('',(0.0,1.0,0.0));
#13049=CARTESIAN_POINT('',(-2.596446609407,-0.675,-0.56));
#13050=DIRECTION('',(0.0,0.0,1.0));
#13051=DIRECTION('',(-0.707106781186548,-0.707106781186548,0.0));
#13052=DIRECTION('',(-0.707106781186548,0.707106781186548,0.0));
#13053=DIRECTION('',(0.0,0.0,1.0));
#13054=DIRECTION('',(-0.707106781186548,0.707106781186548,0.0));
#13055=DIRECTION('',(0.0,0.0,1.0));
#13056=DIRECTION('',(0.0,0.0,1.0));
#13057=CARTESIAN_POINT('',(-2.596446609407,-0.675,0.96));
#13058=DIRECTION('',(0.0,0.0,1.0));
#13059=DIRECTION('',(-0.707106781186548,-0.707106781186548,0.0));
#13060=DIRECTION('',(0.0,1.0,0.0));
#13061=DIRECTION('',(1.0,0.0,0.0));
#13062=CARTESIAN_POINT('',(-2.596446609407,-0.675,0.96));
#13063=DIRECTION('',(0.0,0.0,1.0));
#13064=DIRECTION('',(-0.707106781186597,-0.707106781186498,0.0));
#13065=DIRECTION('',(0.707106781186548,-0.707106781186548,0.0));
#13066=DIRECTION('',(1.0,0.0,0.0));
#13067=DIRECTION('',(0.0,0.0,1.0));
#13068=DIRECTION('',(0.0,0.0,1.0));
#13069=DIRECTION('',(-0.707106781186548,0.707106781186548,0.0));
#13070=DIRECTION('',(0.0,0.0,1.0));
#13071=DIRECTION('',(0.0,0.0,1.0));
#13072=DIRECTION('',(0.0,0.0,1.0));
#13073=CARTESIAN_POINT('',(-2.596446609407,-0.675,-1.53));
#13074=DIRECTION('',(0.0,0.0,1.0));
#13075=DIRECTION('',(-0.707106781186597,-0.707106781186498,0.0));
#13076=DIRECTION('',(-1.0,0.0,0.0));
#13077=DIRECTION('',(0.0,0.0,-1.0));
#13078=DIRECTION('',(-1.0,0.0,0.0));
#13079=CARTESIAN_POINT('',(-2.4,-1.225,0.81));
#13080=DIRECTION('',(0.0,-1.0,0.0));
#13081=DIRECTION('',(1.0,0.0,0.0));
#13082=DIRECTION('',(0.0,0.0,1.0));
#13083=CARTESIAN_POINT('',(-2.4,-1.225,0.8));
#13084=DIRECTION('',(-0.0,1.0,0.0));
#13085=DIRECTION('',(1.0,0.0,0.0));
#13086=DIRECTION('',(-1.0,0.0,0.0));
#13087=CARTESIAN_POINT('',(-3.7,-1.225,0.45));
#13088=DIRECTION('',(0.0,-1.0,0.0));
#13089=DIRECTION('',(0.0,0.0,1.0));
#13090=DIRECTION('',(0.0,0.0,-1.0));
#13091=CARTESIAN_POINT('',(-3.7,-1.225,-0.05));
#13092=DIRECTION('',(0.0,-1.0,0.0));
#13093=DIRECTION('',(-1.0,0.0,0.0));
#13094=DIRECTION('',(1.0,0.0,0.0));
#13095=CARTESIAN_POINT('',(-2.4,-1.225,-0.4));
#13096=DIRECTION('',(0.0,1.0,0.0));
#13097=DIRECTION('',(0.0,0.0,1.0));
#13098=DIRECTION('',(0.0,0.0,1.0));
#13099=CARTESIAN_POINT('',(-2.4,-1.225,-0.41));
#13100=DIRECTION('',(0.0,-1.0,0.0));
#13101=DIRECTION('',(0.0,0.0,-1.0));
#13102=DIRECTION('',(1.0,0.0,0.0));
#13103=DIRECTION('',(0.0,0.0,1.0));
#13104=CARTESIAN_POINT('',(-1.71,-1.225,-1.21));
#13105=DIRECTION('',(0.0,-1.0,0.0));
#13106=DIRECTION('',(0.0,0.0,1.0));
#13107=DIRECTION('',(-1.0,0.0,0.0));
#13108=DIRECTION('',(0.0,0.0,-1.0));
#13109=DIRECTION('',(1.0,0.0,0.0));
#13110=DIRECTION('',(0.0,0.0,-1.0));
#13111=DIRECTION('',(-1.0,0.0,0.0));
#13112=DIRECTION('',(0.0,0.0,-1.0));
#13113=DIRECTION('',(1.0,0.0,0.0));
#13114=DIRECTION('',(0.0,0.0,-1.0));
#13115=DIRECTION('',(0.0,0.0,1.0));
#13116=DIRECTION('',(-1.0,0.0,0.0));
#13117=DIRECTION('',(0.0,0.0,1.0));
#13118=DIRECTION('',(1.0,0.0,0.0));
#13119=DIRECTION('',(0.0,0.0,1.0));
#13120=DIRECTION('',(-1.0,0.0,0.0));
#13121=CARTESIAN_POINT('',(1.71,-1.225,-1.21));
#13122=DIRECTION('',(0.0,-1.0,0.0));
#13123=DIRECTION('',(1.0,0.0,0.0));
#13124=DIRECTION('',(0.0,0.0,1.0));
#13125=DIRECTION('',(1.0,0.0,0.0));
#13126=DIRECTION('',(0.0,0.0,1.0));
#13127=DIRECTION('',(-1.0,0.0,0.0));
#13128=CARTESIAN_POINT('',(2.4,-1.225,-0.41));
#13129=DIRECTION('',(0.0,-1.0,0.0));
#13130=DIRECTION('',(-1.0,0.0,0.0));
#13131=DIRECTION('',(0.0,0.0,-1.0));
#13132=CARTESIAN_POINT('',(2.4,-1.225,-0.4));
#13133=DIRECTION('',(0.0,1.0,0.0));
#13134=DIRECTION('',(-1.0,0.0,0.0));
#13135=DIRECTION('',(1.0,0.0,0.0));
#13136=CARTESIAN_POINT('',(3.7,-1.225,-0.05));
#13137=DIRECTION('',(0.0,-1.0,0.0));
#13138=DIRECTION('',(0.0,0.0,-1.0));
#13139=DIRECTION('',(0.0,0.0,1.0));
#13140=CARTESIAN_POINT('',(3.7,-1.225,0.45));
#13141=DIRECTION('',(0.0,-1.0,0.0));
#13142=DIRECTION('',(1.0,0.0,0.0));
#13143=DIRECTION('',(-1.0,0.0,0.0));
#13144=CARTESIAN_POINT('',(2.4,-1.225,0.8));
#13145=DIRECTION('',(0.0,1.0,0.0));
#13146=DIRECTION('',(0.0,0.0,-1.0));
#13147=DIRECTION('',(0.0,0.0,-1.0));
#13148=CARTESIAN_POINT('',(2.4,-1.225,0.81));
#13149=DIRECTION('',(0.0,-1.0,0.0));
#13150=DIRECTION('',(0.0,0.0,1.0));
#13151=DIRECTION('',(0.0,0.0,1.0));
#13152=DIRECTION('',(-1.0,0.0,0.0));
#13153=DIRECTION('',(0.0,0.0,-1.0));
#13154=DIRECTION('',(-1.0,0.0,0.0));
#13155=DIRECTION('',(0.0,0.0,1.0));
#13156=DIRECTION('',(1.0,0.0,0.0));
#13157=DIRECTION('',(0.0,1.0,0.0));
#13158=DIRECTION('',(0.0,0.0,-1.0));
#13159=DIRECTION('',(0.0,1.0,0.0));
#13160=DIRECTION('',(0.0,-1.0,0.0));
#13161=DIRECTION('',(-1.0,0.0,0.0));
#13162=DIRECTION('',(0.0,1.0,0.0));
#13163=DIRECTION('',(-1.0,0.0,0.0));
#13164=DIRECTION('',(0.0,-1.0,0.0));
#13165=DIRECTION('',(0.0,0.0,1.0));
#13166=DIRECTION('',(0.0,1.0,0.0));
#13167=DIRECTION('',(0.0,1.0,0.0));
#13168=DIRECTION('',(1.0,0.0,0.0));
#13169=DIRECTION('',(1.0,0.0,0.0));
#13170=DIRECTION('',(0.0,1.0,0.0));
#13171=CARTESIAN_POINT('',(0.65,-1.125,-0.4048454265099));
#13172=DIRECTION('',(0.0,-1.0,-0.0));
#13173=DIRECTION('',(-0.566528822887074,0.0,-0.824041924199362));
#13174=DIRECTION('',(0.824041924199362,0.0,-0.566528822887074));
#13175=CARTESIAN_POINT('',(0.15,-1.125,-0.4251545734901));
#13176=DIRECTION('',(0.0,-1.0,0.0));
#13177=DIRECTION('',(0.566528822887074,0.0,0.824041924199362));
#13178=DIRECTION('',(0.0,0.0,-1.0));
#13179=DIRECTION('',(1.0,0.0,0.0));
#13180=DIRECTION('',(0.0,0.0,1.0));
#13181=DIRECTION('',(-1.0,0.0,0.0));
#13182=DIRECTION('',(0.0,0.0,-1.0));
#13183=DIRECTION('',(0.0,0.0,1.0));
#13184=DIRECTION('',(0.0,0.0,1.0));
#13185=CARTESIAN_POINT('',(0.15,-1.125,1.74515457349));
#13186=DIRECTION('',(0.0,-1.0,0.0));
#13187=DIRECTION('',(-1.0,0.0,0.0));
#13188=DIRECTION('',(-0.824041924199362,0.0,-0.566528822887074));
#13189=CARTESIAN_POINT('',(0.65,-1.125,1.72484542651));
#13190=DIRECTION('',(0.0,-1.0,0.0));
#13191=DIRECTION('',(1.0,0.0,0.0));
#13192=DIRECTION('',(0.0,0.0,-1.0));
#13193=CARTESIAN_POINT('',(0.65,-1.125,1.72484542651));
#13194=DIRECTION('',(0.0,-1.0,0.0));
#13195=DIRECTION('',(1.0,0.0,0.0));
#13196=DIRECTION('',(0.824041924199362,0.0,0.566528822887074));
#13197=CARTESIAN_POINT('',(0.15,-1.125,1.74515457349));
#13198=DIRECTION('',(0.0,-1.0,0.0));
#13199=DIRECTION('',(-1.0,0.0,0.0));
#13200=DIRECTION('',(0.0,0.0,1.0));
#13201=DIRECTION('',(-1.0,0.0,0.0));
#13202=DIRECTION('',(0.0,0.0,-1.0));
#13203=DIRECTION('',(1.0,0.0,0.0));
#13204=DIRECTION('',(0.0,0.0,-1.0));
#13205=CARTESIAN_POINT('',(0.15,-1.125,-0.4251545734901));
#13206=DIRECTION('',(0.0,-1.0,0.0));
#13207=DIRECTION('',(0.566528822887074,0.0,0.824041924199362));
#13208=DIRECTION('',(-0.824041924199362,0.0,0.566528822887074));
#13209=CARTESIAN_POINT('',(0.65,-1.125,-0.4048454265099));
#13210=DIRECTION('',(0.0,-1.0,-0.0));
#13211=DIRECTION('',(-0.566528822887074,0.0,-0.824041924199362));
#13212=DIRECTION('',(0.0,0.0,-1.0));
#13213=DIRECTION('',(0.0,1.0,0.0));
#13214=DIRECTION('',(0.0,1.0,0.0));
#13215=DIRECTION('',(0.0,1.0,0.0));
#13216=DIRECTION('',(0.0,1.0,0.0));
#13217=DIRECTION('',(0.0,1.0,0.0));
#13218=DIRECTION('',(0.0,1.0,0.0));
#13219=DIRECTION('',(0.0,-1.0,0.0));
#13220=DIRECTION('',(0.0,1.0,0.0));
#13221=DIRECTION('',(0.0,1.0,0.0));
#13222=DIRECTION('',(0.0,1.0,0.0));
#13223=DIRECTION('',(0.0,1.0,0.0));
#13224=DIRECTION('',(0.0,1.0,0.0));
#13225=DIRECTION('',(0.0,1.0,0.0));
#13226=DIRECTION('',(0.0,1.0,0.0));
#13227=DIRECTION('',(0.0,1.0,0.0));
#13228=DIRECTION('',(0.0,1.0,0.0));
#13229=DIRECTION('',(0.0,1.0,0.0));
#13230=DIRECTION('',(0.0,1.0,0.0));
#13231=DIRECTION('',(0.0,1.0,0.0));
#13232=CARTESIAN_POINT('',(-0.01,-1.215,2.354813742174));
#13233=DIRECTION('',(-1.0,0.0,0.0));
#13234=DIRECTION('',(0.0,0.623744157346272,0.781628573029664));
#13235=DIRECTION('',(0.0,-0.781628573029665,0.623744157346272));
#13236=DIRECTION('',(0.0,0.623744157346272,0.781628573029665));
#13237=DIRECTION('',(0.0,-0.781628573029665,0.623744157346272));
#13238=DIRECTION('',(0.0,-0.781628573029665,0.623744157346272));
#13239=CARTESIAN_POINT('',(2.3,-1.313674285394,2.420762596622));
#13240=DIRECTION('',(0.0,-0.623744157346272,-0.781628573029665));
#13241=DIRECTION('',(1.0,0.0,0.0));
#13242=DIRECTION('',(-1.0,0.0,0.0));
#13243=DIRECTION('',(0.0,-0.781628573029665,0.623744157346272));
#13244=DIRECTION('',(-1.0,0.0,0.0));
#13245=CARTESIAN_POINT('',(-2.3,-1.313674285394,2.420762596622));
#13246=DIRECTION('',(0.0,-0.623744157346272,-0.781628573029665));
#13247=DIRECTION('',(0.0,-0.781628573029665,0.623744157346272));
#13248=DIRECTION('',(0.0,-0.781628573029665,0.623744157346272));
#13249=DIRECTION('',(0.0,0.623744157346272,0.781628573029665));
#13250=DIRECTION('',(0.0,-0.781628573029665,0.623744157346272));
#13251=CARTESIAN_POINT('',(0.01,-1.215,2.354813742174));
#13252=DIRECTION('',(-1.0,0.0,0.0));
#13253=DIRECTION('',(0.0,0.623744157346272,0.781628573029664));
#13254=DIRECTION('',(0.0,1.0,0.0));
#13255=DIRECTION('',(0.0,1.0,0.0));
#13256=DIRECTION('',(0.0,1.0,0.0));
#13257=DIRECTION('',(-1.0,0.0,0.0));
#13258=CARTESIAN_POINT('',(2.5,-1.215,2.354813742174));
#13259=DIRECTION('',(-1.0,0.0,0.0));
#13260=DIRECTION('',(0.0,0.623744157346272,0.781628573029664));
#13261=CARTESIAN_POINT('',(-2.5,-1.215,2.354813742174));
#13262=DIRECTION('',(-1.0,0.0,0.0));
#13263=DIRECTION('',(0.0,0.623744157346272,0.781628573029664));
#13264=DIRECTION('',(-1.0,0.0,0.0));
#13265=DIRECTION('',(0.0,0.781628573029664,-0.623744157346272));
#13266=DIRECTION('',(0.0,-0.623744157346272,-0.781628573029665));
#13267=CARTESIAN_POINT('',(2.3,-1.12655103819,2.655251168531));
#13268=DIRECTION('',(0.0,0.623744157346272,0.781628573029665));
#13269=DIRECTION('',(0.0,-0.781628573029665,0.623744157346272));
#13270=DIRECTION('',(0.0,-0.623744157346272,-0.781628573029665));
#13271=DIRECTION('',(-1.0,0.0,0.0));
#13272=DIRECTION('',(-1.0,0.0,0.0));
#13273=DIRECTION('',(0.0,0.623744157346272,0.781628573029665));
#13274=DIRECTION('',(0.0,0.781628573029664,-0.623744157346272));
#13275=CARTESIAN_POINT('',(-2.3,-1.12655103819,2.655251168531));
#13276=DIRECTION('',(0.0,0.623744157346272,0.781628573029665));
#13277=DIRECTION('',(-1.0,0.0,0.0));
#13278=DIRECTION('',(0.0,0.623744157346272,0.781628573029665));
#13279=DIRECTION('',(0.0,1.0,0.0));
#13280=DIRECTION('',(0.0,1.0,0.0));
#13281=DIRECTION('',(0.0,1.0,0.0));
#13282=DIRECTION('',(0.0,-1.0,0.0));
#13283=DIRECTION('',(0.0,1.0,0.0));
#13284=DIRECTION('',(0.0,1.0,0.0));
#13285=CARTESIAN_POINT('',(1.71,-1.2,-1.21));
#13286=DIRECTION('',(0.0,-1.0,0.0));
#13287=DIRECTION('',(1.0,0.0,0.0));
#13288=DIRECTION('',(0.0,1.0,0.0));
#13289=DIRECTION('',(0.0,1.0,0.0));
#13290=DIRECTION('',(0.0,0.0,1.0));
#13291=CARTESIAN_POINT('',(-1.71,-1.2,-1.21));
#13292=DIRECTION('',(0.0,-1.0,0.0));
#13293=DIRECTION('',(-0.661437827766121,0.0,0.750000000000024));
#13294=DIRECTION('',(0.0,0.0,-1.0));
#13295=DIRECTION('',(-1.0,0.0,0.0));
#13296=DIRECTION('',(1.0,0.0,0.0));
#13297=DIRECTION('',(0.707106781186498,0.707106781186597,0.0));
#13298=CARTESIAN_POINT('',(2.596446609407,-0.675,-1.53));
#13299=DIRECTION('',(0.0,0.0,1.0));
#13300=DIRECTION('',(0.0,-1.0,0.0));
#13301=DIRECTION('',(0.0,1.0,0.0));
#13302=DIRECTION('',(1.0,0.0,0.0));
#13303=CARTESIAN_POINT('',(-2.596446609407,-0.675,-1.53));
#13304=DIRECTION('',(0.0,0.0,1.0));
#13305=DIRECTION('',(-0.6,-0.8,0.0));
#13306=DIRECTION('',(0.0,-1.0,0.0));
#13307=DIRECTION('',(-1.0,0.0,0.0));
#13308=DIRECTION('',(1.0,0.0,0.0));
#13309=DIRECTION('',(0.0,0.0,1.0));
#13310=DIRECTION('',(-1.0,0.0,0.0));
#13311=DIRECTION('',(0.0,0.0,-1.0));
#13312=DIRECTION('',(-1.0,0.0,0.0));
#13313=DIRECTION('',(0.0,0.0,1.0));
#13314=DIRECTION('',(1.0,0.0,0.0));
#13315=DIRECTION('',(0.0,0.0,1.0));
#13316=DIRECTION('',(-1.0,0.0,0.0));
#13317=DIRECTION('',(0.0,0.0,1.0));
#13318=DIRECTION('',(1.0,0.0,0.0));
#13319=DIRECTION('',(0.0,0.0,1.0));
#13320=DIRECTION('',(-1.0,0.0,0.0));
#13321=DIRECTION('',(0.0,0.0,1.0));
#13322=DIRECTION('',(1.0,0.0,0.0));
#13323=DIRECTION('',(0.0,0.0,1.0));
#13324=DIRECTION('',(-1.0,0.0,0.0));
#13325=DIRECTION('',(0.0,0.0,1.0));
#13326=DIRECTION('',(1.0,0.0,0.0));
#13327=DIRECTION('',(0.0,0.0,1.0));
#13328=DIRECTION('',(-1.0,0.0,0.0));
#13329=DIRECTION('',(0.0,0.0,1.0));
#13330=DIRECTION('',(0.0,0.965925826289076,0.258819045102493));
#13331=DIRECTION('',(0.0,-1.0,0.0));
#13332=DIRECTION('',(0.0,0.0,-1.0));
#13333=DIRECTION('',(-1.0,0.0,0.0));
#13334=DIRECTION('',(0.0,0.0,-1.0));
#13335=DIRECTION('',(-1.0,0.0,0.0));
#13336=DIRECTION('',(0.0,0.0,-1.0));
#13337=DIRECTION('',(0.0,0.0,-1.0));
#13338=DIRECTION('',(-1.0,0.0,0.0));
#13339=DIRECTION('',(0.0,0.0,-1.0));
#13340=DIRECTION('',(0.0,0.0,1.0));
#13341=DIRECTION('',(-1.0,0.0,0.0));
#13342=DIRECTION('',(0.0,0.0,-1.0));
#13343=DIRECTION('',(0.0,0.0,-1.0));
#13344=DIRECTION('',(-1.0,0.0,0.0));
#13345=DIRECTION('',(0.0,0.0,-1.0));
#13346=DIRECTION('',(0.0,0.0,1.0));
#13347=DIRECTION('',(-1.0,0.0,0.0));
#13348=DIRECTION('',(0.0,0.0,-1.0));
#13349=DIRECTION('',(0.0,0.0,-1.0));
#13350=DIRECTION('',(-1.0,0.0,0.0));
#13351=DIRECTION('',(0.0,0.0,-1.0));
#13352=DIRECTION('',(0.0,0.0,1.0));
#13353=DIRECTION('',(-1.0,0.0,0.0));
#13354=DIRECTION('',(0.0,0.0,-1.0));
#13355=DIRECTION('',(0.0,0.0,-1.0));
#13356=DIRECTION('',(-1.0,0.0,0.0));
#13357=DIRECTION('',(0.0,0.0,-1.0));
#13358=DIRECTION('',(0.0,0.0,1.0));
#13359=DIRECTION('',(-1.0,0.0,0.0));
#13360=DIRECTION('',(0.0,0.0,-1.0));
#13361=DIRECTION('',(0.0,0.0,1.0));
#13362=DIRECTION('',(-1.0,0.0,0.0));
#13363=DIRECTION('',(-1.0,0.0,0.0));
#13364=DIRECTION('',(0.0,0.0,-1.0));
#13365=DIRECTION('',(0.0,0.965925826289076,0.258819045102493));
#13366=DIRECTION('',(0.0,-1.0,0.0));
#13367=DIRECTION('',(0.0,-1.0,0.0));
#13368=DIRECTION('',(0.0,-1.0,0.0));
#13369=DIRECTION('',(0.0,-1.0,0.0));
#13370=DIRECTION('',(0.0,-1.0,0.0));
#13371=DIRECTION('',(0.0,-1.0,0.0));
#13372=DIRECTION('',(0.0,-1.0,0.0));
#13373=DIRECTION('',(0.0,-1.0,0.0));
#13374=DIRECTION('',(0.0,-1.0,0.0));
#13375=DIRECTION('',(0.0,-1.0,0.0));
#13376=DIRECTION('',(0.0,1.0,0.0));
#13377=DIRECTION('',(-1.0,0.0,0.0));
#13378=DIRECTION('',(0.0,-1.0,0.0));
#13379=DIRECTION('',(-1.0,0.0,0.0));
#13380=CARTESIAN_POINT('',(3.095,0.57,-2.35));
#13381=DIRECTION('',(0.0,0.0,1.0));
#13382=DIRECTION('',(1.0,0.0,0.0));
#13383=DIRECTION('',(0.0,1.0,0.0));
#13384=CARTESIAN_POINT('',(3.195,-0.06937554159486,-2.35));
#13385=DIRECTION('',(0.0,0.0,1.0));
#13386=DIRECTION('',(0.707106781186548,-0.707106781186548,0.0));
#13387=DIRECTION('',(0.707106781186547,0.707106781186547,0.0));
#13388=DIRECTION('',(0.0,1.0,0.0));
#13389=CARTESIAN_POINT('',(2.45,-0.375,-2.35));
#13390=DIRECTION('',(0.0,0.0,-1.0));
#13391=DIRECTION('',(0.0,1.0,0.0));
#13392=DIRECTION('',(1.0,0.0,0.0));
#13393=DIRECTION('',(0.866025403784429,-0.500000000000017,0.0));
#13394=DIRECTION('',(0.707106781186547,-0.707106781186547,0.0));
#13395=CARTESIAN_POINT('',(-3.195,-0.06937554159486,-2.35));
#13396=DIRECTION('',(0.0,0.0,1.0));
#13397=DIRECTION('',(-1.0,0.0,0.0));
#13398=DIRECTION('',(0.0,-1.0,0.0));
#13399=CARTESIAN_POINT('',(-3.095,0.57,-2.35));
#13400=DIRECTION('',(0.0,-0.0,1.0));
#13401=DIRECTION('',(0.0,1.0,0.0));
#13402=DIRECTION('',(-1.0,0.0,0.0));
#13403=DIRECTION('',(0.0,-1.0,0.0));
#13404=DIRECTION('',(-1.0,0.0,0.0));
#13405=DIRECTION('',(0.866025403784429,0.500000000000017,0.0));
#13406=DIRECTION('',(1.0,0.0,0.0));
#13407=CARTESIAN_POINT('',(-2.45,-0.375,-2.35));
#13408=DIRECTION('',(0.0,0.0,-1.0));
#13409=DIRECTION('',(-1.0,0.0,0.0));
#13410=DIRECTION('',(0.0,1.0,0.0));
#13411=DIRECTION('',(1.0,0.0,0.0));
#13412=DIRECTION('',(1.0,0.0,0.0));
#13413=DIRECTION('',(1.0,0.0,0.0));
#13414=DIRECTION('',(1.0,0.0,0.0));
#13415=DIRECTION('',(1.0,0.0,0.0));
#13416=DIRECTION('',(0.0,1.0,0.0));
#13417=DIRECTION('',(-1.0,0.0,0.0));
#13418=DIRECTION('',(0.0,1.0,0.0));
#13419=DIRECTION('',(0.866025403784429,-0.500000000000017,0.0));
#13420=DIRECTION('',(0.0,0.0,-1.0));
#13421=DIRECTION('',(0.0,0.0,-1.0));
#13422=DIRECTION('',(0.0,0.0,-1.0));
#13423=DIRECTION('',(0.0,-1.0,0.0));
#13424=DIRECTION('',(0.0,0.0,1.0));
#13425=DIRECTION('',(0.0,1.0,0.0));
#13426=DIRECTION('',(0.0,0.0,1.0));
#13427=CARTESIAN_POINT('',(3.0,-0.925,-2.35));
#13428=DIRECTION('',(1.0,0.0,0.0));
#13429=DIRECTION('',(0.0,-1.0,0.0));
#13430=CARTESIAN_POINT('',(1.925,-0.925,-2.35));
#13431=DIRECTION('',(-1.0,0.0,0.0));
#13432=DIRECTION('',(0.0,0.0,-1.0));
#13433=DIRECTION('',(-1.0,0.0,0.0));
#13434=CARTESIAN_POINT('',(2.8,-1.225,-1.95));
#13435=DIRECTION('',(0.0,-1.0,0.0));
#13436=DIRECTION('',(1.0,0.0,0.0));
#13437=DIRECTION('',(-1.0,0.0,0.0));
#13438=CARTESIAN_POINT('',(2.125,-1.225,-1.95));
#13439=DIRECTION('',(0.0,-1.0,0.0));
#13440=DIRECTION('',(0.0,0.0,1.0));
#13441=DIRECTION('',(0.0,0.0,-1.0));
#13442=CARTESIAN_POINT('',(-2.125,-1.225,-1.95));
#13443=DIRECTION('',(0.0,-1.0,0.0));
#13444=DIRECTION('',(1.0,0.0,0.0));
#13445=DIRECTION('',(-1.0,0.0,0.0));
#13446=CARTESIAN_POINT('',(-2.8,-1.225,-1.95));
#13447=DIRECTION('',(0.0,-1.0,0.0));
#13448=DIRECTION('',(0.0,0.0,1.0));
#13449=DIRECTION('',(0.0,0.0,-1.0));
#13450=DIRECTION('',(-1.0,0.0,0.0));
#13451=DIRECTION('',(0.0,0.0,1.0));
#13452=DIRECTION('',(0.0,0.0,-1.0));
#13453=DIRECTION('',(0.0,1.0,0.0));
#13454=DIRECTION('',(0.0,0.0,-1.0));
#13455=DIRECTION('',(4.440892098502E-14,1.0,0.0));
#13456=DIRECTION('',(-1.0,0.0,0.0));
#13457=DIRECTION('',(-1.0,0.0,0.0));
#13458=DIRECTION('',(0.866025403784429,0.500000000000017,0.0));
#13459=DIRECTION('',(-1.0,0.0,0.0));
#13460=DIRECTION('',(0.707106781186548,0.707106781186548,0.0));
#13461=CARTESIAN_POINT('',(2.594375541595,-0.67,-2.35));
#13462=DIRECTION('',(0.0,0.0,1.0));
#13463=DIRECTION('',(0.0,-1.0,0.0));
#13464=DIRECTION('',(-1.0,0.0,0.0));
#13465=DIRECTION('',(4.440892098502E-14,-1.0,0.0));
#13466=CARTESIAN_POINT('',(-2.594375541595,-0.67,-2.35));
#13467=DIRECTION('',(0.0,0.0,1.0));
#13468=DIRECTION('',(-0.707106781186598,-0.707106781186498,0.0));
#13469=DIRECTION('',(-0.707106781186548,0.707106781186548,0.0));
#13470=DIRECTION('',(0.0,1.0,0.0));
#13471=DIRECTION('',(-1.0,0.0,0.0));
#13472=DIRECTION('',(0.0,0.0,-1.0));
#13473=DIRECTION('',(0.707106781186548,0.0,0.707106781186548));
#13474=DIRECTION('',(0.0,0.0,1.0));
#13475=DIRECTION('',(0.0,0.0,1.0));
#13476=DIRECTION('',(-1.0,0.0,0.0));
#13477=DIRECTION('',(-1.0,0.0,0.0));
#13478=DIRECTION('',(0.0,0.0,1.0));
#13479=DIRECTION('',(0.0,0.0,1.0));
#13480=DIRECTION('',(0.0,0.0,1.0));
#13481=DIRECTION('',(0.0,0.0,1.0));
#13482=DIRECTION('',(0.0,0.0,1.0));
#13483=DIRECTION('',(0.0,0.0,1.0));
#13484=DIRECTION('',(0.0,1.0,0.0));
#13485=DIRECTION('',(0.0,0.0,1.0));
#13486=DIRECTION('',(-1.0,0.0,0.0));
#13487=DIRECTION('',(0.0,-1.0,0.0));
#13488=DIRECTION('',(-1.0,0.0,0.0));
#13489=DIRECTION('',(0.0,0.0,1.0));
#13490=DIRECTION('',(0.0,0.0,1.0));
#13491=DIRECTION('',(0.0,0.0,1.0));
#13492=DIRECTION('',(0.0,0.0,1.0));
#13493=DIRECTION('',(0.0,0.0,1.0));
#13494=DIRECTION('',(0.0,-1.0,0.0));
#13495=DIRECTION('',(0.0,-1.0,0.0));
#13496=CARTESIAN_POINT('',(0.41,0.925,-1.38));
#13497=DIRECTION('',(1.0,0.0,-0.0));
#13498=DIRECTION('',(0.0,0.0,1.0));
#13499=DIRECTION('',(1.0,0.0,0.0));
#13500=CARTESIAN_POINT('',(0.41,0.925,-1.38));
#13501=DIRECTION('',(1.0,0.0,0.0));
#13502=DIRECTION('',(0.0,-0.759934207678519,0.650000000000016));
#13503=CARTESIAN_POINT('',(-0.41,0.925,-1.38));
#13504=DIRECTION('',(1.0,0.0,0.0));
#13505=DIRECTION('',(0.0,-0.759934207678519,0.650000000000016));
#13506=DIRECTION('',(0.0,0.0,1.0));
#13507=DIRECTION('',(0.0,-1.0,0.0));
#13508=CARTESIAN_POINT('',(-0.41,1.025,-1.2));
#13509=DIRECTION('',(1.0,0.0,0.0));
#13510=DIRECTION('',(0.0,0.0,-1.0));
#13511=DIRECTION('',(0.0,-1.0,0.0));
#13512=DIRECTION('',(0.0,0.0,1.0));
#13513=CARTESIAN_POINT('',(0.41,1.025,-1.2));
#13514=DIRECTION('',(1.0,0.0,0.0));
#13515=DIRECTION('',(0.0,0.0,-1.0));
#13516=DIRECTION('',(1.0,0.0,0.0));
#13517=DIRECTION('',(0.0,0.0,1.0));
#13518=CARTESIAN_POINT('',(0.16,1.025,-1.5));
#13519=DIRECTION('',(-0.0,1.0,0.0));
#13520=DIRECTION('',(1.0,0.0,0.0));
#13521=DIRECTION('',(-1.0,0.0,0.0));
#13522=CARTESIAN_POINT('',(-0.16,1.025,-1.5));
#13523=DIRECTION('',(0.0,1.0,0.0));
#13524=DIRECTION('',(0.0,0.0,-1.0));
#13525=DIRECTION('',(0.0,-1.0,0.0));
#13526=CARTESIAN_POINT('',(-0.16,0.725,-1.5));
#13527=DIRECTION('',(0.0,1.0,0.0));
#13528=DIRECTION('',(0.0,0.0,-1.0));
#13529=DIRECTION('',(0.0,-1.0,0.0));
#13530=DIRECTION('',(-1.0,0.0,0.0));
#13531=CARTESIAN_POINT('',(0.16,0.725,-1.5));
#13532=DIRECTION('',(-0.0,1.0,0.0));
#13533=DIRECTION('',(1.0,0.0,0.0));
#13534=DIRECTION('',(0.0,0.0,1.0));
#13535=DIRECTION('',(0.0,-1.0,0.0));
#13536=DIRECTION('',(0.0,-1.0,0.0));
#13537=DIRECTION('',(0.0,-1.0,0.0));
#13538=DIRECTION('',(0.0,-1.0,0.0));
#13539=DIRECTION('',(0.0,0.0,-1.0));
#13540=DIRECTION('',(0.0,0.0,-1.0));
#13541=DIRECTION('',(0.0,0.0,-1.0));
#13542=CARTESIAN_POINT('',(-3.0,-0.925,-2.35));
#13543=DIRECTION('',(-1.0,0.0,0.0));
#13544=DIRECTION('',(0.0,0.0,-1.0));
#13545=DIRECTION('',(0.0,1.0,0.0));
#13546=DIRECTION('',(0.0,0.0,-1.0));
#13547=CARTESIAN_POINT('',(2.125,-0.925,-1.95));
#13548=DIRECTION('',(0.0,-1.0,0.0));
#13549=DIRECTION('',(0.0,0.0,1.0));
#13550=DIRECTION('',(-1.0,0.0,0.0));
#13551=CARTESIAN_POINT('',(2.8,-0.925,-1.95));
#13552=DIRECTION('',(0.0,-1.0,0.0));
#13553=DIRECTION('',(1.0,0.0,0.0));
#13554=CARTESIAN_POINT('',(-2.8,-0.925,-1.95));
#13555=DIRECTION('',(0.0,-1.0,0.0));
#13556=DIRECTION('',(0.0,0.0,1.0));
#13557=DIRECTION('',(-1.0,0.0,0.0));
#13558=CARTESIAN_POINT('',(-2.125,-0.925,-1.95));
#13559=DIRECTION('',(0.0,-1.0,0.0));
#13560=DIRECTION('',(1.0,0.0,0.0));
#13561=DIRECTION('',(0.0,0.0,1.0));
#13562=DIRECTION('',(0.0,1.0,0.0));
#13563=DIRECTION('',(0.0,1.0,0.0));
#13564=DIRECTION('',(0.0,0.0,-1.0));
#13565=DIRECTION('',(0.0,1.0,0.0));
#13566=CARTESIAN_POINT('',(-1.925,-0.925,-2.35));
#13567=DIRECTION('',(1.0,0.0,0.0));
#13568=DIRECTION('',(0.0,-1.0,0.0));
#13569=DIRECTION('',(0.0,1.0,0.0));
#13570=DIRECTION('',(0.0,1.0,0.0));
#13571=DIRECTION('',(0.0,0.0,1.0));
#13572=DIRECTION('',(1.0,0.0,0.0));
#13573=DIRECTION('',(0.0,0.0,1.0));
#13574=DIRECTION('',(0.0,1.0,0.0));
#13575=DIRECTION('',(0.0,0.0,-1.0));
#13576=CARTESIAN_POINT('',(-1.425,-1.155,-1.999078980754));
#13577=DIRECTION('',(1.0,0.0,0.0));
#13578=DIRECTION('',(0.0,-0.258819045102493,0.965925826289076));
#13579=DIRECTION('',(0.0,-0.965925826289076,-0.258819045102493));
#13580=DIRECTION('',(1.0,0.0,0.0));
#13581=DIRECTION('',(0.0,-0.965925826289076,-0.258819045102493));
#13582=DIRECTION('',(0.0,0.965925826289076,0.258819045102493));
#13583=CARTESIAN_POINT('',(-1.175,-1.155,-1.999078980754));
#13584=DIRECTION('',(1.0,0.0,0.0));
#13585=DIRECTION('',(0.0,-0.258819045102493,0.965925826289076));
#13586=DIRECTION('',(0.0,0.0,-1.0));
#13587=DIRECTION('',(0.0,1.0,0.0));
#13588=DIRECTION('',(1.0,0.0,0.0));
#13589=DIRECTION('',(1.0,0.0,0.0));
#13590=DIRECTION('',(0.0,0.0,1.0));
#13591=DIRECTION('',(1.0,0.0,0.0));
#13592=DIRECTION('',(0.0,0.0,1.0));
#13593=DIRECTION('',(0.0,1.0,0.0));
#13594=DIRECTION('',(0.0,0.0,-1.0));
#13595=CARTESIAN_POINT('',(-0.775,-1.155,-1.999078980754));
#13596=DIRECTION('',(1.0,0.0,0.0));
#13597=DIRECTION('',(0.0,-0.258819045102493,0.965925826289076));
#13598=DIRECTION('',(0.0,-0.965925826289076,-0.258819045102493));
#13599=DIRECTION('',(0.0,0.965925826289076,0.258819045102493));
#13600=DIRECTION('',(1.0,0.0,0.0));
#13601=DIRECTION('',(0.0,-0.965925826289076,-0.258819045102493));
#13602=DIRECTION('',(0.0,0.965925826289076,0.258819045102493));
#13603=CARTESIAN_POINT('',(-0.525,-1.155,-1.999078980754));
#13604=DIRECTION('',(1.0,0.0,0.0));
#13605=DIRECTION('',(0.0,-0.258819045102493,0.965925826289076));
#13606=DIRECTION('',(0.0,0.0,-1.0));
#13607=DIRECTION('',(0.0,1.0,0.0));
#13608=DIRECTION('',(1.0,0.0,0.0));
#13609=DIRECTION('',(1.0,0.0,0.0));
#13610=DIRECTION('',(0.0,0.0,1.0));
#13611=DIRECTION('',(1.0,0.0,0.0));
#13612=DIRECTION('',(0.0,0.0,1.0));
#13613=DIRECTION('',(0.0,1.0,0.0));
#13614=DIRECTION('',(0.0,0.0,-1.0));
#13615=CARTESIAN_POINT('',(-0.125,-1.155,-1.999078980754));
#13616=DIRECTION('',(1.0,0.0,0.0));
#13617=DIRECTION('',(0.0,-0.258819045102493,0.965925826289076));
#13618=DIRECTION('',(0.0,-0.965925826289076,-0.258819045102493));
#13619=DIRECTION('',(0.0,0.965925826289076,0.258819045102493));
#13620=DIRECTION('',(1.0,0.0,0.0));
#13621=DIRECTION('',(0.0,-0.965925826289076,-0.258819045102493));
#13622=DIRECTION('',(0.0,0.965925826289076,0.258819045102493));
#13623=CARTESIAN_POINT('',(0.125,-1.155,-1.999078980754));
#13624=DIRECTION('',(1.0,0.0,0.0));
#13625=DIRECTION('',(0.0,-0.258819045102493,0.965925826289076));
#13626=DIRECTION('',(0.0,0.0,-1.0));
#13627=DIRECTION('',(0.0,1.0,0.0));
#13628=DIRECTION('',(1.0,0.0,0.0));
#13629=DIRECTION('',(1.0,0.0,0.0));
#13630=DIRECTION('',(0.0,0.0,1.0));
#13631=DIRECTION('',(1.0,0.0,0.0));
#13632=DIRECTION('',(0.0,0.0,1.0));
#13633=DIRECTION('',(0.0,1.0,0.0));
#13634=DIRECTION('',(0.0,0.0,-1.0));
#13635=CARTESIAN_POINT('',(0.525,-1.155,-1.999078980754));
#13636=DIRECTION('',(1.0,0.0,0.0));
#13637=DIRECTION('',(0.0,-0.258819045102493,0.965925826289076));
#13638=DIRECTION('',(0.0,-0.965925826289076,-0.258819045102493));
#13639=DIRECTION('',(0.0,0.965925826289076,0.258819045102493));
#13640=DIRECTION('',(1.0,0.0,0.0));
#13641=DIRECTION('',(0.0,-0.965925826289076,-0.258819045102493));
#13642=DIRECTION('',(0.0,0.965925826289076,0.258819045102493));
#13643=CARTESIAN_POINT('',(0.775,-1.155,-1.999078980754));
#13644=DIRECTION('',(1.0,0.0,0.0));
#13645=DIRECTION('',(0.0,-0.258819045102493,0.965925826289076));
#13646=DIRECTION('',(0.0,0.0,-1.0));
#13647=DIRECTION('',(0.0,1.0,0.0));
#13648=DIRECTION('',(1.0,0.0,0.0));
#13649=DIRECTION('',(1.0,0.0,0.0));
#13650=DIRECTION('',(0.0,0.0,1.0));
#13651=DIRECTION('',(1.0,0.0,0.0));
#13652=DIRECTION('',(0.0,0.0,1.0));
#13653=DIRECTION('',(0.0,1.0,0.0));
#13654=DIRECTION('',(0.0,0.0,-1.0));
#13655=CARTESIAN_POINT('',(1.175,-1.155,-1.999078980754));
#13656=DIRECTION('',(1.0,0.0,0.0));
#13657=DIRECTION('',(0.0,-0.258819045102493,0.965925826289076));
#13658=DIRECTION('',(0.0,-0.965925826289076,-0.258819045102493));
#13659=DIRECTION('',(1.0,0.0,0.0));
#13660=DIRECTION('',(0.0,-0.965925826289076,-0.258819045102493));
#13661=DIRECTION('',(0.0,0.965925826289076,0.258819045102493));
#13662=CARTESIAN_POINT('',(1.425,-1.155,-1.999078980754));
#13663=DIRECTION('',(1.0,0.0,0.0));
#13664=DIRECTION('',(0.0,-0.258819045102493,0.965925826289076));
#13665=DIRECTION('',(0.0,0.0,-1.0));
#13666=DIRECTION('',(0.0,1.0,0.0));
#13667=DIRECTION('',(1.0,0.0,0.0));
#13668=DIRECTION('',(1.0,0.0,0.0));
#13669=DIRECTION('',(1.0,0.0,0.0));
#13670=DIRECTION('',(1.0,0.0,0.0));
#13671=DIRECTION('',(1.0,0.0,0.0));
#13672=DIRECTION('',(1.0,0.0,0.0));
#13673=DIRECTION('',(0.0,0.0,1.0));
#13674=DIRECTION('',(0.0,0.0,1.0));
#13675=DIRECTION('',(0.707106781186548,0.707106781186548,0.0));
#13676=DIRECTION('',(0.0,0.0,1.0));
#13677=CARTESIAN_POINT('',(2.596446609407,-0.675,-0.56));
#13678=DIRECTION('',(0.0,0.0,1.0));
#13679=DIRECTION('',(0.0,-1.0,0.0));
#13680=DIRECTION('',(0.0,1.0,0.0));
#13681=DIRECTION('',(0.0,1.0,0.0));
#13682=DIRECTION('',(0.0,1.0,0.0));
#13683=DIRECTION('',(0.0,-1.0,0.0));
#13684=DIRECTION('',(0.0,-1.0,0.0));
#13685=DIRECTION('',(0.0,1.0,0.0));
#13686=DIRECTION('',(0.0,1.0,0.0));
#13687=DIRECTION('',(0.0,1.0,0.0));
#13688=DIRECTION('',(0.0,1.0,0.0));
#13689=DIRECTION('',(0.0,1.0,0.0));
#13690=DIRECTION('',(0.0,1.0,0.0));
#13691=DIRECTION('',(0.0,1.0,0.0));
#13692=DIRECTION('',(0.0,1.0,0.0));
#13693=DIRECTION('',(0.0,-1.0,0.0));
#13694=DIRECTION('',(0.0,1.0,0.0));
#13695=DIRECTION('',(0.0,-1.0,0.0));
#13696=DIRECTION('',(0.0,1.0,0.0));
#13697=DIRECTION('',(0.0,1.0,0.0));
#13698=DIRECTION('',(0.0,1.0,0.0));
#13699=DIRECTION('',(0.0,1.0,0.0));
#13700=DIRECTION('',(0.0,1.0,0.0));
#13701=DIRECTION('',(0.0,1.0,0.0));
#13702=DIRECTION('',(-0.573576436351011,0.819152044289016,0.0));
#13703=CARTESIAN_POINT('',(1.811240974769,0.9570729309053,-2.05));
#13704=DIRECTION('',(-0.573576436351011,0.819152044289016,0.0));
#13705=DIRECTION('',(0.0,0.0,-1.0));
#13706=DIRECTION('',(0.0,0.0,1.0));
#13707=DIRECTION('',(0.0,0.0,1.0));
#13708=DIRECTION('',(0.0,-1.0,0.0));
#13709=DIRECTION('',(-1.0,0.0,0.0));
#13710=CARTESIAN_POINT('',(3.0,1.313674285394,2.420762596622));
#13711=DIRECTION('',(0.0,0.623744157346272,-0.781628573029665));
#13712=DIRECTION('',(0.0,0.781628573029665,0.623744157346272));
#13713=DIRECTION('',(0.0,-0.781628573029665,-0.623744157346272));
#13714=DIRECTION('',(0.0,-0.781628573029665,-0.623744157346272));
#13715=CARTESIAN_POINT('',(-3.0,1.313674285394,2.420762596622));
#13716=DIRECTION('',(0.0,0.623744157346272,-0.781628573029665));
#13717=DIRECTION('',(-1.0,0.0,0.0));
#13718=DIRECTION('',(0.0,0.623744157346272,-0.781628573029665));
#13719=CARTESIAN_POINT('',(-3.0,1.12655103819,2.655251168531));
#13720=DIRECTION('',(0.0,-0.623744157346272,0.781628573029665));
#13721=DIRECTION('',(0.0,0.781628573029665,0.623744157346272));
#13722=DIRECTION('',(0.0,0.623744157346272,-0.781628573029665));
#13723=DIRECTION('',(-1.0,0.0,0.0));
#13724=DIRECTION('',(0.0,-0.623744157346272,0.781628573029665));
#13725=DIRECTION('',(0.0,-0.623744157346272,0.781628573029665));
#13726=CARTESIAN_POINT('',(3.0,1.12655103819,2.655251168531));
#13727=DIRECTION('',(0.0,-0.623744157346272,0.781628573029665));
#13728=DIRECTION('',(1.0,0.0,0.0));
#13729=DIRECTION('',(0.0,0.781628573029664,0.623744157346272));
#13730=DIRECTION('',(-1.0,0.0,0.0));
#13731=DIRECTION('',(0.0,0.781628573029664,0.623744157346272));
#13732=CARTESIAN_POINT('',(3.2,1.215,2.354813742174));
#13733=DIRECTION('',(-1.0,0.0,0.0));
#13734=DIRECTION('',(0.0,-1.0,0.0));
#13735=CARTESIAN_POINT('',(-3.2,1.215,2.354813742174));
#13736=DIRECTION('',(-1.0,0.0,0.0));
#13737=DIRECTION('',(0.0,-1.0,0.0));
#13738=DIRECTION('',(0.0,-1.011116967931E-10,1.0));
#13739=CARTESIAN_POINT('',(1.55,0.445,1.35));
#13740=DIRECTION('',(0.0,0.0,1.0));
#13741=DIRECTION('',(1.0,0.0,0.0));
#13742=CARTESIAN_POINT('',(1.55,0.445,1.35));
#13743=DIRECTION('',(0.0,1.0,0.0));
#13744=DIRECTION('',(0.0,0.0,1.0));
#13745=CARTESIAN_POINT('',(1.55,0.245,1.35));
#13746=DIRECTION('',(0.0,1.0,0.0));
#13747=DIRECTION('',(0.0,0.0,1.0));
#13748=DIRECTION('',(0.0,1.0,0.0));
#13749=DIRECTION('',(0.0,3.625435507359E-11,1.0));
#13750=CARTESIAN_POINT('',(1.55,0.245,1.35));
#13751=DIRECTION('',(0.0,0.0,1.0));
#13752=DIRECTION('',(0.0,-1.0,0.0));
#13753=DIRECTION('',(0.0,0.0,1.0));
#13754=DIRECTION('',(0.0,0.0,1.0));
#13755=CARTESIAN_POINT('',(-0.835,0.265,1.05));
#13756=DIRECTION('',(1.0,0.0,-0.0));
#13757=DIRECTION('',(0.0,0.0,1.0));
#13758=DIRECTION('',(1.0,0.0,0.0));
#13759=CARTESIAN_POINT('',(-0.465,0.265,1.05));
#13760=DIRECTION('',(1.0,0.0,-0.0));
#13761=DIRECTION('',(0.0,0.0,1.0));
#13762=DIRECTION('',(1.0,0.0,0.0));
#13763=DIRECTION('',(0.0,0.0,1.0));
#13764=DIRECTION('',(0.0,0.0,1.0));
#13765=DIRECTION('',(0.0,0.0,1.0));
#13766=DIRECTION('',(0.0,0.0,1.0));
#13767=CARTESIAN_POINT('',(-0.185,0.265,1.05));
#13768=DIRECTION('',(1.0,0.0,-0.0));
#13769=DIRECTION('',(0.0,0.0,1.0));
#13770=DIRECTION('',(1.0,0.0,0.0));
#13771=CARTESIAN_POINT('',(0.185,0.265,1.05));
#13772=DIRECTION('',(1.0,0.0,-0.0));
#13773=DIRECTION('',(0.0,0.0,1.0));
#13774=DIRECTION('',(1.0,0.0,0.0));
#13775=DIRECTION('',(0.0,0.0,1.0));
#13776=DIRECTION('',(0.0,0.0,1.0));
#13777=DIRECTION('',(0.0,0.0,1.0));
#13778=DIRECTION('',(0.0,0.0,1.0));
#13779=CARTESIAN_POINT('',(0.465,0.265,1.05));
#13780=DIRECTION('',(1.0,0.0,-0.0));
#13781=DIRECTION('',(0.0,0.0,1.0));
#13782=DIRECTION('',(1.0,0.0,0.0));
#13783=CARTESIAN_POINT('',(0.835,0.265,1.05));
#13784=DIRECTION('',(1.0,0.0,-0.0));
#13785=DIRECTION('',(0.0,0.0,1.0));
#13786=DIRECTION('',(1.0,0.0,0.0));
#13787=DIRECTION('',(0.0,0.0,1.0));
#13788=DIRECTION('',(0.0,0.0,1.0));
#13789=DIRECTION('',(0.0,1.0,0.0));
#13790=CARTESIAN_POINT('',(3.836077234426,0.225,2.421413924332));
#13791=DIRECTION('',(0.638509636539807,0.0,-0.769613827868109));
#13792=DIRECTION('',(0.769613827868109,0.0,0.638509636539807));
#13793=CARTESIAN_POINT('',(3.836077234426,0.425,2.421413924332));
#13794=DIRECTION('',(0.638509636539807,0.0,-0.769613827868109));
#13795=DIRECTION('',(0.0,1.0,0.0));
#13796=CARTESIAN_POINT('',(3.644524343464,0.425,2.652298072692));
#13797=DIRECTION('',(-0.638509636539807,0.0,0.769613827868109));
#13798=DIRECTION('',(0.769613827868109,0.0,0.638509636539807));
#13799=DIRECTION('',(0.638509636539807,0.0,-0.769613827868109));
#13800=DIRECTION('',(0.0,1.0,0.0));
#13801=DIRECTION('',(-0.638509636539807,0.0,0.769613827868109));
#13802=CARTESIAN_POINT('',(3.644524343464,0.225,2.652298072692));
#13803=DIRECTION('',(-0.638509636539807,0.0,0.769613827868109));
#13804=DIRECTION('',(0.0,-1.0,0.0));
#13805=DIRECTION('',(0.0,1.0,0.0));
ENDSEC;
END-ISO-10303-21;
